4.0,2.544,nan,nan,nan,nan,nan,nan,nan,nan,nan,nan,nan,nan,nan,nan,nan,nan,nan,nan,nan,-1.5219999999999998,nan,nan,nan,nan,nan,nan,-0.13894,nan,nan,nan,nan,nan,nan,nan,1.5275,nan,nan,nan,nan,nan,0.0042225000000000006,nan,nan,nan,nan,-1.2423,nan,nan,nan,nan,nan,-1.253,nan,nan,-0.24655,nan,nan,nan,nan,nan,nan,nan,nan,nan,nan,-0.11260999999999999,0.14037,nan,nan,nan,nan,nan,nan,nan,nan,nan,nan,nan,0.23244,nan,nan,nan,nan,nan,nan,nan,nan,0.23258,nan,-0.39216,nan,nan,-1.351,nan,nan,nan,-1.4274,nan,-0.93419,nan,nan,-0.18259,nan,nan,nan,nan,1.0856,nan,nan,nan,nan,0.79372,nan,nan,0.015499,nan,nan,nan,nan,nan,nan,nan,nan,nan,nan,nan,nan,nan,nan,nan,nan,nan,nan,nan,0.67356,0.9030799999999999,nan,nan,nan,nan,nan,nan,nan
1.0,2.4839,nan,2.0675,nan,nan,1.5084,nan,1.0903,nan,0.6723,nan,nan,nan,-0.15619,nan,nan,nan,nan,-0.9746,-1.1282,nan,nan,nan,nan,nan,nan,nan,nan,nan,nan,nan,nan,-1.3337,nan,nan,nan,nan,nan,nan,nan,-0.054255,nan,nan,nan,nan,nan,0.925,nan,nan,nan,nan,nan,nan,nan,nan,nan,-0.1631,nan,nan,nan,nan,nan,nan,-0.44013,nan,nan,nan,nan,nan,nan,nan,nan,nan,nan,nan,nan,nan,nan,nan,nan,0.1324,nan,-0.27856,nan,nan,-0.5212,nan,nan,nan,nan,nan,nan,nan,nan,nan,nan,nan,nan,0.8605299999999999,nan,nan,nan,nan,0.061689,nan,-0.31681,nan,nan,nan,nan,nan,nan,nan,nan,nan,nan,-1.1451,nan,nan,-1.4085,nan,nan,nan,nan,nan,-0.96014,nan,nan,nan,-0.20526999999999998,nan,nan,nan,nan,0.71339,nan,nan,nan,1.5322,nan,nan,nan,2.3612,nan
4.0,2.6033,nan,nan,1.8256,nan,nan,nan,nan,nan,nan,nan,nan,nan,nan,nan,nan,nan,nan,nan,nan,nan,-1.5398,nan,nan,nan,nan,nan,nan,nan,nan,nan,0.72739,nan,nan,nan,nan,nan,nan,0.72411,nan,nan,-0.026501,nan,nan,nan,-1.011,nan,nan,-1.724,nan,nan,nan,nan,nan,nan,-0.5804600000000001,nan,nan,nan,0.12946,nan,0.34162,nan,nan,nan,nan,nan,nan,nan,nan,-0.25551,nan,0.14595999999999998,nan,nan,-0.081247,nan,nan,nan,nan,nan,nan,nan,nan,nan,nan,nan,nan,nan,nan,nan,nan,nan,nan,nan,-1.1503,nan,nan,nan,nan,nan,nan,nan,nan,nan,nan,nan,nan,nan,nan,nan,nan,nan,nan,0.63477,nan,0.12493,nan,nan,-0.59859,nan,-1.0367,nan,nan,nan,-0.92716,nan,-0.63539,nan,nan,nan,nan,nan,nan,nan,nan,nan,nan,nan,nan,nan,nan,2.4053,nan
6.0,2.7573,nan,nan,nan,nan,nan,nan,nan,nan,0.89149,nan,0.48283999999999994,nan,nan,nan,nan,nan,nan,nan,nan,-1.1813,nan,nan,nan,nan,nan,nan,nan,nan,nan,nan,nan,-0.51602,-0.30551999999999996,nan,0.04362,nan,nan,nan,nan,nan,-0.09763200000000001,nan,nan,nan,nan,nan,nan,nan,nan,nan,-0.14668,nan,nan,nan,nan,nan,0.76422,nan,nan,0.65765,nan,nan,nan,0.27132,nan,nan,nan,nan,nan,nan,nan,nan,nan,nan,nan,nan,nan,nan,nan,nan,nan,nan,nan,nan,nan,nan,nan,nan,nan,nan,nan,nan,nan,-0.54122,-0.68193,-0.79595,nan,-0.5606300000000001,nan,-0.29259,-0.14690999999999999,nan,nan,nan,nan,nan,nan,nan,nan,nan,nan,nan,nan,-1.2775,nan,nan,nan,nan,-1.5143,-1.4652,nan,nan,-1.0089,nan,nan,nan,nan,nan,nan,nan,nan,nan,nan,nan,nan,nan,nan,nan,1.9739,nan,nan,nan,nan
5.0,0.91606,nan,nan,nan,nan,nan,nan,-0.4096,nan,nan,nan,nan,nan,nan,nan,nan,nan,nan,nan,nan,nan,nan,-0.42518,nan,nan,nan,nan,0.017601,nan,nan,nan,nan,nan,nan,nan,-0.34359,nan,nan,nan,-0.68493,-0.7186600000000001,nan,nan,nan,nan,nan,-0.33631,nan,0.040873,0.22369,nan,nan,nan,nan,nan,nan,nan,nan,1.7643,nan,nan,nan,nan,nan,2.4548,2.2121,nan,nan,1.5091,1.2878,nan,nan,nan,nan,nan,nan,nan,nan,nan,nan,nan,-0.7119300000000001,nan,nan,nan,nan,nan,nan,nan,-0.36019,-0.25139,nan,nan,nan,nan,-0.11324000000000001,nan,nan,nan,nan,nan,nan,nan,nan,nan,nan,nan,-1.6086,nan,nan,nan,nan,-1.5052,-1.3377,nan,-0.9717399999999999,nan,nan,nan,nan,-0.054443,nan,nan,nan,nan,nan,nan,nan,0.57648,nan,nan,nan,nan,0.98774,nan,nan,nan,nan,nan,nan,0.65864,nan,nan,nan
2.0,2.6561,nan,nan,1.8497,nan,nan,nan,nan,nan,nan,nan,nan,0.22509,nan,nan,nan,nan,nan,nan,nan,nan,-1.5841,-1.6671,-1.7011,nan,nan,nan,nan,nan,nan,-1.3969999999999998,nan,-1.0158,nan,-0.6534399999999999,nan,-0.65089,nan,nan,nan,0.041223,nan,nan,nan,0.55916,nan,nan,nan,nan,nan,nan,nan,nan,nan,nan,0.40424,nan,-0.006732899999999999,nan,nan,nan,nan,nan,nan,nan,-0.81912,nan,nan,nan,nan,nan,nan,0.29885,nan,0.84499,nan,nan,nan,nan,nan,nan,nan,nan,-0.23834,nan,-0.71849,nan,nan,nan,-0.6029899999999999,nan,-0.27794,-0.057522000000000004,nan,nan,0.55758,nan,0.3768,nan,nan,nan,0.8929799999999999,nan,nan,nan,nan,nan,nan,nan,nan,-0.43478999999999995,nan,nan,nan,nan,nan,nan,nan,nan,nan,nan,nan,nan,nan,nan,nan,nan,nan,nan,-0.045449,nan,nan,nan,nan,0.63666,nan,nan,nan,nan,nan,nan,nan,nan,nan
6.0,2.7168,nan,nan,nan,1.9136,nan,nan,nan,nan,nan,nan,nan,0.337,0.17465999999999998,nan,-0.14056,-0.2968,nan,nan,-0.85085,-1.0290000000000001,nan,nan,nan,nan,nan,nan,nan,nan,nan,nan,nan,nan,nan,-0.62926,nan,nan,nan,nan,nan,nan,nan,nan,nan,nan,nan,nan,nan,nan,nan,nan,nan,nan,nan,nan,nan,0.55899,nan,nan,nan,nan,nan,0.63626,nan,nan,nan,nan,nan,nan,-0.45618000000000003,nan,nan,-0.62346,nan,nan,nan,nan,nan,-0.3551,nan,nan,nan,nan,0.62517,nan,nan,nan,nan,nan,nan,nan,0.43316000000000004,nan,nan,nan,-0.44372,nan,nan,-0.58512,nan,nan,nan,nan,0.13172,0.22918000000000002,nan,nan,nan,nan,-0.18324000000000001,nan,-0.60564,nan,nan,nan,nan,nan,nan,nan,nan,nan,nan,nan,nan,nan,-0.711,nan,nan,nan,nan,nan,nan,nan,nan,nan,nan,nan,nan,1.7672,nan,nan,nan,nan,2.7148
6.0,2.6823,nan,nan,2.0925,1.8907,nan,nan,1.2872,nan,nan,nan,0.48931,nan,nan,nan,nan,nan,nan,-0.74903,nan,-1.0991,-1.281,nan,-1.5912,-1.6282,-1.6418,-1.6039,nan,nan,nan,nan,nan,nan,-0.6271399999999999,nan,-0.20275,nan,nan,nan,nan,nan,nan,-0.007034899999999999,nan,nan,nan,nan,nan,nan,nan,-0.7352,nan,nan,nan,nan,nan,nan,nan,nan,nan,0.69003,nan,nan,nan,nan,nan,nan,nan,-0.16810999999999998,nan,-0.49723999999999996,nan,nan,nan,-0.50697,nan,nan,nan,nan,nan,nan,nan,nan,nan,nan,nan,nan,nan,nan,0.56613,nan,nan,nan,-0.30398000000000003,nan,nan,nan,nan,nan,nan,nan,nan,nan,nan,nan,nan,-0.019605,nan,-0.36791,nan,nan,nan,nan,nan,nan,nan,-1.5199,nan,nan,-1.5461,nan,nan,nan,nan,nan,nan,-0.42086,nan,nan,nan,nan,0.38952,nan,nan,nan,1.1572,nan,nan,nan,nan,nan,nan,nan,nan
1.0,2.4838,2.2688,2.0626,nan,nan,nan,nan,nan,nan,nan,nan,nan,0.090741,nan,nan,nan,nan,nan,nan,nan,nan,-1.2435,-1.314,nan,nan,nan,nan,-0.88602,nan,-1.0523,nan,nan,nan,nan,nan,-0.9475299999999999,nan,nan,-0.40026999999999996,nan,nan,nan,nan,0.49745,nan,nan,nan,nan,nan,0.35685,nan,nan,nan,-0.13976,nan,nan,nan,nan,-0.5503,-0.44531000000000004,nan,-0.09854700000000001,nan,nan,nan,nan,nan,nan,nan,0.84657,0.99092,nan,nan,nan,nan,nan,nan,nan,nan,nan,nan,nan,nan,nan,-0.37725,nan,nan,nan,-0.51267,nan,nan,nan,-0.18818,nan,nan,nan,nan,nan,nan,nan,nan,nan,-0.4116,nan,-0.70217,nan,-0.9753,nan,-1.2046,nan,nan,-1.4228,nan,nan,nan,nan,nan,nan,nan,nan,nan,-1.2198,nan,nan,nan,nan,nan,-0.31305,nan,nan,0.1831,nan,nan,0.74745,nan,nan,nan,nan,nan,nan,nan,nan,nan,nan
2.0,2.5467,nan,nan,nan,nan,nan,nan,nan,0.67847,nan,nan,nan,0.088628,nan,nan,-0.27635,nan,-0.7437199999999999,nan,nan,-0.68618,nan,-1.1079999999999999,nan,nan,nan,nan,nan,nan,-1.1157,nan,-1.1805,nan,nan,nan,nan,nan,nan,nan,nan,nan,nan,nan,0.26039,nan,nan,nan,0.68966,0.79805,nan,nan,0.33329000000000003,nan,nan,nan,nan,nan,nan,nan,nan,-0.8556299999999999,nan,nan,nan,nan,nan,0.13622,nan,nan,nan,1.1177,nan,nan,nan,nan,nan,nan,1.2735,nan,nan,nan,nan,nan,nan,-0.48151000000000005,nan,nan,nan,nan,nan,nan,nan,0.16004000000000002,nan,nan,0.08318400000000001,0.022216,nan,0.35641999999999996,nan,0.42791999999999997,0.30285,nan,nan,nan,nan,nan,-0.39659,nan,nan,nan,nan,nan,nan,nan,nan,nan,nan,nan,nan,-1.5727,-1.5377,nan,nan,nan,nan,nan,nan,nan,nan,nan,nan,0.3289,nan,0.66478,nan,nan,nan,nan,nan,1.9592,nan,nan,nan
6.0,2.737,nan,nan,nan,nan,nan,1.3686,nan,0.9168,nan,0.52917,nan,nan,nan,nan,nan,nan,nan,nan,nan,nan,-1.3932,nan,nan,-1.3927,nan,-1.2542,-1.143,nan,nan,nan,-0.5687,nan,nan,-0.0099851,nan,nan,nan,nan,nan,nan,nan,nan,nan,nan,nan,nan,nan,-0.7740600000000001,nan,nan,nan,nan,nan,nan,nan,nan,nan,nan,nan,nan,nan,nan,nan,0.13513,nan,nan,nan,nan,nan,nan,nan,nan,nan,-0.60031,-0.45025,-0.28244,nan,nan,0.36235,nan,nan,nan,nan,nan,nan,0.78751,0.8145,0.6533100000000001,nan,nan,nan,nan,nan,nan,nan,nan,nan,nan,nan,nan,nan,0.075362,nan,nan,nan,nan,nan,nan,nan,nan,nan,nan,nan,nan,nan,-1.4480000000000002,nan,nan,nan,nan,nan,nan,nan,nan,nan,nan,nan,nan,nan,nan,nan,nan,nan,nan,1.2458,nan,nan,1.8717,nan,nan,nan,nan,2.7477
6.0,2.673,nan,nan,2.0516,nan,nan,nan,nan,nan,0.82588,0.62389,nan,nan,nan,nan,nan,nan,nan,nan,nan,nan,nan,nan,nan,nan,nan,nan,nan,nan,nan,nan,nan,nan,-0.44847,nan,-0.031611,0.072486,nan,0.19858,nan,nan,nan,nan,nan,nan,nan,-0.6641699999999999,nan,nan,nan,nan,-0.23799,nan,nan,0.52684,nan,0.84116,nan,nan,0.7094199999999999,nan,nan,nan,0.5865100000000001,nan,nan,nan,nan,nan,nan,nan,nan,nan,nan,-0.5160899999999999,nan,nan,nan,nan,nan,nan,nan,nan,nan,nan,nan,0.72305,nan,nan,nan,nan,nan,nan,nan,nan,nan,-0.66579,nan,nan,-0.30086,nan,nan,nan,nan,nan,nan,nan,nan,-0.42941,nan,nan,nan,-1.111,nan,nan,nan,nan,nan,-1.5509,nan,nan,nan,-1.1015,nan,nan,nan,nan,-0.20931999999999998,nan,nan,0.26831,nan,nan,nan,nan,nan,1.401,nan,nan,nan,2.1998,2.3998,nan,2.674
7.0,2.8117,2.5936,2.364,2.1371,nan,1.6867,nan,1.2382,nan,nan,nan,0.44459,nan,nan,nan,-0.10167999999999999,nan,nan,nan,nan,nan,nan,nan,-1.3636,-1.2858,nan,nan,nan,nan,nan,nan,nan,-0.43666000000000005,nan,nan,nan,nan,nan,nan,nan,nan,nan,nan,nan,nan,nan,nan,nan,nan,nan,-1.1411,nan,nan,-0.4869,-0.19312,nan,nan,nan,0.84354,0.9070600000000001,nan,nan,nan,nan,0.29315,nan,nan,0.55678,nan,nan,0.34131,nan,nan,nan,nan,-0.40055,-0.35834,nan,-0.29097,-0.10035,nan,nan,nan,nan,0.6694399999999999,nan,nan,nan,nan,0.43293999999999994,nan,nan,nan,nan,nan,nan,-1.1975,nan,nan,nan,nan,-0.89613,nan,-0.48044,nan,-0.030568,nan,0.11027999999999999,nan,0.06658,-0.053316999999999996,nan,nan,nan,-0.8337100000000001,nan,nan,nan,nan,-1.2437,nan,nan,-1.1344,nan,nan,nan,nan,-0.19432,nan,nan,nan,nan,0.48168999999999995,0.7013,nan,nan,nan,nan,nan,nan,nan,2.4381,nan,nan
6.0,2.6864,nan,nan,2.0707,1.8665,nan,nan,1.2544,nan,nan,nan,nan,nan,0.11880999999999999,nan,nan,nan,nan,nan,-0.9804200000000001,nan,nan,nan,-1.5745,-1.6266,-1.6166,-1.5894,nan,nan,nan,-1.138,nan,nan,nan,-0.40857,nan,nan,nan,nan,nan,nan,0.19994,nan,nan,nan,nan,nan,nan,nan,-0.81402,nan,-0.63153,-0.3737,nan,0.16679000000000002,nan,nan,nan,nan,nan,nan,nan,nan,0.68808,nan,nan,nan,nan,nan,nan,nan,nan,nan,nan,-0.48528000000000004,nan,nan,nan,nan,nan,0.17449,0.37604,nan,nan,nan,nan,nan,nan,nan,nan,nan,0.35215,nan,nan,nan,nan,nan,nan,-0.51641,nan,nan,nan,nan,nan,0.13851,nan,nan,nan,nan,-0.50421,nan,nan,nan,nan,nan,nan,nan,nan,-1.5377,nan,-1.4733,nan,nan,-0.97962,-0.79766,nan,nan,-0.26221,nan,nan,nan,nan,nan,nan,nan,nan,nan,nan,nan,nan,nan,nan,nan,nan
7.0,2.8569999999999998,2.6382,nan,nan,nan,nan,1.5456,nan,nan,nan,nan,nan,nan,nan,nan,nan,nan,nan,nan,nan,nan,nan,nan,nan,nan,nan,nan,nan,-1.1898,-1.0651,nan,nan,nan,nan,nan,0.1353,nan,nan,nan,0.07851699999999999,nan,nan,nan,nan,nan,nan,nan,nan,nan,nan,nan,nan,nan,nan,nan,nan,nan,nan,nan,nan,nan,nan,nan,nan,nan,nan,nan,nan,nan,nan,-0.16523,nan,-0.32259,-0.34271,nan,nan,-0.31046999999999997,-0.41597,nan,nan,nan,nan,0.70207,nan,nan,nan,nan,nan,0.53092,nan,nan,nan,nan,-0.5310199999999999,nan,nan,nan,nan,-1.2922,nan,nan,nan,nan,nan,nan,nan,nan,nan,nan,0.0028902,-0.18947,nan,nan,nan,nan,-1.1313,nan,nan,-1.1927,nan,nan,nan,nan,nan,nan,nan,nan,-0.16197999999999999,0.053609000000000004,nan,nan,nan,nan,nan,nan,nan,nan,nan,nan,nan,nan,nan,nan,nan
4.0,2.6048,nan,nan,nan,nan,nan,nan,nan,nan,0.2385,nan,-0.14078,nan,nan,nan,-0.70498,nan,nan,nan,nan,-1.4671,nan,nan,nan,nan,nan,-0.31618,nan,0.16447,nan,nan,nan,nan,nan,nan,nan,nan,1.0352,nan,0.5243899999999999,nan,nan,nan,nan,nan,nan,-1.2371,nan,nan,-1.9515,nan,nan,nan,nan,nan,nan,nan,0.4314,nan,nan,nan,nan,nan,-0.163,-0.23190999999999998,nan,nan,nan,nan,nan,nan,nan,-0.43233999999999995,nan,nan,nan,-0.42305,nan,nan,nan,nan,nan,nan,0.042118,nan,0.25087,nan,0.53365,nan,nan,-0.11245999999999999,nan,nan,nan,nan,nan,nan,nan,nan,nan,nan,nan,nan,-0.2794,nan,nan,0.48552,0.7396,nan,nan,nan,nan,1.0748,nan,nan,nan,nan,-0.25164000000000003,nan,nan,nan,nan,nan,-1.2316,nan,-1.0285,-0.87771,nan,nan,-0.34455,nan,nan,nan,nan,nan,nan,nan,1.1355,nan,nan,nan,nan,nan,nan
6.0,2.6792,nan,nan,nan,1.8646,nan,nan,1.2472,nan,nan,nan,nan,nan,nan,nan,nan,-0.44433,nan,nan,nan,-1.1658,nan,-1.5001,nan,nan,nan,nan,nan,-1.2554,-1.1096,nan,-0.7650600000000001,nan,nan,-0.13994,nan,0.10612,nan,nan,nan,0.1532,nan,-0.15075999999999998,nan,nan,nan,nan,nan,nan,nan,nan,nan,nan,nan,0.66925,nan,0.7934899999999999,0.74757,0.7097600000000001,nan,nan,nan,nan,nan,0.12749000000000002,nan,nan,-0.49643000000000004,nan,nan,nan,nan,nan,nan,nan,nan,nan,nan,nan,nan,nan,0.64649,nan,nan,0.70672,0.7420800000000001,nan,nan,nan,nan,nan,nan,nan,-0.5634,nan,-0.71959,nan,nan,nan,nan,-0.10171000000000001,nan,nan,nan,nan,nan,nan,nan,nan,nan,-0.9199,nan,nan,nan,nan,nan,nan,nan,-1.6132,nan,nan,nan,nan,-0.9319299999999999,nan,nan,nan,nan,nan,nan,nan,nan,nan,nan,nan,1.1723,nan,nan,nan,1.9732,nan,nan,nan,nan
1.0,2.4844,nan,2.0929,nan,nan,nan,nan,1.1393,nan,nan,nan,0.37927,0.18961,nan,nan,nan,nan,nan,-0.78435,nan,nan,nan,nan,nan,nan,nan,nan,nan,nan,nan,nan,-1.1104,nan,nan,nan,nan,nan,nan,nan,nan,nan,nan,nan,nan,nan,nan,nan,0.59126,0.70449,nan,nan,nan,nan,nan,nan,-0.050042,-0.16905,nan,nan,nan,nan,nan,nan,nan,nan,nan,nan,nan,0.6955,nan,nan,nan,nan,nan,nan,nan,nan,nan,nan,nan,nan,nan,nan,nan,nan,nan,-0.18773,-0.37858,nan,nan,nan,nan,nan,nan,nan,nan,nan,nan,nan,nan,nan,nan,nan,-0.14196,-0.33005,nan,nan,-0.78215,nan,nan,-1.1703,nan,-1.3259999999999998,nan,nan,nan,nan,nan,nan,-1.3377,-1.3039,nan,nan,nan,-0.86619,nan,nan,nan,nan,nan,0.15463,0.34239,0.51781,nan,nan,nan,1.2484,1.4346,nan,nan,1.9885,nan,nan,nan
4.0,2.5795,nan,2.0011,nan,nan,nan,nan,nan,nan,nan,nan,-0.007489,nan,nan,nan,-0.9129999999999999,nan,nan,nan,-1.4405,nan,nan,nan,nan,nan,nan,nan,nan,nan,0.73934,nan,nan,nan,nan,nan,1.1952,nan,nan,0.41003999999999996,nan,nan,nan,-0.6292800000000001,nan,nan,-1.392,nan,nan,nan,nan,nan,nan,nan,nan,nan,nan,nan,nan,nan,0.29246,nan,-0.039711,nan,nan,-0.35053,nan,nan,nan,0.3776,0.10101,nan,nan,nan,nan,nan,-0.29198,nan,nan,nan,nan,nan,nan,0.436,nan,nan,nan,0.35818,nan,0.49604,0.2528,nan,nan,-0.57608,nan,-1.1317,nan,-1.6381,nan,nan,nan,-1.1712,nan,nan,nan,-0.12145999999999998,nan,nan,nan,0.94271,nan,1.3964,nan,nan,0.92765,nan,nan,nan,nan,nan,-0.72451,nan,nan,nan,nan,nan,nan,nan,nan,-0.35377,nan,nan,nan,nan,nan,nan,nan,nan,1.2084,nan,1.6924,1.9467,nan,nan,2.5859
4.0,2.5484,nan,2.0455,nan,nan,nan,nan,nan,nan,0.30646999999999996,nan,nan,-0.07181599999999999,-0.30982,nan,nan,nan,nan,nan,nan,-1.5348,-1.5468,nan,nan,-0.97535,-0.75879,nan,nan,nan,nan,nan,nan,nan,nan,nan,nan,nan,nan,nan,nan,nan,0.31195,0.06541799999999999,nan,-0.41568999999999995,nan,nan,nan,nan,nan,nan,nan,-1.9034,nan,nan,nan,nan,nan,-0.08363200000000001,nan,nan,nan,nan,nan,nan,nan,nan,nan,nan,nan,nan,nan,nan,nan,-0.19589,nan,nan,nan,nan,nan,nan,nan,nan,nan,0.43968999999999997,nan,nan,nan,nan,nan,nan,-0.25433,nan,nan,nan,nan,nan,nan,-1.4779,nan,nan,nan,nan,nan,nan,0.19280999999999998,nan,nan,nan,nan,nan,nan,nan,nan,0.41368,nan,nan,-0.31585,nan,nan,nan,nan,nan,nan,nan,nan,-0.8031699999999999,nan,nan,nan,nan,-0.055675,nan,nan,0.41122,nan,nan,nan,nan,nan,nan,nan,nan,nan
7.0,2.9042,nan,nan,2.1551,1.9128,nan,nan,nan,0.9667,nan,nan,nan,nan,nan,nan,nan,nan,nan,nan,nan,nan,nan,-1.3061,-1.2496,-1.0859999999999999,nan,nan,nan,nan,nan,nan,nan,nan,0.005065,nan,0.20079,nan,nan,nan,nan,nan,-0.47048999999999996,nan,nan,nan,-1.2399,nan,nan,nan,-0.93886,nan,nan,-0.29018,-0.046777,nan,nan,nan,nan,nan,nan,0.32984,nan,nan,0.35858,nan,nan,nan,nan,nan,nan,-0.27202,nan,nan,nan,nan,nan,nan,nan,nan,nan,nan,0.5290100000000001,nan,nan,nan,0.3456,nan,nan,nan,nan,nan,nan,nan,nan,nan,nan,nan,nan,nan,nan,nan,nan,nan,nan,nan,nan,nan,nan,nan,nan,nan,nan,nan,nan,-0.94901,nan,nan,nan,nan,-1.2005,nan,-1.2596,-1.1467,nan,nan,-0.57392,nan,nan,nan,nan,nan,nan,nan,nan,nan,nan,nan,nan,nan,nan,nan,nan,nan,nan
6.0,2.7909,nan,2.3749,2.1571,nan,1.7221,nan,nan,nan,nan,nan,nan,nan,0.10793,nan,nan,nan,nan,nan,nan,-1.2657,nan,nan,nan,nan,-1.3622,nan,nan,nan,-0.9319700000000001,nan,nan,nan,nan,0.0046735,nan,nan,nan,nan,nan,nan,-0.15809,nan,nan,nan,nan,-0.88697,nan,-0.9303899999999999,nan,nan,nan,nan,nan,nan,nan,nan,nan,nan,nan,nan,nan,nan,0.44903999999999994,0.23299,nan,-0.27005999999999997,nan,nan,nan,nan,-0.8366899999999999,nan,nan,-0.89586,-0.70085,nan,nan,nan,nan,nan,nan,nan,nan,nan,nan,nan,nan,0.76277,nan,0.6844,nan,nan,nan,nan,-0.5220899999999999,nan,nan,-0.84972,nan,nan,nan,nan,-0.10684,0.062194000000000006,0.18367999999999998,nan,nan,0.02105,nan,nan,nan,nan,nan,nan,nan,nan,-1.3385,-1.3816,nan,nan,nan,-1.3033,nan,nan,nan,nan,nan,nan,nan,nan,nan,nan,nan,nan,nan,nan,nan,nan,nan,2.2159999999999997,2.4318,2.6471,nan
6.0,2.72,nan,nan,nan,nan,nan,nan,nan,nan,nan,nan,nan,nan,0.068755,nan,nan,-0.51056,nan,nan,nan,nan,nan,nan,nan,nan,nan,nan,nan,nan,nan,nan,-0.7578199999999999,nan,nan,nan,0.029519999999999998,nan,nan,nan,nan,0.14464000000000002,nan,nan,nan,nan,nan,nan,nan,nan,nan,-0.47827,nan,nan,nan,nan,nan,nan,nan,nan,nan,nan,0.6833600000000001,nan,nan,nan,nan,nan,-0.35903,nan,-0.52415,-0.51695,nan,-0.48936999999999997,nan,nan,-0.55108,-0.38795,nan,nan,nan,nan,nan,nan,nan,nan,nan,nan,nan,nan,nan,nan,nan,-0.18999000000000002,nan,nan,nan,nan,nan,nan,nan,nan,nan,nan,nan,nan,nan,nan,nan,-0.47731,nan,nan,nan,-1.1207,-1.2496,nan,nan,nan,nan,nan,nan,-1.4348,-1.2747,-1.0962,-0.91359,nan,nan,nan,nan,nan,nan,nan,nan,nan,0.80796,nan,nan,1.4125,1.6162,nan,nan,nan,nan,nan,nan
7.0,2.7867,nan,nan,2.0942,nan,nan,nan,nan,nan,nan,0.5305300000000001,nan,nan,nan,nan,nan,-0.33913000000000004,-0.5536399999999999,nan,nan,nan,nan,nan,nan,-1.4102,nan,nan,nan,nan,nan,nan,-0.7711100000000001,nan,nan,nan,nan,nan,0.23524,nan,nan,nan,nan,nan,-0.49937,-0.7018800000000001,nan,nan,nan,-1.3535,nan,-1.1448,nan,nan,nan,nan,nan,0.37690999999999997,nan,nan,nan,nan,nan,0.46643,nan,nan,0.15337,0.36102,nan,0.74222,nan,nan,0.28888,nan,nan,nan,nan,nan,nan,nan,nan,nan,0.18512,nan,nan,nan,nan,0.48908,nan,nan,0.4554,nan,nan,nan,nan,nan,-0.95135,nan,nan,nan,nan,-0.9142399999999999,-0.74497,-0.529,-0.31023,nan,nan,nan,nan,nan,nan,nan,nan,nan,nan,nan,nan,nan,nan,-1.3007,nan,nan,nan,nan,-0.78365,nan,nan,nan,nan,0.19815,nan,0.33737,nan,nan,nan,nan,1.2095,nan,1.6441,nan,2.0704,nan,nan,nan,nan
7.0,2.8614,nan,nan,nan,2.0109,nan,nan,nan,nan,nan,0.71343,nan,0.48663999999999996,nan,nan,nan,nan,-0.5355,nan,nan,nan,nan,nan,nan,nan,nan,nan,nan,nan,-0.8703200000000001,nan,nan,nan,nan,nan,nan,nan,nan,nan,-0.12199000000000002,nan,nan,-0.76236,-0.9415600000000001,-1.1184,nan,nan,nan,-1.1411,-0.89756,nan,nan,-0.18472,0.10930999999999999,0.39338,nan,nan,nan,nan,nan,nan,nan,nan,nan,nan,nan,nan,nan,nan,nan,nan,nan,nan,nan,nan,nan,nan,nan,nan,0.06826900000000001,0.30214,nan,nan,nan,nan,nan,nan,nan,nan,nan,nan,nan,-0.35548,nan,nan,nan,nan,nan,nan,nan,nan,nan,-0.64454,nan,nan,nan,nan,0.11797,nan,nan,nan,nan,nan,nan,-0.9015200000000001,nan,nan,nan,nan,nan,nan,nan,nan,nan,nan,-0.52876,nan,nan,nan,nan,nan,nan,0.50965,nan,nan,nan,nan,nan,nan,nan,nan,2.4606,2.6769,nan
5.0,1.3697,nan,nan,nan,0.6463300000000001,nan,nan,nan,nan,nan,nan,nan,nan,nan,nan,nan,nan,-0.49263999999999997,nan,-0.8879299999999999,nan,nan,-1.4694,-1.6486,nan,-1.7101,nan,nan,nan,nan,nan,-0.58392,nan,-0.23765,nan,0.016828,nan,-0.018879,nan,nan,-0.022947,nan,nan,nan,-0.47405,nan,nan,-0.8640100000000001,nan,-1.0122,nan,nan,nan,nan,nan,nan,nan,-0.1311,0.05204400000000001,nan,0.42131,nan,nan,nan,nan,nan,nan,nan,1.6426,nan,nan,nan,nan,nan,nan,nan,nan,nan,nan,nan,nan,nan,nan,0.8154100000000001,nan,nan,nan,nan,nan,nan,nan,nan,-0.6686,nan,-0.94226,-0.9522200000000001,nan,nan,nan,-0.69279,nan,nan,nan,nan,nan,nan,nan,nan,nan,nan,-0.32781,nan,-0.66667,nan,nan,nan,nan,nan,nan,nan,nan,nan,-1.2336,nan,nan,nan,nan,nan,-0.19432,nan,nan,nan,nan,nan,nan,nan,nan,nan,0.49651000000000006,0.66314,nan,nan,nan,1.3741
4.0,2.5839,2.3225,nan,1.804,nan,nan,1.0295,nan,nan,nan,nan,nan,nan,nan,nan,nan,-0.93447,nan,nan,nan,nan,nan,nan,nan,nan,-0.63926,nan,-0.15098,nan,nan,0.61035,0.8698100000000001,1.1313,nan,nan,nan,nan,nan,nan,nan,nan,nan,nan,nan,nan,nan,nan,-1.4358,-1.6759,nan,nan,nan,-1.2911,nan,nan,-0.29774,nan,nan,0.55395,nan,nan,nan,nan,nan,nan,nan,-0.044920999999999996,nan,nan,nan,nan,nan,nan,-0.22829000000000002,nan,nan,-0.36562,nan,nan,nan,0.51153,nan,nan,nan,nan,nan,nan,nan,nan,nan,nan,-0.61064,nan,nan,-1.5108,nan,-1.7971,nan,nan,nan,nan,nan,-0.30605,nan,0.192,0.44314,nan,0.9536399999999999,nan,nan,nan,nan,nan,0.63649,nan,nan,nan,-0.37661,nan,-0.85049,nan,nan,nan,nan,nan,nan,nan,nan,nan,nan,-0.10034,nan,nan,nan,nan,0.57275,nan,nan,nan,nan,1.8507,nan,nan,nan
1.0,2.5389,nan,nan,nan,nan,nan,1.2843,nan,nan,nan,nan,nan,nan,nan,nan,-0.39428,nan,nan,nan,nan,nan,nan,nan,nan,nan,nan,nan,nan,nan,-1.1688,nan,nan,nan,nan,nan,-0.8155600000000001,nan,-0.46353999999999995,nan,nan,nan,nan,nan,nan,nan,nan,nan,nan,nan,nan,nan,-0.062496,nan,nan,nan,nan,nan,nan,nan,nan,nan,nan,0.067859,0.25303000000000003,nan,nan,nan,0.88279,nan,nan,nan,nan,nan,nan,1.4921,nan,nan,nan,0.69844,nan,nan,0.10091,-0.0933,nan,-0.47143,nan,nan,nan,-0.54208,nan,nan,nan,nan,nan,nan,nan,nan,nan,nan,0.23196,nan,nan,nan,nan,nan,nan,nan,nan,nan,nan,nan,nan,nan,-1.4234,nan,-1.2247,nan,-1.0918,nan,nan,nan,-1.2436,nan,nan,nan,nan,nan,nan,nan,nan,nan,nan,nan,0.7095,0.88959,nan,1.2815,1.4780000000000002,nan,nan,nan,nan,2.4271,nan
2.0,2.5594,nan,nan,nan,nan,1.3087,1.0819,nan,0.78294,nan,nan,nan,nan,nan,nan,nan,-0.2933,-0.54025,nan,nan,nan,nan,nan,-1.5908,nan,nan,nan,nan,nan,nan,-1.3115,-1.3669,nan,nan,nan,nan,nan,nan,nan,nan,nan,nan,nan,0.28023000000000003,0.3907,nan,0.6033,0.72819,nan,0.9803200000000001,nan,0.6110800000000001,nan,nan,0.48713,nan,0.07754,nan,-0.29141,nan,nan,nan,nan,nan,-0.52486,-0.30948000000000003,-0.073736,nan,0.29808,nan,nan,nan,nan,nan,1.5490000000000002,nan,nan,nan,nan,nan,nan,nan,nan,nan,nan,nan,nan,nan,nan,-0.5698,nan,nan,nan,nan,nan,nan,nan,0.52845,0.6213,0.52685,0.4103,nan,nan,0.10382000000000001,nan,nan,-0.23126999999999998,nan,nan,-0.6353,nan,-0.90115,nan,nan,nan,nan,-1.2835,nan,nan,nan,-1.571,nan,nan,nan,nan,nan,nan,nan,-0.15433,nan,nan,nan,0.33678,nan,nan,nan,1.0308,nan,1.4564,nan,nan,2.1823,nan,nan
6.0,2.6435,nan,2.2257,2.0187,nan,nan,nan,1.1958,nan,nan,nan,nan,nan,nan,nan,nan,nan,nan,nan,-1.0514,nan,nan,nan,-1.6253,nan,nan,nan,-1.5259,nan,-1.2783,nan,-0.97339,nan,-0.58265,nan,nan,nan,0.087001,nan,nan,nan,nan,nan,nan,nan,-0.32148000000000004,-0.45111,nan,-0.6827300000000001,nan,nan,nan,nan,nan,nan,nan,nan,nan,nan,nan,nan,0.79446,nan,nan,nan,nan,nan,nan,nan,-0.16064,-0.36196999999999996,nan,nan,nan,-0.4403,nan,nan,nan,nan,nan,nan,0.14637999999999998,nan,nan,nan,0.59922,nan,nan,nan,nan,nan,nan,0.28171,0.060783000000000004,-0.099977,nan,nan,nan,nan,-0.44755,-0.31934,nan,nan,0.053798,nan,nan,nan,-0.24925999999999998,nan,nan,nan,nan,nan,nan,nan,nan,nan,nan,nan,nan,nan,nan,nan,-0.86436,nan,nan,nan,-0.16115,nan,nan,nan,0.47476999999999997,nan,nan,nan,nan,1.4502,nan,nan,nan,2.2473,nan,nan,2.6459
7.0,2.8221,2.6158,nan,nan,nan,nan,nan,nan,nan,nan,nan,nan,nan,nan,0.20781999999999998,nan,-0.222,-0.44206000000000006,nan,nan,nan,nan,-1.3413,nan,nan,nan,nan,nan,nan,-1.025,nan,nan,nan,nan,nan,nan,nan,nan,nan,nan,nan,nan,nan,-0.76244,nan,nan,nan,nan,nan,nan,nan,nan,nan,nan,nan,0.49754,nan,nan,0.67657,nan,0.40476,nan,nan,nan,nan,nan,0.73938,nan,0.29535,0.078538,nan,nan,nan,-0.32061999999999996,nan,nan,nan,nan,nan,0.24793,nan,0.6382,nan,nan,nan,nan,nan,nan,nan,nan,nan,-0.084924,nan,nan,nan,nan,nan,nan,nan,nan,nan,nan,nan,-0.24856999999999999,-0.029863999999999998,0.053988999999999995,nan,0.11152999999999999,nan,nan,nan,nan,-0.77708,nan,-1.1325,nan,nan,-1.1142,-1.1862,nan,-1.3649,nan,-1.1603,nan,nan,nan,nan,nan,nan,nan,nan,nan,nan,nan,nan,nan,nan,1.5446,nan,nan,nan,nan,nan,nan
3.0,2.7289,nan,nan,2.0827,nan,nan,1.4564,nan,nan,nan,nan,nan,nan,nan,nan,nan,nan,-0.16852999999999999,nan,nan,nan,nan,nan,nan,nan,nan,-1.4249,nan,nan,nan,nan,nan,-1.2681,nan,nan,nan,nan,nan,nan,nan,nan,nan,nan,nan,nan,nan,nan,nan,nan,nan,nan,0.29111,nan,0.016523,nan,nan,-0.41517,nan,nan,0.031925999999999996,nan,0.41531999999999997,nan,0.73058,0.58803,nan,nan,nan,nan,nan,nan,nan,nan,nan,nan,nan,nan,nan,nan,nan,nan,nan,0.4617,nan,nan,nan,0.38011999999999996,nan,nan,nan,nan,nan,nan,0.27059,nan,0.19672,nan,nan,nan,nan,nan,-0.32754,nan,nan,nan,nan,nan,nan,nan,nan,nan,-1.4737,nan,-1.5157,nan,nan,nan,-1.3069,nan,-1.1314,nan,-0.8922399999999999,nan,-0.6118399999999999,nan,nan,nan,nan,-0.016643,0.02537,0.22405999999999998,nan,nan,0.8279299999999999,nan,nan,nan,nan,nan,nan,nan,nan,2.5909,2.7321
7.0,2.8598,nan,2.4463,nan,nan,nan,nan,nan,nan,nan,0.71035,0.56931,nan,nan,nan,nan,nan,nan,nan,nan,nan,nan,nan,nan,nan,-1.1181,-1.1688,nan,-1.1232,nan,-0.8133699999999999,nan,nan,-0.21344000000000002,nan,0.12028,0.22524,nan,0.15655,0.074814,nan,-0.37483,nan,-0.80113,nan,nan,nan,nan,-1.1538,-0.95347,nan,nan,nan,nan,nan,nan,nan,nan,nan,0.47026999999999997,nan,nan,nan,nan,nan,nan,nan,nan,nan,-0.1419,-0.36144,nan,nan,nan,-0.44842,nan,-0.30383000000000004,-0.20526999999999998,nan,nan,nan,0.7341300000000001,nan,nan,0.26114,nan,nan,nan,nan,nan,nan,nan,-0.47758999999999996,-0.65703,-0.89294,nan,nan,nan,-1.1951,nan,nan,-0.68253,nan,nan,nan,nan,nan,nan,nan,nan,nan,-0.41123000000000004,nan,nan,-0.95995,nan,nan,-1.0881,nan,-1.3071,-1.325,nan,-1.1017,nan,nan,-0.5239199999999999,nan,nan,0.028849,nan,nan,nan,nan,0.67794,0.89765,1.1189,nan,nan,nan,2.0069999999999997,nan,nan,nan,nan
1.0,2.4498,nan,nan,nan,1.7532,nan,nan,nan,nan,nan,nan,0.42533999999999994,0.23362,nan,nan,nan,nan,nan,nan,nan,nan,nan,-1.285,nan,nan,nan,nan,nan,nan,nan,nan,nan,nan,nan,nan,-1.195,nan,-0.9460799999999999,-0.79957,nan,nan,nan,nan,nan,nan,nan,nan,0.6098,nan,nan,0.47095,0.34247,nan,nan,nan,-0.11574000000000001,-0.22061,nan,nan,nan,nan,nan,nan,nan,nan,nan,nan,0.74398,nan,nan,1.1898,nan,1.5754,nan,nan,nan,nan,0.91235,nan,nan,0.3771,0.18619000000000002,0.003081,nan,nan,-0.4992,nan,-0.41485,nan,-0.26239,nan,-0.079291,nan,nan,nan,nan,nan,nan,0.48868,nan,0.24264000000000002,nan,nan,nan,nan,nan,nan,nan,-1.0759,-1.2008,nan,nan,-1.2387,nan,nan,nan,nan,-1.2719,nan,-1.4021,nan,-1.2972,nan,nan,nan,nan,-0.5930300000000001,nan,nan,nan,nan,nan,nan,0.5744600000000001,nan,nan,nan,nan,nan,nan,nan,nan,nan,nan
2.0,2.5771,nan,nan,nan,nan,nan,1.1344,nan,nan,nan,nan,nan,nan,nan,nan,nan,nan,nan,nan,nan,-1.1501,-1.3189,nan,nan,nan,nan,nan,nan,-1.1507,nan,nan,nan,nan,nan,nan,nan,nan,-0.5720000000000001,nan,nan,nan,nan,nan,nan,nan,nan,nan,nan,nan,nan,nan,nan,0.36023,0.38378,0.19135,nan,nan,nan,nan,nan,nan,nan,nan,nan,nan,nan,nan,nan,0.14985,nan,nan,nan,nan,nan,nan,nan,nan,nan,nan,0.99987,nan,nan,nan,nan,nan,-0.43722,nan,nan,nan,nan,nan,nan,nan,nan,nan,0.2067,nan,nan,nan,nan,nan,0.38661999999999996,nan,nan,nan,-0.083122,nan,-0.3367,-0.5612699999999999,nan,nan,-0.7749,nan,nan,-1.2859,nan,nan,nan,nan,-1.4037,nan,nan,nan,nan,nan,nan,nan,nan,nan,nan,nan,nan,nan,nan,nan,nan,1.0125,nan,nan,nan,nan,nan,nan,2.5794
6.0,2.7199,nan,nan,nan,nan,nan,nan,nan,1.075,nan,nan,nan,nan,0.12534,-0.050922,nan,-0.42648,nan,-0.8022,nan,nan,nan,-1.5022,nan,nan,nan,nan,nan,nan,nan,nan,nan,-0.65766,nan,-0.23008,nan,nan,nan,nan,nan,nan,nan,nan,-0.2243,-0.36079,nan,nan,-0.7236899999999999,nan,nan,nan,nan,nan,nan,nan,nan,0.7621100000000001,nan,nan,nan,nan,0.67994,nan,0.6501100000000001,nan,0.29558,nan,nan,nan,nan,nan,nan,nan,nan,-0.6443800000000001,-0.46708,nan,nan,nan,nan,0.32477,nan,nan,nan,0.62329,nan,nan,nan,nan,nan,nan,nan,nan,nan,-0.40701,nan,nan,nan,-0.4902,nan,nan,-0.08623600000000001,nan,nan,0.11408,0.036062000000000004,nan,-0.20505,nan,nan,-0.78699,nan,nan,nan,nan,nan,nan,nan,-1.5469,nan,-1.4665,nan,nan,nan,nan,nan,nan,nan,-0.060904,nan,nan,nan,nan,nan,nan,nan,nan,nan,nan,nan,2.1676,nan,nan,nan
7.0,2.8499,nan,2.419,nan,nan,1.7565,nan,1.3157,nan,nan,nan,nan,nan,nan,0.20665999999999998,nan,-0.22339,-0.4351,nan,nan,-1.0166,nan,nan,nan,nan,nan,-1.1474,nan,nan,nan,nan,nan,nan,nan,nan,nan,nan,nan,nan,nan,nan,-0.30691,nan,nan,nan,nan,nan,nan,nan,nan,nan,nan,nan,nan,nan,nan,nan,nan,nan,nan,nan,nan,0.18058,nan,nan,nan,nan,nan,nan,nan,nan,nan,-0.45203000000000004,nan,nan,-0.3535,nan,nan,nan,nan,nan,nan,0.38243,0.61365,0.77035,nan,nan,nan,nan,0.56258,nan,0.30154000000000003,nan,nan,nan,nan,nan,-1.192,nan,nan,nan,nan,nan,nan,nan,nan,0.0060585000000000005,nan,nan,nan,nan,nan,nan,nan,nan,-1.0329,-1.1440000000000001,nan,nan,nan,nan,nan,nan,nan,nan,nan,nan,nan,0.050526,nan,nan,nan,nan,nan,nan,nan,nan,nan,nan,nan,nan,nan,nan,nan
2.0,2.5286,nan,nan,nan,nan,nan,nan,nan,nan,0.5489999999999999,nan,0.14484,nan,0.011901,nan,nan,-0.39053000000000004,-0.64617,nan,nan,nan,nan,nan,nan,nan,nan,-1.5113,nan,-1.1313,nan,-1.2743,-1.3249,nan,nan,-0.9029,-0.75965,-0.56318,nan,nan,-0.24911,nan,nan,nan,nan,nan,nan,nan,nan,nan,nan,nan,nan,nan,nan,nan,nan,nan,nan,nan,-0.5090899999999999,nan,nan,nan,nan,nan,0.034894,0.26168,0.37517,nan,nan,nan,nan,nan,nan,nan,1.4092,nan,nan,0.65464,0.41201000000000004,0.2434,nan,nan,nan,nan,nan,nan,nan,nan,nan,nan,nan,nan,nan,nan,nan,nan,nan,0.49522,nan,0.31225,nan,nan,nan,nan,-0.37135999999999997,-0.57625,nan,nan,-0.77587,nan,nan,nan,-1.4192,nan,nan,nan,-1.4117,nan,nan,nan,nan,nan,nan,-1.0164,-0.75995,nan,nan,nan,nan,nan,nan,nan,nan,0.6904399999999999,nan,nan,nan,nan,nan,nan,nan,2.4357,nan
1.0,2.4397,nan,nan,nan,1.6781,nan,nan,1.111,nan,nan,nan,nan,nan,nan,nan,nan,nan,nan,nan,nan,nan,nan,nan,nan,nan,-1.3442,nan,-1.0458,-1.11,nan,nan,nan,nan,nan,nan,nan,-0.8301799999999999,nan,nan,nan,-0.13394,nan,nan,nan,nan,nan,0.5866,0.45743999999999996,nan,nan,nan,-0.030151999999999998,nan,-0.23337,nan,-0.39574000000000004,nan,nan,nan,nan,nan,nan,nan,nan,nan,nan,nan,1.1271,nan,1.5036,nan,nan,nan,nan,nan,nan,nan,nan,nan,nan,nan,nan,-0.31798000000000004,nan,nan,nan,-0.39334,nan,nan,nan,nan,nan,nan,nan,nan,0.57797,nan,nan,0.28365999999999997,nan,-0.0092608,-0.17697000000000002,-0.35829,nan,nan,-0.8368200000000001,-0.9863700000000001,-1.121,nan,-1.2615,nan,nan,nan,nan,nan,nan,nan,nan,nan,nan,nan,nan,-1.1656,nan,nan,nan,nan,nan,nan,nan,0.071746,nan,0.45298,nan,nan,nan,1.2107,nan,nan,nan,1.9655,nan,nan,nan
1.0,2.4290000000000003,nan,nan,nan,1.6327,nan,1.2404,nan,nan,nan,nan,nan,nan,-0.095858,-0.29066,nan,nan,nan,nan,nan,nan,-1.2631,-1.3482,nan,nan,-1.2790000000000001,-1.1596,nan,nan,nan,nan,nan,nan,nan,nan,nan,nan,nan,nan,nan,nan,nan,nan,nan,0.59243,0.7116600000000001,nan,nan,nan,0.37525,nan,nan,nan,nan,nan,nan,nan,nan,nan,nan,nan,nan,nan,nan,nan,0.60672,nan,nan,nan,0.9847799999999999,nan,nan,nan,nan,nan,nan,nan,nan,nan,nan,0.3724,0.18308,nan,nan,nan,nan,-0.60112,nan,nan,nan,nan,nan,nan,nan,nan,nan,nan,nan,nan,nan,nan,nan,nan,nan,nan,nan,nan,nan,-1.1884,nan,nan,nan,-1.3917,-1.2903,-1.1868,nan,nan,-1.2979,nan,nan,-1.278,nan,nan,nan,nan,nan,nan,nan,nan,nan,0.20833000000000002,nan,nan,nan,0.94239,nan,nan,nan,nan,1.8718,nan,nan,nan,nan
4.0,2.4834,nan,nan,nan,nan,nan,0.86006,nan,nan,nan,-0.17064000000000001,-0.10026,nan,-0.44313,nan,nan,nan,nan,nan,nan,nan,nan,nan,nan,nan,nan,nan,nan,0.34152,nan,nan,1.0406,nan,1.4486,nan,nan,nan,nan,nan,nan,nan,nan,nan,nan,nan,nan,nan,nan,nan,nan,nan,nan,nan,nan,nan,nan,nan,nan,nan,nan,nan,nan,0.23836,0.09497799999999999,nan,nan,-0.14285,0.10097,0.30884,nan,-0.19089,nan,nan,nan,nan,nan,nan,nan,nan,0.32066999999999996,nan,nan,nan,nan,nan,nan,0.51652,nan,nan,nan,nan,nan,nan,-1.3066,nan,nan,nan,nan,-1.2444,nan,nan,-0.48356000000000005,nan,nan,0.29095,nan,0.8074,1.0611,nan,nan,nan,nan,nan,0.81288,nan,nan,nan,nan,nan,nan,nan,-1.271,nan,-1.1466,nan,nan,nan,nan,nan,nan,-0.08529199999999999,nan,nan,nan,nan,0.6625300000000001,nan,1.1622,nan,1.6371,nan,nan,nan,nan
2.0,2.6233,nan,nan,nan,nan,nan,1.1404,nan,nan,0.59721,nan,0.15052000000000001,nan,0.14552,nan,nan,nan,nan,nan,nan,nan,nan,nan,nan,nan,nan,-1.4864,nan,nan,nan,nan,nan,nan,nan,-1.0685,nan,nan,nan,nan,nan,nan,nan,nan,nan,nan,nan,nan,nan,0.70058,nan,nan,nan,nan,0.36701,nan,0.54479,nan,nan,nan,nan,nan,nan,nan,nan,nan,-0.59978,nan,nan,-0.060937,0.17144,nan,nan,nan,0.76161,nan,nan,nan,nan,nan,nan,1.1076,nan,nan,0.33663000000000004,nan,nan,nan,nan,-0.8785200000000001,nan,nan,-0.65666,nan,nan,nan,nan,nan,nan,nan,0.3157,nan,nan,nan,nan,nan,nan,nan,0.10987000000000001,nan,nan,nan,-0.57863,nan,nan,nan,-1.2403,nan,nan,nan,nan,nan,-1.4943,nan,nan,nan,-0.9819399999999999,nan,nan,nan,nan,nan,0.1578,nan,nan,nan,nan,nan,nan,nan,nan,nan,nan,nan,2.6244
1.0,2.3224,nan,1.9388,nan,nan,nan,nan,nan,nan,nan,nan,nan,nan,nan,nan,nan,nan,nan,-0.58522,-0.7628,nan,nan,nan,-1.3462,nan,nan,nan,nan,nan,nan,nan,nan,nan,nan,nan,nan,nan,nan,-1.008,nan,-0.68428,-0.50685,nan,nan,0.065663,nan,0.39491,nan,nan,nan,0.7476,0.62442,0.49606999999999996,nan,nan,nan,nan,nan,nan,nan,-0.26655,nan,nan,nan,nan,nan,nan,nan,nan,nan,nan,1.105,nan,nan,nan,nan,nan,nan,nan,0.66379,0.48155,nan,nan,nan,nan,nan,nan,nan,-0.20029,nan,nan,0.039024,nan,nan,nan,nan,0.5967,0.6033,0.47515,nan,nan,nan,nan,nan,-0.51435,-0.68261,nan,nan,-1.1229,nan,nan,nan,nan,-1.1686,nan,nan,nan,nan,nan,nan,-1.389,nan,nan,nan,nan,nan,nan,-0.52154,nan,nan,nan,nan,nan,nan,nan,nan,1.1148,nan,nan,nan,nan,nan,nan,2.323
5.0,1.3081,nan,nan,nan,nan,nan,nan,nan,nan,nan,0.7306199999999999,nan,nan,nan,nan,nan,nan,nan,nan,-0.50388,-0.69819,nan,nan,nan,nan,nan,-1.7623,nan,-1.7288,nan,nan,-1.2007,nan,-0.8286399999999999,-0.63553,nan,-0.26588,nan,-0.0094318,nan,nan,nan,nan,nan,nan,nan,nan,nan,nan,nan,-0.8003100000000001,-0.87354,-0.9295,-0.95924,nan,-0.9561,nan,-0.62981,nan,nan,-0.077578,nan,nan,0.49141,0.68386,0.8652799999999999,nan,nan,nan,nan,nan,nan,nan,2.1746,nan,nan,2.4582,nan,nan,nan,nan,nan,nan,1.1337,nan,0.89285,nan,nan,nan,nan,nan,-0.079426,-0.25495,nan,nan,nan,nan,nan,-0.84191,nan,-0.7588199999999999,nan,-0.58319,-0.47331000000000006,nan,-0.25073,nan,nan,nan,nan,nan,nan,nan,nan,nan,nan,nan,nan,-1.4092,-1.5996,nan,nan,nan,nan,nan,nan,nan,nan,nan,nan,nan,0.22405999999999998,nan,nan,nan,nan,nan,nan,nan,nan,nan,nan,nan,1.3066
4.0,2.5608,nan,nan,nan,1.4709,nan,nan,nan,0.41423999999999994,nan,nan,nan,nan,nan,nan,nan,nan,nan,-1.4053,nan,nan,nan,nan,nan,nan,nan,-0.030451,nan,0.43109,nan,nan,nan,nan,nan,nan,nan,nan,nan,nan,nan,nan,nan,nan,nan,nan,nan,nan,nan,nan,nan,nan,nan,nan,nan,nan,nan,nan,nan,nan,nan,0.31204,nan,nan,nan,nan,nan,nan,nan,0.39588,nan,nan,nan,nan,nan,-0.2027,nan,nan,nan,-0.23892,0.018271000000000003,0.27115,nan,0.3932,nan,nan,0.17594,nan,0.49878,nan,0.2902,nan,nan,nan,nan,nan,-1.3232,nan,nan,nan,nan,nan,nan,nan,nan,-0.17619,0.082843,nan,nan,nan,nan,nan,nan,nan,nan,nan,nan,nan,nan,nan,nan,-0.9056,nan,nan,-1.1163,nan,nan,nan,nan,-0.46798999999999996,nan,nan,0.03123,nan,nan,nan,nan,nan,1.1969,nan,nan,1.9225,nan,nan,nan
5.0,1.2225,nan,nan,nan,nan,nan,0.6952699999999999,0.7566,nan,nan,0.87334,nan,nan,nan,nan,nan,nan,-0.39501,nan,nan,nan,nan,-1.318,nan,nan,nan,nan,-1.6804,nan,nan,nan,-0.9540000000000001,nan,-0.56822,nan,-0.21099,nan,0.043177,-0.026527999999999996,nan,nan,0.09246599999999999,nan,nan,nan,nan,nan,nan,-0.7106600000000001,nan,nan,nan,-0.9612299999999999,nan,-0.94619,nan,nan,nan,-0.27185,nan,nan,nan,nan,0.69991,nan,nan,0.9858299999999999,nan,nan,nan,nan,nan,nan,2.4371,2.613,nan,nan,nan,1.8667,nan,nan,nan,1.0832,nan,0.8996799999999999,nan,nan,nan,nan,0.036509,nan,nan,nan,nan,nan,nan,nan,nan,nan,-0.75364,nan,nan,-0.43899,nan,nan,-0.12813,nan,nan,-0.020538999999999998,-0.099039,nan,nan,nan,-0.45242,nan,nan,nan,nan,-1.4654,nan,nan,nan,nan,nan,nan,nan,nan,-0.53827,nan,nan,nan,nan,nan,0.68305,nan,nan,nan,nan,nan,nan,nan,0.9028799999999999,nan,nan
5.0,1.1549,nan,nan,nan,nan,0.5835600000000001,nan,0.7250800000000001,nan,nan,nan,nan,nan,0.34149,nan,nan,nan,-0.47668,nan,-0.84615,nan,nan,-1.3948,nan,nan,-1.8899,nan,nan,nan,nan,-1.0487,nan,nan,nan,-0.27887,nan,nan,0.085194,nan,nan,0.14809,nan,0.067964,nan,-0.10314000000000001,-0.2245,nan,nan,-0.63151,-0.7448199999999999,-0.8228200000000001,nan,nan,-0.86597,nan,nan,nan,-0.21484,-0.034629,nan,nan,nan,nan,nan,0.9303899999999999,nan,nan,nan,nan,nan,1.9927,nan,nan,2.5586,nan,nan,nan,1.8574,nan,1.4761,nan,nan,nan,0.9083700000000001,nan,nan,nan,nan,nan,nan,-0.29973,nan,nan,nan,nan,nan,nan,nan,nan,-0.5264,nan,-0.29802,-0.20793000000000003,nan,-0.074236,-0.031502999999999996,nan,nan,nan,-0.24605,nan,nan,-0.6632600000000001,nan,nan,nan,nan,nan,nan,-1.6299,nan,nan,nan,nan,nan,nan,nan,nan,nan,-0.16875,nan,nan,nan,nan,0.8486600000000001,nan,nan,nan,nan,nan,nan,nan,nan,nan
4.0,2.5812,nan,nan,1.7923,nan,nan,nan,nan,0.49949,nan,nan,nan,nan,nan,-0.56195,nan,nan,nan,nan,-1.446,nan,nan,nan,nan,nan,nan,nan,-0.051403,nan,0.43667,nan,nan,nan,nan,nan,nan,nan,nan,nan,0.49375,nan,nan,-0.2656,nan,nan,-1.0099,nan,-1.4986,nan,nan,nan,nan,nan,nan,nan,nan,-0.039888,0.28962,nan,nan,0.38866999999999996,nan,nan,nan,nan,nan,nan,nan,0.33742,nan,nan,-0.038656,nan,-0.46703,nan,nan,nan,nan,nan,nan,nan,0.38283,nan,0.43359,nan,0.088759,nan,nan,nan,nan,nan,nan,nan,nan,nan,nan,nan,nan,nan,nan,nan,nan,nan,nan,nan,nan,nan,nan,nan,1.1312,nan,nan,1.1346,nan,nan,nan,nan,nan,nan,nan,nan,nan,-1.2058,nan,nan,nan,-0.80866,-0.64476,nan,nan,nan,nan,nan,nan,nan,0.65093,nan,1.1696,nan,nan,1.9247,nan,nan,nan
1.0,2.3613,nan,1.9825,nan,nan,nan,1.2325,1.0463,nan,nan,nan,nan,nan,nan,-0.20525,-0.27933,nan,nan,nan,nan,nan,nan,-0.8967299999999999,nan,-1.1913,-1.3163,-1.4191,-1.4829,nan,-1.5304,nan,-1.3395,nan,nan,nan,nan,nan,nan,nan,nan,-1.1916,nan,nan,nan,nan,-0.7076100000000001,nan,nan,nan,nan,nan,nan,nan,nan,0.68492,nan,nan,nan,nan,0.32359,nan,0.08161900000000001,nan,nan,-0.20604,nan,nan,nan,nan,nan,nan,nan,nan,nan,nan,nan,nan,nan,nan,nan,nan,nan,1.4423,nan,1.6729,nan,nan,nan,0.96926,0.78187,nan,nan,nan,nan,-0.20203,nan,-0.46215,nan,-0.34902,-0.27366999999999997,nan,nan,0.0066333,nan,nan,nan,-0.26926,nan,nan,nan,nan,nan,nan,nan,nan,nan,nan,nan,nan,nan,nan,nan,-1.1992,-1.0799,nan,nan,-0.58608,-0.41944,nan,nan,nan,nan,nan,nan,nan,0.9721299999999999,nan,nan,1.5133,nan,nan,nan,nan,2.3625
7.0,2.7386,2.5335,nan,2.1225,nan,nan,nan,nan,1.0921,nan,nan,0.47134,0.26757,nan,0.13519,nan,nan,nan,nan,nan,nan,nan,nan,nan,nan,nan,nan,nan,nan,nan,nan,-1.0686,-0.8982700000000001,nan,nan,-0.24628000000000003,nan,nan,0.22405,nan,nan,nan,nan,-0.15752,nan,nan,nan,-0.91838,-1.0638,nan,nan,nan,nan,nan,nan,-0.24936,nan,nan,nan,nan,nan,nan,nan,nan,0.38672,nan,nan,nan,0.49406000000000005,nan,nan,0.79245,nan,0.37854,nan,nan,-0.21584,nan,nan,nan,nan,nan,nan,nan,nan,nan,0.8157300000000001,nan,nan,nan,nan,nan,0.021196,nan,nan,nan,nan,nan,nan,nan,nan,nan,nan,nan,-0.33707,-0.14528,nan,nan,-0.059523,nan,nan,nan,nan,nan,-1.0105,nan,nan,nan,nan,nan,nan,nan,nan,nan,nan,nan,nan,nan,0.16234,nan,nan,nan,nan,nan,nan,nan,nan,nan,1.8019999999999998,nan,nan,nan,nan,nan
7.0,2.8221,nan,nan,nan,nan,nan,nan,1.2929,nan,nan,nan,nan,nan,nan,nan,-0.044955,nan,nan,nan,nan,nan,nan,nan,nan,nan,nan,-1.1742,-1.2361,nan,nan,nan,nan,nan,nan,-0.019254,nan,nan,nan,nan,-0.056483000000000005,nan,nan,nan,nan,nan,nan,nan,-1.3403,nan,nan,nan,nan,nan,nan,nan,nan,nan,nan,nan,0.5433,nan,0.29025,nan,nan,nan,nan,nan,nan,nan,nan,nan,nan,-0.32206999999999997,nan,nan,nan,nan,nan,-0.077988,nan,nan,nan,nan,nan,nan,nan,nan,nan,nan,nan,nan,-0.081713,nan,nan,nan,nan,nan,nan,nan,nan,nan,nan,nan,nan,nan,0.11679,nan,nan,nan,nan,nan,-0.39319,nan,-0.80777,-0.9951399999999999,-1.1492,nan,nan,-1.2317,nan,nan,nan,nan,-0.9082399999999999,nan,nan,nan,nan,nan,nan,nan,nan,nan,nan,nan,1.1588,nan,nan,nan,nan,nan,nan,nan,nan
7.0,2.8282,2.6107,nan,nan,nan,nan,nan,nan,nan,nan,nan,0.4455,0.29581999999999997,nan,0.23913,nan,nan,nan,nan,nan,nan,nan,nan,nan,nan,nan,nan,nan,nan,nan,nan,nan,nan,-0.35409,nan,nan,nan,0.17392,0.13662,nan,nan,nan,nan,nan,nan,nan,nan,nan,nan,-1.0495,nan,nan,-0.32354,-0.030674,nan,nan,nan,nan,nan,0.35151,nan,nan,nan,0.60618,0.82211,nan,nan,nan,nan,nan,-0.28707,nan,nan,-0.4625,nan,nan,nan,nan,nan,nan,nan,nan,nan,nan,0.35518,0.20372,nan,nan,nan,nan,nan,nan,nan,nan,-0.72351,nan,nan,nan,nan,nan,nan,nan,-0.52199,nan,nan,nan,nan,nan,nan,nan,nan,-0.4789,nan,nan,nan,nan,nan,-1.146,nan,nan,nan,-1.2683,nan,-0.9072600000000001,nan,nan,nan,nan,0.078851,nan,nan,nan,nan,0.7381300000000001,nan,nan,nan,nan,nan,nan,nan,nan,nan,nan
3.0,2.6525,2.4446,nan,nan,nan,nan,nan,nan,1.0132,0.80796,nan,nan,nan,nan,nan,nan,nan,nan,nan,nan,-0.73674,nan,-1.0338,nan,nan,-1.3819,nan,nan,nan,nan,-1.526,nan,nan,nan,nan,nan,nan,-0.78346,nan,nan,nan,nan,nan,0.28184000000000003,nan,nan,nan,nan,nan,nan,nan,0.7016100000000001,nan,0.42491999999999996,0.26913000000000004,nan,nan,nan,nan,nan,-0.16979,0.02949,nan,0.41767,0.6191399999999999,nan,nan,nan,nan,-0.062584,nan,nan,-0.44465,-0.39063000000000003,nan,nan,nan,nan,-0.41131,-0.3318,nan,nan,nan,nan,nan,nan,nan,nan,nan,nan,nan,nan,nan,nan,0.32232,0.24475,0.36767,0.32255,0.2582,nan,nan,nan,nan,nan,nan,-0.8663200000000001,nan,nan,nan,-1.3376,nan,-1.4861,nan,nan,-1.5279,nan,nan,-1.3035,-1.225,nan,nan,nan,nan,nan,-0.46205,nan,nan,nan,nan,nan,nan,nan,0.60215,nan,nan,nan,nan,1.61,nan,nan,nan,nan,nan,nan
7.0,2.8387,nan,nan,nan,2.0284,1.8005,nan,nan,1.3552,nan,nan,nan,nan,nan,nan,0.24966999999999998,0.037769,nan,nan,nan,nan,nan,nan,nan,nan,nan,nan,-1.1735,-1.1895,nan,nan,nan,nan,nan,nan,nan,nan,nan,nan,nan,nan,nan,nan,nan,nan,nan,nan,nan,nan,-0.9370200000000001,-0.70114,nan,nan,nan,nan,nan,nan,nan,nan,nan,nan,nan,nan,nan,nan,nan,nan,nan,nan,-0.29518,nan,nan,nan,nan,nan,nan,nan,nan,nan,nan,nan,nan,nan,0.4111,nan,nan,nan,nan,nan,nan,nan,nan,nan,nan,nan,nan,nan,nan,nan,-1.3353,nan,nan,nan,nan,nan,nan,nan,nan,nan,nan,nan,nan,-0.38838,nan,nan,nan,nan,-1.1797,nan,-1.1788,nan,nan,nan,nan,nan,-0.81396,-0.60201,nan,nan,nan,nan,nan,nan,0.48951000000000006,0.7230300000000001,0.9564,nan,nan,nan,1.8957,nan,nan,2.6264,nan
5.0,1.3015,nan,nan,nan,nan,nan,0.58249,0.65464,0.7197600000000001,nan,nan,nan,nan,nan,nan,nan,-0.16982,nan,nan,nan,nan,nan,-1.2885,nan,nan,nan,-1.8774,nan,nan,nan,-1.1812,-0.9967299999999999,nan,nan,nan,nan,nan,nan,nan,nan,0.10862999999999999,nan,0.047731,-0.024,nan,nan,nan,nan,nan,nan,nan,nan,nan,nan,nan,-0.73233,nan,-0.37123,nan,nan,nan,nan,nan,nan,nan,nan,nan,1.2226,nan,1.6129,nan,nan,nan,nan,nan,nan,nan,nan,1.8276,nan,nan,1.2502,nan,nan,nan,nan,nan,0.40084000000000003,nan,0.032925,nan,nan,nan,nan,nan,nan,nan,nan,nan,nan,nan,nan,nan,nan,nan,nan,nan,nan,nan,nan,nan,-0.31249,nan,nan,nan,nan,nan,nan,nan,nan,-1.7427,nan,nan,nan,nan,nan,nan,nan,nan,nan,nan,nan,nan,nan,0.7709699999999999,0.70545,nan,nan,nan,nan,nan,nan,1.125,nan
3.0,2.7217,nan,nan,nan,nan,1.6866,nan,nan,nan,nan,0.66062,nan,nan,0.045409,nan,nan,nan,nan,nan,-0.59212,nan,nan,nan,-1.1734,nan,nan,nan,nan,nan,nan,nan,nan,nan,nan,nan,nan,nan,nan,nan,nan,-0.20423,nan,nan,nan,nan,nan,nan,0.7633800000000001,nan,nan,0.66885,nan,nan,nan,nan,nan,nan,nan,nan,nan,nan,nan,nan,nan,nan,nan,nan,nan,nan,-0.16491,nan,nan,nan,nan,-0.27665,nan,nan,-0.55685,nan,nan,nan,nan,0.29017,nan,nan,nan,0.45821999999999996,nan,nan,nan,0.013474000000000002,0.14197,nan,0.35009,0.31089,nan,nan,nan,nan,nan,nan,nan,nan,nan,-0.68333,nan,nan,nan,nan,nan,nan,-1.4509999999999998,nan,nan,nan,nan,nan,-1.297,nan,nan,-0.98906,nan,nan,nan,nan,-0.24265,nan,nan,nan,nan,nan,nan,nan,0.7678699999999999,0.97121,1.1776,nan,nan,nan,nan,nan,2.3853,2.5854,nan
1.0,2.4523,nan,2.0517,1.8558,nan,nan,1.3569,1.1632,0.9679399999999999,nan,nan,nan,nan,nan,nan,-0.39155999999999996,-0.42589,nan,nan,nan,-1.1013,nan,nan,nan,nan,-1.4093,nan,-1.1666,nan,nan,nan,-1.2247,nan,nan,nan,-1.1497,-1.0017,nan,nan,nan,nan,nan,nan,nan,nan,nan,nan,nan,nan,nan,0.4789,nan,0.21786,nan,nan,nan,nan,-0.31773,nan,nan,nan,nan,nan,-0.014601,nan,nan,nan,nan,nan,0.94215,nan,1.2269,nan,nan,nan,1.4501,1.2619,nan,nan,nan,nan,0.31219,nan,nan,nan,nan,-0.54462,nan,nan,nan,nan,nan,nan,nan,nan,nan,nan,nan,nan,nan,nan,nan,nan,-0.34803,nan,-0.66063,-0.81213,nan,-1.0974,-1.2043,nan,nan,nan,nan,nan,-1.0687,nan,nan,nan,nan,nan,nan,nan,nan,nan,-0.73538,-0.55709,nan,nan,nan,nan,0.24739,nan,nan,nan,nan,1.1873,nan,nan,nan,nan,2.1395,nan,nan
7.0,2.8376,nan,nan,nan,nan,nan,1.5132,nan,nan,nan,nan,0.41158999999999996,nan,nan,nan,nan,nan,nan,nan,nan,-1.0189,nan,nan,nan,-1.3319,nan,nan,nan,nan,nan,-0.8023899999999999,nan,-0.37825,-0.15542999999999998,nan,nan,nan,nan,nan,0.012903,-0.20529,nan,nan,-0.8387600000000001,-1.0254,nan,nan,nan,-1.2201,nan,nan,-0.54281,-0.24428000000000002,nan,nan,nan,0.6661699999999999,nan,nan,0.33228,nan,nan,nan,0.6457,nan,nan,nan,0.11537,nan,nan,-0.38187,nan,nan,-0.4917,nan,nan,nan,nan,0.19852999999999998,nan,nan,nan,nan,nan,nan,nan,nan,nan,nan,0.55848,nan,nan,nan,nan,nan,-0.8776799999999999,nan,nan,nan,nan,nan,nan,nan,nan,nan,nan,0.037926999999999995,0.074198,nan,nan,nan,nan,-0.53051,nan,-0.9545299999999999,nan,-1.1843,nan,nan,nan,nan,-1.3082,nan,-0.94491,nan,nan,nan,nan,nan,nan,nan,0.36688000000000004,nan,nan,nan,nan,nan,1.5958,nan,2.0328,nan,nan,nan,nan
4.0,2.5479,nan,nan,1.7536,nan,nan,nan,nan,nan,nan,nan,nan,nan,nan,nan,nan,nan,nan,nan,nan,nan,nan,nan,nan,-1.3014,nan,nan,nan,nan,nan,nan,nan,nan,0.9265899999999999,nan,nan,nan,1.4609999999999999,nan,0.94029,0.6832600000000001,nan,nan,nan,nan,nan,nan,-1.0999,nan,-1.5858,nan,-1.9588,nan,nan,-1.077,-0.75134,nan,nan,nan,0.5421199999999999,0.67716,nan,nan,nan,0.056108000000000005,-0.049618,nan,nan,nan,nan,nan,nan,-0.09854,-0.36244,-0.35955,nan,-0.11955999999999999,nan,nan,nan,nan,nan,nan,nan,0.083799,nan,nan,nan,nan,0.3515,nan,nan,nan,nan,nan,nan,-1.732,nan,nan,-1.2607,-1.0194,nan,nan,nan,nan,nan,nan,nan,nan,1.2883,nan,1.3051,nan,nan,nan,0.3532,nan,nan,nan,nan,nan,-1.1278,nan,nan,nan,nan,nan,nan,nan,nan,nan,nan,nan,nan,nan,nan,nan,nan,nan,nan,nan,nan,nan,nan
3.0,2.6319999999999997,2.4293,nan,nan,nan,nan,nan,1.2138,1.0097,0.80572,nan,0.39987,nan,nan,nan,nan,-0.17037,nan,nan,nan,-0.7420399999999999,nan,nan,nan,nan,nan,nan,nan,nan,nan,nan,nan,nan,nan,nan,-1.1718,-1.0401,-0.89948,nan,nan,nan,nan,nan,nan,nan,nan,0.6762699999999999,nan,nan,0.7811600000000001,nan,nan,0.70796,0.57197,nan,nan,0.15129,0.025541,nan,nan,nan,0.06632300000000001,nan,nan,0.65682,nan,nan,0.17137,nan,nan,nan,nan,nan,nan,nan,-0.27654,-0.36418,nan,nan,0.033832999999999995,nan,nan,nan,nan,nan,0.28042,0.082777,nan,nan,nan,nan,nan,nan,nan,0.48731,nan,nan,nan,nan,nan,nan,nan,nan,nan,-0.76035,nan,nan,nan,nan,nan,nan,nan,nan,nan,nan,nan,nan,nan,nan,nan,nan,nan,nan,nan,nan,nan,nan,nan,nan,nan,nan,nan,nan,nan,nan,1.0669,nan,nan,nan,nan,nan,nan,nan,nan
4.0,2.6154,nan,nan,nan,nan,nan,nan,0.88035,0.61603,nan,nan,nan,nan,nan,nan,nan,nan,nan,-1.1511,nan,-1.3801,nan,nan,nan,nan,nan,nan,nan,0.054213,nan,nan,nan,nan,nan,nan,nan,nan,nan,nan,nan,nan,nan,nan,nan,nan,nan,nan,nan,nan,nan,nan,nan,nan,nan,-0.70563,nan,-0.23196,nan,0.24425,nan,nan,nan,nan,nan,nan,-0.29661,-0.28954,nan,nan,nan,nan,nan,nan,-0.43313999999999997,nan,nan,nan,nan,-0.34642,nan,nan,nan,0.38365,0.18316,nan,nan,nan,nan,nan,nan,nan,nan,nan,nan,nan,nan,nan,nan,-1.784,-1.5319999999999998,-1.2723,nan,nan,-0.46138,-0.18923,nan,0.36245,0.64039,nan,1.1989,nan,nan,nan,0.8757799999999999,0.64507,nan,0.20263,-0.007162399999999999,nan,-0.44106999999999996,nan,-0.85264,nan,-1.2112,nan,nan,nan,nan,nan,nan,-0.25179,-0.010889,nan,nan,0.20551999999999998,0.49282,nan,nan,nan,nan,nan,nan,nan,nan
2.0,2.6414,2.3797,nan,1.8677,1.6135,nan,1.2023,nan,nan,nan,nan,nan,-0.010917,-0.1205,-0.20454,nan,nan,nan,-0.98774,nan,nan,nan,nan,-1.3891,-1.1838,-0.9876299999999999,nan,nan,-1.2691,nan,-1.1919,-0.99972,nan,nan,nan,nan,nan,nan,-0.11197,nan,0.057669000000000005,nan,nan,nan,nan,0.62666,nan,nan,nan,0.43928,nan,nan,nan,nan,nan,nan,nan,nan,nan,nan,nan,nan,nan,nan,nan,nan,nan,nan,0.14342,nan,nan,0.8898299999999999,nan,nan,nan,nan,nan,nan,nan,nan,nan,nan,nan,-0.10854000000000001,nan,nan,-0.80488,-1.03,nan,nan,-0.75912,nan,nan,-0.35522,nan,nan,nan,nan,-0.018541,nan,nan,nan,nan,nan,nan,nan,-0.052752,nan,-0.25019,nan,nan,-0.73218,-0.79315,nan,nan,nan,nan,-1.3191,nan,nan,nan,-1.4069,nan,nan,nan,nan,nan,nan,nan,nan,0.26138,nan,0.39726999999999996,nan,nan,nan,nan,nan,nan,nan,nan,nan,nan,nan
2.0,2.5868,2.3162,nan,nan,nan,nan,nan,nan,nan,0.65123,nan,nan,nan,nan,nan,nan,-0.61245,nan,nan,-1.1839,nan,nan,nan,nan,nan,nan,nan,nan,nan,nan,nan,nan,nan,nan,-0.47583000000000003,nan,nan,nan,nan,0.07233099999999999,nan,nan,0.43156000000000005,nan,nan,nan,0.8497399999999999,nan,nan,nan,nan,nan,0.20119,nan,nan,-0.41215,nan,nan,nan,-0.8884700000000001,nan,nan,nan,nan,nan,nan,nan,0.26463000000000003,nan,nan,nan,nan,nan,nan,nan,nan,nan,nan,nan,nan,nan,nan,nan,nan,nan,nan,nan,nan,nan,nan,nan,nan,-0.17842,nan,0.014808000000000002,nan,nan,nan,nan,nan,nan,nan,nan,nan,nan,nan,nan,nan,-0.7770600000000001,nan,-0.83814,nan,-1.1551,-1.3095,nan,nan,nan,nan,nan,nan,nan,nan,nan,-1.1945,nan,nan,nan,nan,nan,nan,nan,0.19526,nan,nan,nan,0.88828,1.0614,nan,nan,nan,nan,2.231,nan,nan
5.0,1.1897,nan,nan,nan,nan,nan,nan,nan,nan,nan,0.9153399999999999,nan,nan,nan,nan,-0.09451,nan,nan,nan,nan,nan,nan,nan,nan,nan,nan,nan,-1.7153,nan,nan,nan,nan,nan,nan,nan,nan,-0.11264,nan,nan,-0.013021000000000001,nan,nan,nan,-0.015875,nan,nan,nan,nan,nan,nan,nan,-0.75943,-0.7759,-0.78455,nan,-0.5341199999999999,nan,nan,nan,0.18788,nan,nan,nan,0.9111799999999999,nan,nan,nan,nan,nan,nan,nan,nan,nan,2.5225,nan,nan,1.9554,nan,nan,nan,nan,nan,nan,nan,nan,0.50368,0.32449,0.13739,nan,nan,nan,nan,nan,nan,nan,nan,nan,nan,nan,nan,nan,nan,nan,nan,nan,nan,-0.058994000000000005,nan,nan,nan,nan,nan,-0.63978,nan,nan,nan,nan,nan,nan,nan,nan,nan,nan,-1.2747,-1.0956,nan,nan,nan,-0.30635,nan,0.13087000000000001,nan,nan,nan,0.8717299999999999,nan,nan,nan,nan,nan,nan,nan,nan,nan
3.0,2.608,nan,nan,nan,nan,nan,nan,1.2321,nan,nan,nan,nan,nan,0.032688,-0.16922,nan,-0.22689,nan,-0.36218,nan,nan,nan,-1.0034,nan,nan,nan,nan,nan,nan,nan,nan,nan,-1.5146,nan,nan,nan,nan,-0.9881200000000001,nan,nan,nan,nan,-0.1806,nan,nan,nan,nan,nan,0.77247,nan,nan,nan,0.8221700000000001,nan,nan,nan,nan,nan,nan,-0.097773,nan,nan,nan,nan,0.44485,nan,nan,nan,nan,nan,-0.3097,nan,nan,nan,nan,nan,nan,nan,nan,nan,0.20985,nan,nan,nan,nan,nan,nan,nan,nan,nan,nan,0.60905,0.63712,nan,nan,nan,0.55823,nan,nan,nan,nan,nan,-0.37101,-0.54919,nan,-0.8624200000000001,-1.0045,nan,nan,-1.3626,nan,nan,nan,nan,nan,nan,nan,-1.3243,nan,nan,-0.97883,nan,nan,nan,nan,nan,nan,nan,nan,nan,nan,nan,nan,nan,nan,nan,nan,nan,1.6397,nan,nan,nan,nan,nan
6.0,2.7313,nan,nan,2.042,nan,1.5867,nan,nan,0.91079,nan,nan,nan,0.20115,nan,-0.19662000000000002,nan,nan,nan,nan,nan,nan,-1.4347,nan,nan,nan,nan,nan,nan,nan,-0.9329700000000001,nan,nan,nan,-0.2368,nan,nan,0.15093,nan,nan,nan,0.043581,nan,nan,-0.45711999999999997,-0.6011,nan,nan,nan,nan,nan,-0.27341,nan,nan,nan,nan,nan,nan,nan,nan,nan,nan,nan,nan,nan,nan,-0.13602,nan,-0.5614399999999999,nan,nan,-0.5865100000000001,nan,-0.70885,-0.54213,nan,-0.41935,nan,nan,0.16385,nan,nan,0.6451399999999999,0.64718,nan,0.68253,nan,nan,nan,nan,nan,0.18137,nan,-0.30856,-0.41026999999999997,nan,nan,nan,nan,nan,nan,-0.17670999999999998,nan,nan,nan,nan,-0.038393000000000004,nan,nan,nan,-0.70812,nan,nan,nan,-1.2416,nan,nan,nan,-1.4962,nan,nan,nan,-1.2938,nan,nan,nan,nan,nan,nan,nan,nan,nan,nan,nan,nan,1.0393,nan,nan,nan,1.8744,nan,2.2885,nan,nan,nan
7.0,2.845,nan,nan,nan,1.9959,nan,nan,nan,1.1136,nan,0.66708,nan,nan,nan,nan,nan,nan,-0.34460999999999997,nan,nan,nan,nan,nan,nan,nan,nan,nan,nan,nan,nan,nan,nan,nan,nan,-0.30715,-0.076562,0.084863,nan,nan,nan,nan,nan,nan,nan,nan,-0.9397399999999999,nan,-1.2724,nan,nan,nan,nan,nan,nan,nan,nan,nan,nan,nan,nan,nan,nan,nan,nan,0.33107,nan,nan,nan,nan,0.40815,nan,nan,nan,nan,-0.33391,nan,nan,nan,-0.28415,nan,nan,0.4254,nan,nan,nan,nan,nan,nan,nan,0.56528,0.43204,nan,-0.08277799999999999,nan,-0.63393,nan,nan,nan,nan,nan,nan,nan,nan,nan,nan,nan,0.020083,nan,nan,nan,nan,-0.2656,nan,nan,nan,nan,nan,-1.1468,-1.1082,nan,nan,-1.3077,nan,nan,nan,nan,nan,nan,nan,nan,nan,nan,nan,nan,nan,1.0574,nan,nan,nan,nan,nan,nan,nan,nan
5.0,1.1756,nan,nan,nan,nan,nan,nan,nan,nan,nan,nan,nan,nan,nan,nan,nan,nan,nan,-0.81219,nan,nan,nan,nan,-1.8227,-1.87,nan,nan,nan,nan,nan,nan,nan,nan,nan,0.061999,nan,nan,nan,nan,nan,-0.07135,-0.16146,nan,nan,nan,nan,nan,nan,nan,nan,nan,nan,-0.8143100000000001,nan,-0.41258,nan,nan,nan,nan,nan,nan,nan,nan,nan,nan,nan,nan,nan,nan,nan,nan,nan,nan,nan,nan,nan,1.6384,nan,nan,nan,nan,0.9142899999999999,nan,0.50055,0.29525,nan,nan,nan,nan,nan,nan,nan,nan,nan,-0.79095,nan,nan,nan,nan,nan,-0.19455999999999998,nan,0.0087802,nan,nan,-0.066347,nan,nan,nan,nan,nan,nan,-0.92053,nan,nan,nan,nan,nan,nan,nan,nan,nan,nan,nan,nan,nan,nan,-0.28552,nan,nan,0.26332,nan,nan,nan,nan,nan,nan,nan,nan,nan,nan,nan,nan,1.1823
4.0,2.6218,nan,nan,nan,nan,nan,nan,nan,nan,nan,-0.042395999999999996,nan,nan,nan,nan,-0.7539100000000001,nan,nan,nan,nan,nan,nan,-1.1189,nan,-0.67296,nan,nan,nan,nan,nan,nan,nan,nan,1.4552,nan,nan,nan,0.8275,nan,nan,nan,nan,-0.46873000000000004,nan,nan,-1.2343,nan,nan,nan,nan,nan,nan,nan,nan,-0.27255999999999997,nan,0.3689,nan,0.42611000000000004,nan,nan,-0.081109,nan,nan,nan,nan,0.31669,nan,nan,nan,nan,-0.46462,nan,-0.23442,nan,nan,nan,nan,nan,nan,nan,nan,nan,nan,nan,nan,nan,nan,nan,nan,nan,nan,nan,nan,nan,nan,nan,nan,nan,nan,-0.97519,-0.7176600000000001,nan,nan,nan,nan,nan,0.8396100000000001,nan,1.3597,nan,1.2892,nan,nan,nan,nan,nan,nan,nan,nan,nan,nan,nan,nan,-1.0609,nan,nan,nan,nan,nan,nan,nan,nan,nan,nan,nan,nan,nan,nan,nan,nan,nan,nan,nan
7.0,2.8068,2.5861,nan,nan,nan,nan,nan,nan,nan,nan,nan,nan,0.31388,nan,nan,-0.10602,nan,nan,nan,-0.92948,nan,nan,nan,nan,nan,nan,nan,nan,nan,nan,-0.9285700000000001,nan,nan,nan,nan,nan,nan,nan,0.22035,nan,nan,nan,-0.20631,nan,nan,nan,nan,nan,nan,-1.4069,nan,-1.0213,-0.7621600000000001,-0.5805600000000001,-0.33863000000000004,-0.05959400000000001,nan,nan,nan,nan,nan,nan,nan,nan,nan,nan,nan,nan,nan,nan,nan,nan,nan,nan,nan,nan,nan,nan,nan,nan,nan,nan,nan,nan,nan,nan,0.5332100000000001,0.64447,0.60956,nan,nan,nan,nan,-0.58211,nan,nan,nan,nan,nan,-1.0356,nan,-0.68779,nan,nan,nan,nan,nan,nan,nan,nan,nan,nan,nan,-0.87482,nan,-1.1534,nan,-1.084,nan,nan,nan,nan,nan,nan,nan,-0.55743,nan,nan,0.063884,nan,nan,0.3226,nan,nan,nan,1.1635,nan,nan,1.8103,nan,nan,nan,nan,nan
3.0,2.6209,nan,nan,nan,nan,nan,nan,nan,1.0117,nan,nan,nan,nan,nan,nan,nan,nan,-0.20144,nan,nan,nan,nan,nan,nan,nan,nan,-1.4662,-1.53,nan,nan,nan,nan,-1.489,nan,-1.3067,nan,nan,-0.91107,nan,nan,nan,nan,-0.067789,nan,nan,nan,nan,nan,nan,0.7733899999999999,nan,nan,nan,nan,nan,nan,nan,nan,-0.14957,-0.19645,-0.024496,nan,nan,nan,nan,0.44903000000000004,nan,nan,nan,-0.32955,nan,-0.21769000000000002,-0.037265,-0.044059,nan,nan,-0.30755,-0.1879,nan,nan,nan,nan,nan,nan,nan,nan,0.087301,0.20709,0.33431,nan,nan,nan,nan,nan,nan,nan,nan,nan,nan,nan,nan,nan,nan,nan,-0.77517,nan,nan,nan,nan,nan,nan,nan,nan,nan,nan,-1.4559,-1.3928,-1.3095,nan,nan,nan,nan,nan,nan,-0.31547,nan,-0.23686999999999997,nan,nan,-0.14576,nan,0.25633,0.45537,nan,0.85661,1.055,nan,nan,nan,nan,nan,nan,nan,2.6208
3.0,2.4575,nan,2.105,nan,nan,1.5751,nan,nan,nan,nan,nan,0.51451,nan,0.16207,-0.012381,nan,nan,nan,nan,nan,nan,nan,nan,nan,nan,-1.3305,nan,nan,-1.5594,-1.6072,nan,-1.6106,-1.5874,nan,nan,nan,nan,nan,nan,-0.88044,-0.73653,-0.58013,-0.43513999999999997,nan,nan,nan,nan,nan,nan,nan,nan,0.8624200000000001,nan,nan,nan,0.87359,nan,nan,nan,nan,0.24486,nan,nan,nan,-0.005906300000000001,-0.010381999999999999,nan,0.32704,nan,nan,nan,nan,nan,0.10864000000000001,nan,nan,nan,nan,nan,nan,nan,nan,0.24465,nan,nan,nan,0.68834,nan,0.37542,nan,nan,0.47523999999999994,0.34398,nan,nan,nan,nan,0.15195,nan,nan,nan,nan,nan,nan,-0.89254,nan,-1.1223,-1.2375,nan,-1.4104,nan,-1.5146,nan,nan,nan,nan,-1.3492,nan,nan,nan,nan,-0.8476799999999999,nan,nan,nan,-0.26276,nan,nan,-0.16547,nan,0.1854,nan,nan,nan,nan,nan,nan,nan,nan,nan,nan,nan,nan,nan
1.0,2.3645,nan,nan,nan,nan,1.4752,nan,nan,nan,0.75583,nan,0.39057,nan,nan,-0.11932000000000001,nan,-0.47303999999999996,nan,-0.68808,nan,nan,nan,-1.2525,nan,nan,-1.4919,nan,nan,-1.4753,nan,nan,nan,nan,nan,-1.0812,nan,nan,nan,nan,-1.1319,nan,nan,nan,nan,nan,nan,nan,nan,0.051254999999999995,nan,nan,nan,0.6492600000000001,nan,nan,nan,nan,nan,nan,nan,0.02814,-0.073811,nan,-0.24936,nan,nan,nan,nan,nan,nan,nan,nan,nan,nan,nan,nan,nan,nan,1.485,nan,1.641,1.4586,nan,nan,0.94085,nan,nan,0.36056,nan,nan,nan,-0.42063999999999996,nan,nan,nan,nan,nan,nan,nan,nan,0.17312,nan,nan,nan,-0.059445000000000005,-0.2133,-0.39849,nan,nan,nan,nan,nan,nan,nan,nan,nan,-1.021,nan,-1.0643,nan,nan,nan,nan,nan,nan,-0.70863,nan,nan,nan,nan,nan,nan,nan,0.64275,nan,1.0034,nan,nan,nan,nan,1.915,nan,nan,2.3603
6.0,2.6961,nan,nan,nan,nan,nan,nan,nan,nan,nan,nan,nan,nan,nan,nan,nan,nan,nan,nan,nan,-1.2654,nan,nan,-1.5273,nan,nan,-1.4207,nan,nan,nan,nan,nan,nan,nan,nan,0.087372,nan,nan,nan,0.25701999999999997,nan,-0.060716,nan,nan,nan,nan,nan,nan,nan,nan,-0.35738000000000003,nan,nan,nan,nan,0.78309,nan,nan,nan,nan,nan,nan,0.64349,0.44455,nan,nan,-0.24001999999999998,-0.43967,-0.5891,-0.50069,-0.67989,nan,nan,-0.62859,nan,-0.5151899999999999,nan,nan,nan,nan,nan,nan,nan,nan,nan,nan,nan,nan,0.6213,nan,nan,nan,nan,nan,-0.48704,nan,nan,nan,nan,nan,nan,nan,nan,nan,nan,nan,-0.11485999999999999,-0.28783000000000003,nan,nan,nan,nan,nan,nan,nan,nan,nan,nan,nan,nan,nan,nan,nan,nan,nan,nan,nan,nan,-0.044893999999999996,0.11837,nan,0.43251999999999996,nan,nan,nan,nan,nan,1.6146,nan,nan,2.2302,2.4363,nan,nan
7.0,2.9095,2.755,2.5435,nan,nan,nan,nan,nan,nan,nan,0.7659999999999999,nan,nan,nan,nan,nan,nan,nan,nan,nan,-0.93495,-1.0368,nan,nan,nan,nan,nan,nan,nan,nan,nan,nan,nan,nan,nan,nan,nan,nan,nan,nan,nan,nan,-0.58008,-0.79637,nan,nan,nan,nan,nan,nan,nan,nan,nan,nan,nan,nan,0.63435,nan,nan,nan,nan,nan,nan,nan,nan,nan,nan,nan,nan,-0.11514,-0.33857,-0.34596,-0.33796,nan,nan,nan,nan,nan,nan,nan,nan,0.6814899999999999,nan,nan,0.34967,nan,0.35200000000000004,nan,nan,nan,nan,nan,nan,nan,nan,-0.9740200000000001,nan,nan,nan,nan,nan,nan,nan,nan,nan,nan,0.048166,nan,0.096988,nan,nan,nan,nan,-0.72283,nan,-1.0322,nan,nan,-1.0846,nan,-1.3282,nan,nan,nan,nan,-0.68991,nan,nan,nan,nan,0.36393000000000003,nan,nan,nan,nan,1.0297,nan,nan,nan,nan,2.1829,2.4217,2.6628,nan
6.0,2.6853,nan,nan,nan,1.8619999999999999,1.6580000000000001,nan,nan,nan,nan,nan,nan,nan,nan,nan,nan,nan,nan,nan,nan,nan,nan,nan,nan,nan,nan,nan,-1.4668,nan,nan,nan,nan,nan,nan,nan,nan,0.07346799999999999,0.12440999999999999,nan,nan,0.23600000000000002,nan,nan,-0.20235999999999998,nan,nan,-0.5828899999999999,nan,nan,-0.6508,nan,nan,nan,nan,nan,nan,nan,nan,nan,nan,nan,nan,0.6332399999999999,nan,0.28442,nan,nan,nan,nan,nan,nan,nan,-0.44475,nan,-0.40746,-0.53214,nan,nan,nan,nan,nan,0.63465,nan,nan,nan,nan,0.75536,nan,nan,nan,nan,nan,nan,nan,nan,nan,-0.6339100000000001,-0.52098,nan,nan,nan,nan,nan,nan,0.13094,nan,nan,nan,nan,nan,nan,-0.9808899999999999,-1.1395,nan,nan,nan,nan,nan,nan,nan,nan,nan,nan,-0.9353799999999999,nan,-0.5784699999999999,nan,-0.21686999999999998,nan,nan,nan,nan,0.5857100000000001,nan,nan,nan,nan,nan,nan,nan,nan,nan,nan,nan
3.0,2.6236,nan,nan,nan,nan,1.61,nan,nan,nan,nan,0.59449,nan,nan,-0.014093000000000001,nan,nan,-0.22511,nan,-0.39776,nan,nan,nan,nan,nan,-1.3042,nan,nan,nan,nan,-1.6369999999999998,nan,-1.5749,-1.5167,nan,nan,nan,nan,nan,nan,nan,nan,nan,-0.08692899999999999,0.11127999999999999,nan,nan,nan,nan,nan,nan,nan,nan,nan,nan,nan,nan,0.24191999999999997,nan,nan,-0.17601,nan,nan,0.15702,nan,nan,nan,nan,nan,nan,nan,nan,nan,nan,nan,nan,nan,nan,nan,-0.19112,nan,nan,nan,nan,nan,nan,nan,nan,nan,nan,nan,nan,nan,0.68981,nan,nan,nan,nan,nan,nan,nan,nan,nan,-0.36601999999999996,nan,nan,-0.85708,nan,nan,-1.238,nan,nan,nan,-1.5219,-1.5313,-1.4836,nan,nan,nan,nan,nan,nan,nan,nan,nan,nan,nan,nan,nan,nan,nan,0.057055999999999996,0.25993,nan,0.66392,nan,nan,nan,nan,nan,nan,nan,nan,nan,2.6236
5.0,1.2669,nan,nan,0.81834,nan,nan,nan,0.67752,nan,nan,0.9051299999999999,nan,nan,nan,nan,nan,nan,-0.34624,nan,nan,nan,nan,-1.2551,-1.4363,nan,-1.756,nan,nan,nan,nan,nan,nan,nan,nan,nan,nan,nan,0.017478,nan,nan,0.12136,nan,0.0053494,nan,-0.20789000000000002,-0.35144000000000003,nan,nan,-0.74063,nan,nan,nan,-1.0049,nan,-0.9131,nan,-0.53604,nan,-0.17304,nan,nan,nan,0.58327,nan,0.8486600000000001,nan,nan,nan,nan,1.6486,nan,2.0527,nan,nan,nan,nan,nan,1.9995,nan,nan,nan,nan,1.0337,nan,nan,nan,nan,nan,0.19444,0.018775999999999998,nan,nan,nan,nan,-0.8836200000000001,nan,nan,-0.8957799999999999,nan,nan,nan,nan,nan,nan,nan,nan,nan,nan,nan,-0.12866,nan,-0.18028,nan,nan,nan,nan,nan,nan,-1.4402,nan,nan,nan,nan,nan,nan,nan,-0.8144899999999999,-0.61735,-0.41728999999999994,nan,nan,0.23706999999999998,nan,nan,0.81638,nan,nan,nan,nan,nan,nan,nan,nan,1.2636
2.0,2.5017,nan,nan,1.7784,nan,nan,nan,nan,nan,nan,nan,nan,nan,nan,nan,nan,nan,-0.4585,nan,nan,nan,nan,nan,nan,-1.6115,-1.624,nan,nan,nan,nan,-1.2551,nan,nan,-1.1761,nan,nan,nan,nan,nan,nan,-0.078364,nan,nan,nan,nan,0.44325,nan,nan,nan,nan,nan,nan,nan,0.38186,nan,nan,nan,nan,nan,nan,nan,nan,nan,nan,-0.53303,-0.29528000000000004,nan,nan,nan,nan,nan,nan,nan,1.3174,nan,nan,nan,nan,nan,1.3212,nan,nan,0.5868899999999999,nan,nan,nan,nan,nan,nan,nan,-0.82104,-0.70813,nan,-0.46497,nan,nan,nan,nan,nan,nan,nan,0.37939,nan,0.18896,0.10772000000000001,-0.015661,-0.17887,nan,-0.48535,nan,nan,nan,-0.9384100000000001,nan,nan,nan,nan,-1.2109,nan,nan,nan,nan,nan,nan,nan,nan,-0.65971,nan,nan,0.032402999999999994,nan,0.10867,nan,nan,nan,nan,nan,nan,nan,nan,nan,nan,nan,nan
2.0,2.5888,nan,nan,1.9781,nan,nan,nan,nan,nan,nan,nan,nan,nan,nan,0.10834,nan,nan,-0.5101600000000001,-0.7321300000000001,nan,nan,nan,nan,nan,nan,-1.5511,nan,-1.1398,-1.0939,nan,nan,nan,nan,-1.0632,nan,nan,nan,nan,nan,nan,nan,nan,nan,nan,nan,0.46285,nan,nan,nan,nan,nan,nan,nan,0.15477,nan,nan,nan,-0.59402,nan,nan,-0.93665,-0.78576,nan,nan,nan,nan,nan,nan,nan,nan,nan,nan,nan,nan,nan,nan,nan,1.1626,nan,nan,nan,nan,nan,-0.22543000000000002,nan,nan,-0.90092,nan,nan,nan,nan,nan,nan,nan,nan,nan,nan,nan,0.044007,0.25211,0.48034,nan,nan,nan,0.14943,0.058284,nan,nan,-0.36039,nan,-0.61217,nan,-0.8342299999999999,-1.0088,nan,-1.3371,nan,nan,-1.1076,-1.2807,nan,nan,nan,nan,nan,nan,nan,nan,nan,nan,nan,nan,nan,nan,nan,nan,nan,nan,nan,nan,nan,nan,nan,nan
4.0,2.6147,nan,nan,nan,nan,nan,nan,nan,nan,nan,nan,nan,-0.053265999999999994,nan,nan,nan,nan,nan,nan,nan,nan,nan,nan,nan,nan,-0.30612,nan,nan,nan,0.6696,nan,nan,1.3461,nan,nan,nan,nan,nan,nan,nan,nan,nan,nan,nan,nan,nan,-1.6323,nan,nan,nan,-1.5741,-1.2233,nan,nan,nan,nan,nan,0.41545,nan,0.079475,nan,-0.24659,nan,nan,nan,nan,nan,nan,nan,nan,nan,nan,-0.39391,nan,nan,nan,nan,nan,0.59918,nan,0.72852,nan,nan,nan,nan,nan,0.028722,nan,0.38101999999999997,nan,nan,nan,nan,nan,nan,nan,nan,-1.7719999999999998,nan,nan,nan,-1.1374,nan,-0.6259399999999999,nan,nan,nan,nan,0.6844100000000001,0.94527,1.2065,nan,nan,nan,nan,0.56496,nan,nan,-0.21106,nan,nan,-0.91945,nan,nan,-1.1262,nan,-0.90701,-0.7512800000000001,nan,nan,nan,nan,nan,0.08018600000000001,nan,nan,nan,nan,nan,nan,nan,nan,nan,nan
6.0,2.7327,nan,nan,nan,nan,1.7006,nan,nan,1.0758,nan,0.66183,nan,nan,nan,-0.048406,nan,nan,nan,nan,nan,nan,nan,-1.4841,-1.5339,nan,-1.5242,nan,nan,nan,nan,-0.9376700000000001,nan,nan,nan,-0.14545,nan,0.096374,0.16535,nan,nan,nan,nan,nan,nan,nan,-0.6160899999999999,nan,nan,nan,nan,nan,nan,0.012981999999999999,nan,0.52059,nan,nan,nan,nan,nan,nan,nan,nan,nan,nan,nan,nan,-0.34486999999999995,nan,nan,nan,nan,-0.5482199999999999,nan,nan,nan,-0.47817,nan,nan,nan,nan,nan,nan,nan,0.63363,0.65837,nan,nan,0.7765,nan,nan,nan,nan,nan,-0.47185,nan,nan,nan,nan,nan,nan,nan,nan,nan,0.12598,nan,nan,nan,nan,nan,-0.6635800000000001,nan,nan,nan,nan,nan,-1.4593,nan,nan,nan,nan,nan,nan,nan,-0.7985899999999999,nan,nan,nan,nan,nan,nan,nan,nan,nan,nan,nan,1.3749,nan,1.7817,nan,2.1907,2.3964,nan,nan
7.0,2.7958,nan,nan,2.1111,nan,nan,1.411,nan,0.9435100000000001,nan,0.47641999999999995,nan,nan,0.21536,nan,nan,0.53503,nan,nan,nan,nan,nan,nan,nan,nan,nan,nan,-1.5561,nan,-1.3058,nan,nan,nan,nan,nan,nan,nan,nan,nan,nan,nan,nan,nan,nan,-0.3687,-0.59283,nan,-0.9855200000000001,nan,nan,nan,-1.1054,nan,nan,nan,-0.094113,nan,0.51264,nan,nan,nan,nan,nan,nan,0.43616000000000005,nan,nan,nan,0.70425,nan,nan,nan,nan,nan,nan,-0.36944,nan,nan,nan,nan,nan,nan,0.64256,nan,nan,nan,nan,nan,0.56977,nan,0.67306,nan,nan,nan,-0.40676,nan,-0.88059,nan,nan,nan,nan,nan,nan,nan,nan,nan,nan,nan,0.15039,0.11160999999999999,nan,-0.25075,nan,nan,-0.93,-1.1152,nan,nan,nan,nan,-1.4999,nan,nan,nan,nan,nan,nan,nan,nan,nan,0.2291,nan,nan,nan,nan,nan,nan,nan,nan,nan,nan,nan,nan,nan
1.0,2.4102,nan,2.045,nan,nan,1.4738,nan,nan,nan,nan,nan,nan,nan,nan,-0.24017,nan,nan,nan,nan,nan,nan,nan,-1.3496,nan,nan,-1.444,nan,nan,nan,nan,-1.1478,nan,-1.2765,nan,nan,-1.1636,-1.0332,-0.88615,nan,nan,-0.37454,nan,nan,nan,nan,0.44556999999999997,nan,nan,nan,nan,nan,nan,nan,nan,nan,nan,nan,nan,-0.35951,nan,nan,nan,-0.074438,nan,nan,0.47908,nan,nan,0.97824,nan,nan,nan,nan,1.5811,nan,nan,1.0607,0.87015,0.6797,nan,nan,nan,nan,nan,nan,nan,-0.41713999999999996,nan,nan,nan,nan,nan,nan,0.19575,nan,0.43735,0.5232,nan,nan,nan,nan,nan,-0.25572,nan,nan,nan,nan,nan,nan,-1.2567,-1.3205,-1.2819999999999998,nan,nan,nan,nan,nan,nan,nan,nan,nan,nan,nan,nan,nan,nan,nan,nan,nan,nan,nan,nan,nan,nan,nan,nan,1.2274,nan,nan,nan,nan,nan,nan,nan
1.0,2.4411,2.2388,nan,1.8436,nan,nan,1.254,nan,nan,nan,nan,nan,nan,nan,nan,nan,nan,nan,nan,nan,-1.1419,nan,nan,nan,nan,nan,nan,nan,nan,nan,nan,nan,nan,nan,-1.1203,nan,nan,nan,nan,nan,nan,nan,0.34948,0.49606999999999996,nan,nan,nan,nan,nan,nan,nan,nan,nan,nan,nan,-0.31594,nan,nan,nan,-0.33302,nan,nan,0.20292000000000002,0.38629,0.57606,nan,nan,nan,nan,nan,nan,nan,nan,nan,nan,nan,nan,0.5759,nan,nan,nan,nan,-0.38351,nan,nan,-0.4367,nan,-0.3068,nan,nan,nan,nan,nan,nan,0.46155,nan,nan,nan,nan,0.068096,nan,nan,nan,nan,nan,nan,-1.0206,-1.1557,-1.2555,nan,nan,nan,nan,nan,nan,nan,nan,nan,nan,-1.4059,nan,nan,-1.1536,-1.0353,nan,nan,nan,nan,nan,nan,nan,nan,nan,nan,nan,nan,nan,1.4379,nan,nan,nan,nan,nan,2.447
5.0,1.239,1.0443,1.1246,nan,nan,nan,nan,nan,0.58512,0.64815,nan,nan,nan,nan,nan,nan,nan,-0.040597,nan,nan,-0.54091,nan,nan,nan,nan,nan,nan,nan,nan,nan,nan,nan,-1.2339,-1.0469,nan,nan,nan,-0.27981,-0.19494,-0.027034,-0.013405000000000002,-0.08099500000000001,nan,nan,nan,-0.031474,nan,-0.25463,-0.39571,nan,nan,nan,nan,nan,nan,nan,nan,nan,nan,nan,nan,nan,nan,0.32066999999999996,nan,nan,nan,nan,nan,nan,nan,nan,nan,nan,nan,nan,nan,nan,nan,nan,1.8204,nan,1.4366,nan,1.0477,nan,nan,nan,nan,nan,nan,nan,-0.20622,nan,nan,nan,nan,nan,nan,nan,nan,-0.6751699999999999,nan,nan,-0.38947,nan,-0.20539000000000002,-0.12803,nan,nan,-0.15562,nan,-0.1715,nan,-0.42102,nan,-0.8463299999999999,-1.0498,nan,nan,nan,nan,-1.6797,-1.5258,nan,-1.1654,nan,nan,-0.57407,nan,nan,nan,nan,nan,0.68118,nan,nan,0.61426,nan,nan,nan,nan,nan,1.2363
5.0,1.1601,0.96449,nan,nan,0.49238999999999994,nan,nan,nan,nan,0.85746,nan,nan,nan,nan,nan,nan,nan,-0.53486,nan,-0.9238200000000001,nan,nan,-1.4731,nan,nan,-1.9428,nan,nan,nan,nan,nan,nan,nan,-0.5190899999999999,nan,nan,nan,nan,nan,nan,0.12772999999999998,nan,nan,-0.0033336999999999998,nan,-0.193,nan,-0.44522,nan,nan,nan,nan,nan,nan,nan,nan,nan,nan,0.061498000000000004,nan,nan,nan,nan,0.9814799999999999,nan,nan,nan,1.5081,nan,nan,2.0922,nan,nan,nan,nan,nan,nan,nan,nan,1.2830000000000001,nan,nan,nan,nan,nan,nan,nan,nan,nan,nan,nan,nan,nan,nan,-0.70972,nan,-0.63821,nan,nan,nan,nan,-0.10049,nan,0.036291000000000004,nan,0.051068,nan,-0.013716999999999998,nan,nan,nan,nan,nan,nan,-1.1383,nan,nan,-1.739,nan,nan,nan,nan,nan,nan,nan,nan,nan,nan,nan,nan,nan,nan,nan,0.87013,nan,nan,nan,nan,0.51451,nan,nan,nan,nan,nan
2.0,2.4716,nan,nan,2.0995,nan,1.6219,nan,nan,nan,nan,nan,nan,nan,nan,nan,nan,nan,nan,nan,nan,nan,nan,nan,nan,nan,nan,nan,nan,nan,-1.0731,nan,nan,nan,nan,-1.1714,nan,-0.81488,nan,nan,nan,nan,nan,nan,nan,nan,nan,nan,nan,nan,nan,nan,nan,0.49366000000000004,nan,0.43004,nan,nan,nan,nan,nan,nan,nan,nan,nan,nan,nan,nan,nan,nan,nan,nan,nan,nan,nan,nan,nan,1.567,nan,nan,nan,1.3829,nan,0.9025799999999999,nan,0.42567,nan,nan,-0.2552,nan,-0.69534,nan,nan,nan,nan,-0.56567,nan,nan,nan,-0.096085,0.044160000000000005,nan,nan,nan,nan,nan,nan,nan,nan,-0.21686999999999998,nan,nan,nan,nan,-0.86434,nan,nan,nan,nan,-1.2321,nan,nan,nan,nan,nan,nan,nan,-0.92568,-0.70017,nan,nan,nan,nan,nan,nan,0.5848899999999999,nan,nan,1.1293,nan,nan,nan,nan,nan,2.4730000000000003
4.0,2.4797,nan,nan,1.6751,nan,nan,nan,nan,nan,nan,nan,nan,nan,nan,nan,nan,nan,-1.2376,nan,nan,nan,nan,nan,nan,nan,nan,nan,nan,0.14481,nan,nan,nan,nan,nan,nan,nan,nan,nan,nan,nan,nan,0.14378,nan,nan,nan,nan,nan,nan,nan,nan,nan,nan,nan,nan,-0.9537,nan,nan,nan,nan,nan,nan,nan,nan,nan,nan,nan,nan,nan,nan,nan,0.070252,nan,nan,nan,nan,nan,nan,nan,-0.00090735,0.26528,nan,0.35234,nan,nan,nan,0.7308100000000001,nan,nan,nan,nan,nan,nan,-1.1069,nan,nan,nan,nan,nan,nan,nan,-0.64766,nan,nan,0.10550999999999999,nan,0.60942,nan,nan,nan,nan,1.2935,1.1241,nan,nan,nan,nan,nan,nan,-0.75135,nan,nan,nan,nan,nan,nan,nan,-0.78046,nan,nan,nan,nan,nan,nan,nan,0.34623000000000004,nan,nan,nan,nan,nan,nan,nan,nan,nan
2.0,2.5635,2.3081,nan,nan,nan,1.3298,nan,nan,0.81096,nan,0.48228000000000004,nan,nan,nan,0.012689,nan,nan,nan,nan,nan,nan,nan,nan,nan,-1.5554,nan,nan,-1.0945,-1.1836,nan,nan,-1.2756,nan,-0.89405,-0.72596,nan,-0.53599,nan,-0.33276,nan,nan,nan,nan,0.34155,0.4056,nan,nan,nan,nan,nan,nan,nan,nan,nan,nan,-0.20034000000000002,-0.36962,nan,nan,nan,nan,nan,-0.72429,nan,nan,-0.13762,nan,nan,nan,0.50515,nan,nan,nan,1.5019999999999998,nan,nan,1.7215,nan,nan,nan,nan,0.48496000000000006,nan,nan,nan,nan,nan,-0.9212899999999999,-0.94842,nan,nan,-0.6219899999999999,nan,nan,nan,nan,0.0043596,nan,nan,nan,nan,nan,nan,0.13312000000000002,nan,-0.091847,nan,nan,nan,nan,nan,nan,-0.93794,nan,nan,nan,nan,nan,nan,-1.3058,-1.4836,nan,nan,nan,nan,nan,nan,nan,nan,nan,nan,nan,nan,nan,0.72807,nan,1.0658,nan,nan,nan,nan,nan,nan,nan
4.0,2.5216,nan,1.9995,nan,1.4839,nan,nan,0.71221,nan,nan,-0.058814,nan,nan,nan,nan,-0.7770699999999999,nan,nan,nan,-1.4251,-1.5062,nan,-1.1863,nan,nan,nan,nan,nan,nan,nan,nan,nan,1.2039,nan,nan,1.5889,nan,nan,nan,nan,nan,nan,nan,nan,nan,nan,nan,nan,nan,-1.882,nan,nan,nan,nan,nan,nan,nan,nan,nan,nan,nan,0.3565,nan,nan,-0.1282,-0.0038555,nan,nan,nan,nan,nan,nan,nan,nan,nan,nan,nan,-0.33868000000000004,nan,nan,0.38279,nan,nan,0.18308,0.076145,nan,nan,nan,nan,0.18807000000000001,nan,nan,nan,-1.0476,-1.349,nan,nan,nan,nan,nan,nan,nan,nan,nan,nan,nan,nan,nan,nan,nan,1.3202,nan,nan,0.7634,nan,nan,nan,nan,-0.49476000000000003,nan,nan,-1.1581,nan,-1.2047,nan,nan,nan,nan,nan,-0.32266999999999996,nan,nan,nan,nan,nan,nan,nan,nan,nan,nan,1.8502,2.0746,nan,nan
5.0,0.96095,0.78961,0.59297,nan,nan,0.0076776000000000014,nan,nan,nan,nan,-0.93715,nan,nan,nan,nan,-1.8773,-1.7978,-1.5942,nan,nan,nan,nan,nan,-0.392,nan,nan,nan,nan,nan,nan,nan,nan,nan,nan,-0.20332999999999998,nan,nan,-0.5686100000000001,nan,nan,-0.8435799999999999,nan,nan,nan,nan,nan,nan,nan,-0.27888,nan,nan,nan,0.47686000000000006,nan,nan,nan,1.0005,nan,nan,nan,nan,nan,nan,nan,nan,nan,nan,2.1448,1.9269,1.7097,nan,nan,nan,nan,0.94035,nan,nan,nan,0.17279,nan,nan,nan,nan,-0.75216,nan,-0.8448100000000001,nan,nan,nan,nan,nan,nan,nan,nan,nan,nan,nan,0.036680000000000004,-0.10440999999999999,nan,nan,nan,-0.39209,nan,nan,nan,nan,nan,nan,nan,nan,nan,-1.5055,nan,-1.1898,nan,-0.82944,-0.62436,nan,nan,nan,0.090188,nan,nan,nan,nan,nan,0.74478,nan,nan,nan,nan,nan,1.0637,nan,nan,nan,nan,nan,0.63572,nan,nan,nan,0.96016
7.0,2.7997,nan,2.3656,nan,nan,1.712,nan,nan,nan,nan,nan,nan,nan,0.34813,nan,nan,nan,nan,-0.64671,nan,nan,nan,nan,-1.3889,nan,nan,nan,nan,-1.1604,-1.011,nan,nan,nan,nan,nan,0.16748,nan,0.18008,nan,0.06727999999999999,nan,nan,-0.58615,-0.79586,nan,nan,nan,nan,nan,nan,-0.8280799999999999,nan,-0.38565,nan,nan,nan,nan,nan,nan,nan,nan,nan,nan,nan,nan,nan,nan,nan,nan,nan,nan,nan,nan,nan,nan,nan,nan,nan,nan,nan,0.63972,nan,nan,nan,nan,nan,nan,0.67469,nan,nan,nan,nan,nan,nan,-0.9261,nan,nan,nan,-1.1918,-1.0264,nan,nan,nan,-0.24631,nan,nan,nan,nan,nan,nan,nan,nan,nan,nan,-1.0691,nan,nan,nan,-1.2346,nan,nan,nan,-1.1136,nan,-0.73258,nan,nan,nan,0.06543600000000001,nan,nan,nan,nan,nan,0.92669,nan,nan,nan,nan,nan,nan,nan,2.6722,nan
5.0,1.2969,nan,nan,nan,nan,nan,0.49623999999999996,nan,nan,nan,nan,nan,nan,nan,nan,0.16519,nan,nan,nan,-0.63961,nan,nan,nan,nan,nan,nan,nan,nan,-1.6221,nan,nan,nan,nan,nan,-0.47691000000000006,nan,nan,nan,nan,nan,0.049563,nan,0.053449,-0.011871,nan,nan,-0.30409,nan,-0.57813,nan,nan,nan,nan,nan,nan,nan,nan,nan,nan,nan,nan,nan,0.4154,nan,nan,nan,nan,nan,1.2857,nan,nan,nan,nan,nan,nan,nan,nan,nan,1.9667,nan,nan,nan,nan,nan,nan,nan,nan,nan,0.35277,nan,nan,nan,nan,nan,nan,nan,-0.84714,nan,-0.7867,nan,nan,-0.51356,nan,nan,-0.22415,nan,nan,nan,nan,nan,nan,nan,nan,nan,nan,-1.1076,nan,-1.4793,nan,nan,nan,-1.5583,nan,-1.2483,nan,nan,nan,-0.52922,nan,nan,nan,nan,nan,0.59083,nan,nan,nan,0.5201,0.50084,nan,nan,nan,nan,nan
6.0,2.6889999999999996,nan,nan,nan,nan,nan,nan,nan,1.0498,nan,nan,0.44769,nan,nan,nan,nan,nan,nan,nan,nan,-1.1998,nan,nan,nan,nan,nan,nan,-1.4523,nan,nan,nan,nan,nan,nan,nan,nan,nan,0.1605,nan,nan,nan,nan,nan,nan,nan,nan,nan,nan,nan,-0.85488,nan,nan,-0.20801999999999998,0.065923,nan,nan,nan,0.8606,nan,0.76826,nan,nan,nan,nan,nan,nan,nan,-0.14667,nan,nan,nan,nan,nan,nan,nan,nan,nan,nan,nan,0.15027000000000001,nan,nan,nan,nan,nan,nan,nan,nan,nan,nan,nan,0.10618,nan,nan,-0.38842,nan,nan,nan,nan,nan,nan,nan,nan,nan,nan,nan,-0.094403,nan,nan,-0.6298199999999999,nan,nan,nan,nan,nan,nan,nan,nan,nan,nan,nan,nan,nan,nan,nan,nan,nan,nan,nan,nan,nan,nan,nan,nan,nan,nan,nan,1.5782,nan,nan,nan,nan,nan,nan
1.0,2.4581,2.344,2.1663,nan,1.7973,nan,nan,nan,1.0506,nan,nan,nan,nan,nan,-0.093925,nan,nan,-0.48783000000000004,nan,-0.82496,nan,nan,-1.2419,nan,-1.4145,nan,nan,nan,nan,nan,nan,nan,nan,nan,nan,nan,nan,nan,-1.1541,nan,-0.9057,-0.76698,nan,-0.46842,nan,nan,nan,nan,nan,0.44083999999999995,nan,nan,nan,nan,0.38318,nan,nan,nan,nan,nan,nan,nan,nan,nan,nan,nan,nan,0.080182,nan,nan,0.66973,nan,nan,nan,nan,nan,nan,nan,1.4240000000000002,nan,nan,nan,nan,nan,nan,nan,nan,nan,nan,-0.46121,nan,nan,-0.28825,nan,nan,nan,nan,nan,nan,nan,nan,nan,nan,nan,0.067725,-0.12011,-0.32366999999999996,nan,-0.66806,nan,nan,nan,nan,nan,nan,nan,nan,nan,nan,nan,nan,-1.2755,nan,-1.1058,nan,nan,nan,nan,nan,nan,nan,nan,nan,nan,nan,nan,1.0871,nan,nan,nan,1.8707,2.0687,nan,2.4536
3.0,2.7110000000000003,2.4939,nan,nan,1.8656,nan,1.4487,1.2462,nan,nan,nan,nan,nan,nan,nan,0.0052787,nan,-0.19935,nan,-0.56042,nan,-0.8877799999999999,nan,nan,nan,nan,nan,nan,nan,-1.5013,nan,nan,nan,nan,nan,-0.9352,nan,nan,nan,-0.24386999999999998,nan,nan,0.31833,nan,nan,nan,nan,0.7071,nan,nan,nan,nan,nan,nan,0.0086247,nan,-0.28373000000000004,nan,nan,-0.1393,0.058387,nan,nan,nan,nan,nan,nan,nan,nan,nan,nan,nan,-0.46252,nan,nan,nan,nan,nan,nan,-0.19178,0.018001,nan,nan,nan,0.74385,nan,nan,nan,nan,nan,0.073001,nan,0.30554000000000003,nan,0.21723,nan,nan,nan,nan,-0.0066432,nan,nan,-0.49849,nan,nan,nan,-1.0596,nan,-1.276,nan,-1.4306,-1.4872,nan,nan,nan,nan,nan,nan,nan,nan,-1.0054,nan,nan,nan,-0.43699,nan,nan,nan,-0.050635,nan,nan,nan,nan,nan,1.0167,nan,nan,nan,nan,nan,nan,2.385,nan,nan
2.0,2.6212,nan,2.1284,nan,1.6386,1.3954,nan,nan,0.7612300000000001,nan,nan,nan,nan,nan,nan,nan,nan,nan,-0.9549,-1.1455,nan,nan,nan,nan,nan,nan,nan,nan,nan,nan,nan,-0.77278,nan,nan,nan,nan,nan,0.036004,nan,nan,nan,nan,0.54495,0.56885,nan,nan,nan,nan,nan,nan,nan,-0.52828,nan,nan,nan,nan,nan,nan,nan,nan,nan,nan,0.88502,nan,1.3382,nan,1.8102,nan,nan,nan,nan,nan,0.39294,0.19022999999999998,nan,nan,nan,nan,nan,nan,nan,nan,-0.66159,nan,nan,nan,nan,nan,nan,nan,nan,nan,nan,nan,0.7554,0.61743,nan,nan,nan,0.20057,nan,nan,nan,nan,nan,nan,nan,nan,nan,nan,-1.2586,nan,nan,-1.295,nan,nan,nan,nan,nan,nan,nan,nan,nan,nan,nan,-0.7572300000000001,nan,nan,-0.072875,nan,nan,nan,nan,nan,nan,nan,nan,nan,nan,nan,nan,nan,nan,nan
7.0,2.8398,2.6176,nan,nan,nan,1.7315,nan,1.2882,nan,0.84451,nan,nan,nan,nan,nan,nan,nan,nan,nan,nan,nan,nan,nan,nan,nan,nan,-1.1475,nan,nan,nan,nan,nan,nan,nan,nan,nan,nan,0.15388,nan,nan,nan,nan,nan,nan,nan,-1.1856,-1.3372,-1.3808,nan,nan,-0.71783,nan,nan,nan,nan,nan,nan,nan,nan,nan,0.21,nan,nan,nan,0.87929,nan,nan,nan,nan,-0.11009000000000001,nan,-0.36091999999999996,nan,nan,nan,nan,nan,nan,-0.038156,0.19132000000000002,nan,nan,nan,0.6744399999999999,nan,nan,nan,nan,nan,nan,0.36032,nan,nan,nan,-0.71606,nan,-1.1683,nan,-1.328,-1.1713,nan,nan,nan,nan,nan,nan,0.06424099999999999,nan,nan,nan,-0.13935999999999998,nan,nan,nan,nan,-1.1192,nan,nan,nan,nan,nan,nan,nan,nan,nan,nan,nan,nan,nan,nan,nan,nan,0.4899,nan,0.93132,nan,nan,nan,nan,nan,nan,nan,nan,nan
6.0,2.6757,2.4644,nan,nan,nan,nan,nan,1.2228,1.0173,nan,0.60838,nan,nan,nan,nan,nan,-0.47486999999999996,-0.62237,nan,nan,nan,nan,nan,nan,nan,nan,nan,nan,nan,nan,-1.1133,nan,nan,nan,nan,nan,nan,nan,nan,nan,nan,0.083612,nan,nan,nan,nan,nan,nan,nan,nan,nan,nan,-0.19299000000000002,nan,nan,nan,nan,nan,0.78768,0.74239,nan,nan,nan,0.66203,nan,0.44051999999999997,nan,nan,nan,nan,nan,nan,nan,nan,nan,nan,nan,nan,nan,nan,0.38391,nan,nan,nan,nan,nan,0.68606,nan,nan,nan,nan,0.19925,nan,-0.26043,-0.35781999999999997,nan,nan,nan,nan,nan,nan,nan,nan,0.14529,nan,nan,nan,nan,nan,nan,nan,nan,-1.1117,nan,nan,nan,nan,nan,-1.5455,nan,nan,nan,nan,nan,-0.75226,nan,nan,nan,nan,nan,nan,nan,nan,nan,nan,nan,nan,nan,nan,2.0007,nan,nan,nan,nan
6.0,2.5562,nan,nan,nan,nan,nan,nan,nan,nan,nan,0.64648,nan,nan,nan,nan,-0.22024000000000002,nan,-0.55683,nan,nan,nan,nan,nan,nan,nan,nan,nan,-1.7088,nan,nan,nan,nan,nan,nan,nan,-0.473,nan,nan,nan,nan,nan,nan,nan,nan,nan,nan,nan,nan,nan,nan,nan,nan,nan,-0.10869000000000001,0.1335,0.40454,0.59111,nan,0.81088,nan,0.74805,nan,0.68918,nan,nan,nan,nan,nan,nan,-0.2723,nan,nan,nan,nan,-0.19091,nan,-0.13324,nan,nan,nan,nan,nan,0.6320899999999999,nan,nan,nan,nan,nan,nan,nan,nan,nan,-0.27994,nan,-0.48158999999999996,nan,nan,nan,nan,nan,nan,nan,nan,nan,nan,-0.18603,nan,-0.57624,nan,nan,-1.1058,nan,nan,nan,nan,nan,nan,nan,-1.639,nan,-1.3394,-1.1858,nan,-0.86379,nan,nan,nan,-0.22429000000000002,nan,nan,nan,nan,nan,0.73446,0.92486,nan,nan,nan,nan,nan,nan,nan,nan,nan
1.0,2.4479,2.2569,nan,nan,nan,1.4922,nan,nan,nan,0.74879,0.5588,nan,nan,nan,nan,nan,nan,nan,-0.80365,nan,nan,nan,nan,nan,nan,nan,nan,-1.2065,nan,nan,-1.1282,-1.217,nan,nan,nan,nan,nan,-0.9393100000000001,nan,nan,nan,nan,nan,nan,nan,nan,nan,nan,nan,nan,nan,nan,nan,nan,-0.021541,nan,nan,nan,nan,nan,nan,nan,nan,nan,0.12683,0.31385,nan,0.6914899999999999,nan,nan,1.0228,1.217,nan,nan,nan,nan,nan,nan,0.8937200000000001,nan,nan,nan,nan,nan,nan,nan,nan,nan,nan,nan,nan,nan,nan,-0.018825,0.10012,nan,nan,0.46903999999999996,nan,0.32827,nan,nan,nan,nan,nan,nan,nan,-0.9281799999999999,-1.0733,nan,nan,nan,nan,nan,-1.0355,nan,nan,nan,nan,nan,nan,nan,nan,nan,nan,nan,nan,nan,nan,nan,nan,nan,nan,nan,0.85964,1.0489,nan,1.4299,nan,nan,1.9977,2.1887,nan,nan
7.0,2.801,nan,2.3915,nan,nan,nan,nan,nan,nan,nan,nan,nan,nan,nan,nan,nan,nan,nan,nan,nan,nan,-1.1972,nan,-1.4302,-1.442,nan,nan,nan,nan,nan,nan,nan,nan,nan,nan,-0.08166699999999999,nan,nan,0.24548000000000003,nan,nan,nan,nan,nan,nan,-0.8337,nan,nan,nan,nan,-1.1259,nan,-0.6643600000000001,nan,-0.29209,nan,nan,nan,0.6917300000000001,0.82265,nan,nan,nan,0.45151,nan,nan,nan,0.59428,0.79888,nan,nan,nan,nan,nan,nan,nan,nan,nan,nan,nan,nan,nan,nan,nan,nan,0.52559,nan,nan,nan,nan,nan,-0.015465000000000001,-0.29170999999999997,nan,nan,nan,-1.1633,nan,nan,nan,nan,nan,nan,nan,nan,nan,nan,nan,nan,nan,nan,nan,nan,nan,nan,nan,nan,nan,-1.1986,nan,-1.3399,nan,-1.1278,nan,nan,nan,-0.37677,nan,0.042682,nan,nan,nan,nan,nan,nan,nan,nan,1.5105,nan,nan,nan,nan,nan,nan
4.0,2.5451,nan,nan,nan,nan,nan,nan,0.72455,0.46743,0.21066999999999997,nan,-0.073168,nan,nan,nan,nan,nan,nan,nan,nan,nan,-1.4229,nan,nan,nan,nan,-0.35657,nan,nan,nan,nan,nan,1.1239,nan,1.5904,nan,nan,1.2306,nan,nan,0.47051000000000004,nan,nan,-0.28434,nan,nan,nan,nan,nan,-1.7469999999999999,nan,nan,-1.7374,-1.4083,nan,nan,nan,nan,nan,nan,0.4969,0.3573,nan,nan,nan,nan,nan,nan,nan,nan,nan,nan,nan,nan,nan,nan,-0.24156999999999998,nan,nan,-0.18069000000000002,0.09111799999999999,nan,nan,nan,nan,nan,nan,nan,0.5089899999999999,0.46481999999999996,nan,nan,nan,-0.67366,nan,nan,nan,nan,nan,nan,nan,nan,nan,-0.42931,nan,0.075668,nan,nan,nan,nan,nan,nan,nan,nan,0.6906399999999999,0.43128,nan,nan,nan,nan,nan,nan,-1.2011,nan,-1.0703,nan,nan,nan,nan,nan,-0.11657999999999999,0.004044699999999999,nan,nan,0.35361,nan,nan,nan,nan,nan,nan,nan,nan,nan
2.0,2.557,nan,nan,nan,nan,nan,nan,nan,nan,nan,nan,nan,0.095186,0.081427,nan,nan,-0.33697,-0.5847,nan,nan,nan,nan,-1.5166,nan,nan,nan,nan,nan,nan,nan,nan,-1.3656,nan,nan,nan,nan,-0.54496,nan,nan,nan,0.039637,nan,nan,nan,nan,0.50492,nan,nan,nan,nan,nan,nan,nan,nan,nan,nan,nan,nan,-0.6096199999999999,nan,nan,nan,-0.68712,nan,nan,nan,nan,nan,nan,nan,nan,nan,1.256,1.5117,nan,1.8801,nan,nan,nan,0.8764299999999999,nan,0.3898,nan,nan,nan,nan,nan,nan,nan,nan,nan,nan,nan,nan,nan,nan,nan,nan,nan,nan,nan,nan,0.23646,nan,nan,nan,-0.16058,-0.42215,nan,nan,nan,nan,-1.046,-1.2027,nan,-1.3149,-1.2283,nan,nan,nan,nan,-1.4228,nan,nan,nan,-0.71885,nan,nan,nan,nan,nan,0.20492,nan,0.47953,nan,nan,nan,1.1923,nan,1.6888,nan,nan,2.4068,nan
