4.0,-0.55979,nan,nan,-0.13917000000000002,nan,nan,nan,0.9457700000000001,nan,nan,nan,nan,nan,nan,nan,nan,0.75298,nan,nan,nan,nan,nan,-0.64248,nan,nan,nan,nan,nan,nan,nan,nan,nan,nan,nan,1.4933,1.3865,nan,nan,nan,nan,nan,nan,nan,nan,nan,0.46408,0.15183,nan,nan,nan,nan,nan,nan,-1.0118,nan,nan,-1.3033,nan,nan,nan,-1.0604,nan,-0.8352700000000001,nan,nan,nan,nan,nan,-1.0601,nan,nan,nan,nan,nan,nan,-1.051,nan,nan,nan,nan
8.0,-0.47881999999999997,-0.42896000000000006,nan,nan,nan,nan,0.68192,nan,nan,1.3471,nan,nan,nan,1.4631,nan,nan,nan,nan,0.6327699999999999,nan,nan,nan,nan,nan,nan,nan,nan,nan,0.31316,nan,0.8154399999999999,nan,nan,nan,nan,nan,nan,nan,nan,nan,1.2699,nan,nan,nan,nan,nan,nan,nan,nan,nan,-1.0853,nan,nan,-1.0853,nan,nan,-1.0853,nan,nan,nan,nan,nan,nan,nan,nan,nan,nan,-1.0853,nan,nan,nan,nan,nan,nan,nan,nan,nan,nan,nan,nan
8.0,-0.44372,-0.42411000000000004,nan,nan,nan,nan,nan,nan,nan,nan,1.4102,1.3659999999999999,nan,nan,nan,nan,nan,nan,nan,nan,nan,nan,nan,-0.46937,nan,-0.29828000000000005,nan,nan,nan,0.57543,nan,nan,nan,1.4473,nan,nan,1.3539,nan,nan,nan,nan,nan,nan,nan,nan,0.46802,nan,nan,nan,nan,-1.0841,nan,-1.0841,nan,nan,nan,nan,nan,nan,nan,nan,-1.0841,-1.0841,nan,nan,nan,nan,nan,nan,nan,-1.0841,nan,nan,nan,-1.0841,-1.0841,nan,nan,nan,nan
4.0,-0.84557,nan,nan,nan,nan,nan,nan,nan,1.1494,nan,nan,nan,1.5339,nan,nan,nan,1.1856,nan,nan,0.26349,nan,nan,nan,nan,nan,nan,nan,-0.19079000000000002,nan,nan,nan,nan,1.2173,nan,nan,nan,nan,nan,nan,1.3719999999999999,nan,nan,nan,nan,nan,nan,nan,nan,nan,nan,nan,-0.34121,nan,nan,nan,-1.0618,nan,nan,nan,nan,-1.1956,nan,-0.8362799999999999,nan,nan,nan,nan,nan,nan,nan,nan,nan,-1.4140000000000001,nan,nan,nan,nan,nan,nan,nan
8.0,-0.46295,nan,-0.23743000000000003,nan,0.23428000000000002,nan,nan,nan,nan,nan,nan,nan,nan,nan,nan,nan,0.98464,nan,nan,0.30475,nan,nan,nan,nan,-0.39152,-0.27739,nan,nan,nan,nan,nan,nan,nan,nan,nan,1.3062,nan,nan,nan,nan,nan,nan,nan,nan,nan,0.50856,0.25956999999999997,nan,nan,-0.36929,nan,nan,nan,-1.0911,nan,nan,nan,nan,nan,nan,nan,nan,nan,nan,nan,nan,nan,nan,nan,nan,-1.0911,nan,nan,-1.0911,nan,nan,nan,nan,nan,nan
7.0,-0.80192,nan,nan,-0.20057,nan,nan,0.65066,nan,nan,1.3942,nan,1.3681,1.4558,nan,nan,nan,1.0756,0.81076,nan,nan,nan,nan,nan,nan,nan,nan,nan,nan,nan,nan,0.85275,nan,nan,nan,nan,nan,nan,nan,nan,1.5575,nan,1.4336,nan,nan,nan,0.17482999999999999,nan,nan,-0.5804699999999999,nan,-0.21004,nan,nan,nan,-0.88999,-1.1426,nan,nan,nan,nan,-1.1901,nan,nan,nan,nan,-0.36044,nan,nan,-0.90225,nan,nan,nan,nan,nan,nan,nan,nan,nan,nan,nan
4.0,-0.81886,-0.8592799999999999,nan,nan,nan,nan,nan,nan,nan,nan,nan,1.4272,nan,nan,nan,1.2201,nan,nan,nan,nan,nan,nan,nan,nan,nan,nan,nan,nan,nan,nan,nan,1.2861,1.5194,1.5995,nan,nan,nan,nan,nan,nan,1.516,nan,nan,0.9204,nan,nan,nan,nan,nan,nan,nan,-0.63584,nan,nan,-1.068,nan,nan,nan,nan,nan,nan,nan,nan,nan,-0.28812,nan,nan,nan,nan,-1.0677,nan,nan,nan,nan,-1.276,nan,nan,-0.7516,-0.57513,nan
5.0,-0.8634,nan,nan,nan,nan,nan,nan,nan,nan,nan,nan,nan,nan,nan,nan,nan,1.1033,nan,nan,nan,-0.050605000000000004,-0.36839,-0.63037,nan,nan,nan,nan,nan,-0.093346,nan,nan,nan,nan,nan,nan,1.4794,nan,nan,nan,nan,nan,nan,nan,0.86041,nan,nan,-0.047616000000000006,-0.36799,nan,-0.81743,-0.40321,nan,nan,nan,nan,nan,-1.2177,nan,nan,nan,nan,nan,nan,nan,nan,nan,nan,nan,nan,nan,nan,nan,nan,nan,nan,nan,nan,nan,-0.58996,nan
8.0,-0.4301,-0.37542,nan,nan,0.20097,nan,0.70657,nan,nan,nan,nan,nan,nan,nan,1.4437,1.2148,nan,0.71054,nan,nan,nan,nan,-0.41908999999999996,nan,nan,nan,nan,nan,0.41041000000000005,nan,0.9040299999999999,nan,nan,1.4642,nan,1.3066,nan,nan,nan,nan,nan,nan,nan,nan,nan,nan,nan,nan,-0.21453000000000003,nan,-1.0788,-1.0788,nan,nan,-1.0788,nan,nan,nan,nan,nan,nan,-1.0788,nan,nan,nan,-1.0788,-1.0788,nan,nan,nan,nan,nan,nan,nan,-1.0788,nan,-1.0788,-1.0788,nan,nan
8.0,-0.43998999999999994,nan,nan,nan,nan,nan,nan,0.8959600000000001,nan,nan,nan,nan,nan,nan,nan,1.4489,nan,nan,nan,0.57053,nan,nan,nan,-0.44458000000000003,nan,-0.41781,nan,nan,0.090757,nan,nan,0.78862,nan,nan,nan,nan,1.4213,nan,nan,nan,nan,nan,nan,nan,nan,nan,nan,nan,nan,nan,nan,-1.074,-1.074,nan,nan,nan,-1.074,nan,-1.074,-1.074,nan,nan,-1.074,nan,nan,nan,nan,nan,nan,-1.074,nan,-1.074,-1.074,nan,nan,nan,nan,nan,nan,nan
4.0,-0.38764,nan,nan,nan,nan,0.41106000000000004,0.60473,nan,nan,nan,nan,nan,nan,nan,nan,0.96057,nan,0.42526,nan,-0.11014000000000002,-0.37315,nan,nan,nan,nan,nan,nan,nan,nan,nan,1.4318,nan,1.3693,nan,nan,nan,1.2443,1.1875,1.33,nan,1.1467,nan,nan,1.1152,nan,nan,0.27468000000000004,nan,nan,nan,nan,nan,-0.58189,-0.75166,-0.95429,nan,nan,-1.4272,nan,nan,nan,nan,nan,nan,-0.74539,nan,-0.7936,nan,nan,-1.2599,nan,nan,nan,nan,nan,-1.1543,nan,-0.8854799999999999,nan,nan
3.0,-0.43027,nan,nan,nan,nan,0.46815,nan,nan,nan,nan,nan,nan,nan,nan,nan,nan,nan,nan,nan,nan,nan,-0.40606,nan,nan,nan,nan,0.13294,nan,nan,nan,1.0871,nan,nan,nan,nan,nan,nan,nan,nan,nan,nan,nan,nan,nan,nan,nan,0.25527,nan,nan,nan,nan,nan,nan,nan,nan,-1.1986,nan,-1.3976,nan,nan,nan,nan,nan,nan,nan,nan,nan,nan,nan,nan,nan,nan,-1.3829,nan,nan,-1.0701,nan,nan,nan,-0.67943
5.0,-0.79194,-0.70907,nan,nan,-0.005522999999999999,nan,nan,nan,nan,nan,nan,nan,nan,nan,1.5336,nan,nan,0.8571799999999999,0.56923,nan,-0.037748000000000004,-0.34536,nan,nan,nan,nan,nan,nan,nan,nan,nan,nan,nan,nan,nan,nan,nan,nan,1.3844,nan,nan,nan,nan,nan,nan,0.36722,nan,nan,nan,-0.6702,nan,nan,-0.48391000000000006,nan,-0.74332,nan,-1.1571,nan,nan,nan,nan,nan,nan,-0.81685,-0.68806,nan,nan,nan,-0.9821799999999999,nan,nan,-1.4098,nan,nan,nan,nan,nan,nan,-0.60534,nan
8.0,-0.4657,-0.42157,nan,nan,nan,nan,nan,nan,nan,nan,nan,nan,nan,nan,nan,nan,nan,0.8364799999999999,nan,nan,nan,nan,nan,nan,nan,nan,nan,nan,nan,0.47823000000000004,nan,nan,nan,nan,nan,1.3528,nan,nan,nan,nan,nan,nan,nan,nan,nan,nan,nan,-0.036661,nan,nan,nan,nan,nan,nan,-1.0718,nan,nan,nan,nan,nan,nan,nan,nan,nan,nan,nan,nan,nan,nan,nan,-1.0718,nan,-1.0718,nan,nan,nan,nan,-1.0718,nan,nan
8.0,-0.48848,-0.4353,nan,nan,nan,0.47372,nan,nan,nan,nan,nan,1.3702,nan,nan,nan,nan,0.8205100000000001,nan,nan,nan,nan,nan,nan,nan,nan,nan,nan,nan,nan,nan,nan,nan,nan,nan,nan,nan,nan,nan,nan,nan,nan,nan,nan,nan,nan,nan,nan,nan,nan,-0.39308000000000004,nan,nan,-1.0787,nan,-1.0787,nan,nan,nan,nan,-1.0787,nan,nan,nan,nan,nan,nan,nan,nan,nan,nan,nan,nan,nan,nan,-1.0787,nan,nan,nan,-1.0787,-1.0787
6.0,-0.74154,nan,nan,-0.24636999999999998,nan,nan,0.6759999999999999,nan,nan,nan,1.3915,nan,nan,nan,nan,nan,0.96696,0.6047100000000001,nan,nan,nan,-0.5614600000000001,nan,-0.74024,-0.62057,-0.41255,nan,nan,nan,nan,nan,nan,nan,nan,nan,nan,nan,nan,nan,1.4247,nan,nan,1.3415,nan,nan,nan,nan,-0.16692,nan,nan,-0.53145,nan,nan,nan,nan,-1.2495,nan,nan,-1.3206,nan,nan,nan,nan,nan,-0.48732,nan,nan,nan,nan,nan,-1.0917,-1.214,nan,nan,-1.2890000000000001,nan,nan,nan,-0.8065,nan
3.0,-0.66738,nan,nan,nan,nan,nan,nan,nan,nan,nan,nan,nan,nan,nan,nan,nan,nan,0.26511999999999997,nan,nan,nan,nan,nan,nan,nan,nan,nan,0.51221,nan,nan,nan,nan,nan,nan,nan,nan,nan,nan,1.4804,nan,nan,nan,nan,nan,nan,nan,nan,nan,nan,nan,nan,nan,nan,nan,nan,nan,nan,nan,nan,nan,-1.1195,-0.92324,nan,nan,nan,nan,-0.7411300000000001,nan,nan,nan,nan,nan,nan,nan,-1.2139,nan,-0.9912299999999999,nan,nan,-0.5343399999999999
3.0,-0.92396,nan,nan,nan,nan,nan,0.73382,1.0937,nan,1.4147,nan,nan,nan,nan,1.4222,nan,nan,0.57353,0.3034,-0.0052770000000000004,nan,nan,nan,nan,nan,nan,-0.58814,nan,0.0013383,nan,nan,nan,nan,1.4895,nan,nan,nan,1.396,nan,nan,1.6704,1.5965,1.2701,nan,nan,0.26465,nan,nan,nan,nan,-0.19375,nan,nan,nan,nan,nan,nan,nan,-1.4463,nan,-1.1118,nan,nan,-0.5099600000000001,nan,nan,-0.4896,nan,nan,nan,-1.2142,nan,nan,nan,nan,nan,nan,nan,nan,nan
8.0,-0.40351,nan,nan,nan,nan,0.44143999999999994,nan,nan,nan,nan,nan,nan,1.4212,nan,nan,nan,nan,nan,nan,0.34192,nan,nan,nan,nan,nan,nan,nan,nan,nan,nan,nan,nan,1.2329,nan,nan,nan,nan,nan,nan,nan,nan,1.3922,nan,nan,nan,0.48668,nan,nan,nan,-0.35266,nan,nan,nan,-1.0824,nan,nan,-1.0824,nan,nan,nan,-1.0824,nan,nan,nan,nan,nan,nan,nan,nan,nan,nan,nan,nan,nan,nan,nan,-1.0824,-1.0824,nan,nan
8.0,-0.40003,nan,nan,-0.095459,nan,0.38545,nan,nan,nan,nan,nan,nan,nan,nan,nan,nan,1.1566,nan,nan,nan,nan,nan,nan,nan,nan,nan,nan,nan,nan,nan,nan,nan,nan,nan,nan,nan,nan,1.3311,nan,nan,nan,nan,nan,nan,0.72839,0.48531,0.25259000000000004,nan,-0.15969,nan,nan,nan,nan,nan,nan,nan,nan,nan,nan,nan,-1.0894,nan,nan,nan,-1.0894,nan,nan,-1.0894,nan,nan,nan,nan,nan,-1.0894,nan,-1.0894,nan,nan,nan,nan
5.0,-0.9061799999999999,nan,nan,nan,nan,nan,nan,0.8691,1.1568,nan,1.4203,nan,nan,1.4569999999999999,nan,1.4354,nan,0.9133399999999999,nan,nan,nan,nan,nan,nan,nan,nan,nan,nan,nan,nan,nan,nan,nan,1.5253,nan,nan,nan,nan,1.3619999999999999,nan,nan,1.5025,1.3787,nan,nan,nan,-0.0019728,nan,-0.60006,-0.84501,nan,nan,nan,nan,nan,nan,-1.2627,nan,nan,nan,nan,-0.88181,nan,nan,nan,nan,nan,nan,nan,nan,nan,nan,nan,nan,nan,nan,nan,nan,nan,nan
7.0,-0.45396000000000003,nan,nan,nan,nan,nan,nan,nan,nan,nan,nan,1.4373,nan,nan,nan,nan,nan,nan,nan,nan,nan,nan,nan,nan,nan,nan,nan,-0.012298,nan,nan,nan,nan,nan,nan,nan,nan,nan,1.4183,nan,1.2635,nan,nan,nan,0.96695,nan,nan,nan,nan,nan,nan,-1.0887,nan,nan,-1.0887,-1.0887,nan,nan,nan,nan,nan,nan,nan,nan,nan,nan,nan,nan,nan,nan,nan,-1.0887,nan,nan,nan,nan,nan,nan,nan,-1.0887,nan
3.0,-0.49488000000000004,nan,nan,nan,nan,nan,nan,nan,nan,1.2429,1.3311,nan,1.3358,nan,nan,nan,nan,nan,0.34431,nan,nan,-0.39174000000000003,-0.48096000000000005,nan,nan,nan,nan,0.28586999999999996,nan,0.81955,nan,nan,1.3961,nan,nan,1.3301,nan,nan,nan,1.5006,nan,1.4454,nan,nan,nan,nan,nan,-0.035795999999999994,nan,nan,-0.78909,nan,nan,nan,nan,nan,nan,-1.3156,nan,nan,nan,nan,nan,nan,nan,nan,nan,nan,nan,nan,nan,nan,nan,nan,nan,nan,nan,nan,nan,nan
6.0,-0.72673,-0.63941,-0.44833999999999996,nan,nan,nan,nan,nan,nan,1.2661,nan,nan,1.3516,nan,nan,nan,nan,nan,nan,nan,-0.25855,-0.50535,nan,nan,nan,nan,nan,nan,nan,0.8047300000000001,nan,nan,nan,nan,1.3584,nan,nan,nan,nan,1.5051,nan,nan,nan,nan,nan,nan,0.081511,nan,nan,nan,nan,nan,nan,nan,nan,nan,-1.3619,nan,nan,-1.2888,nan,nan,nan,nan,nan,nan,nan,nan,-0.99764,nan,nan,nan,nan,nan,-1.3275,nan,nan,nan,-0.66079,nan
4.0,-0.88775,nan,nan,nan,nan,nan,nan,nan,nan,nan,nan,nan,nan,1.5223,nan,nan,nan,nan,nan,nan,nan,nan,nan,nan,-0.8300299999999999,nan,nan,-0.026424,nan,nan,nan,1.2717,nan,nan,nan,nan,nan,nan,nan,nan,nan,nan,nan,nan,0.69676,nan,nan,nan,nan,nan,nan,nan,nan,-0.63238,nan,-1.0906,nan,-1.4169,nan,-1.3711,nan,nan,-0.62417,nan,nan,-0.39909,nan,-0.7311300000000001,nan,nan,-1.2855,nan,nan,-1.2369,nan,nan,nan,nan,nan,nan
4.0,-0.6899,-0.63349,-0.44578999999999996,nan,nan,nan,nan,0.92899,nan,1.3798,1.3829,nan,nan,nan,nan,nan,nan,0.7409,nan,nan,nan,nan,nan,nan,nan,nan,nan,nan,nan,nan,nan,nan,nan,1.4888,1.3898,nan,nan,nan,nan,nan,1.422,nan,nan,nan,nan,0.3786,0.09908099999999999,nan,nan,nan,nan,nan,nan,nan,nan,nan,nan,nan,nan,nan,nan,nan,-0.81583,nan,nan,-0.55961,nan,nan,nan,nan,nan,nan,nan,-1.3593,nan,nan,nan,nan,nan,nan
5.0,-0.7832,nan,nan,nan,nan,nan,nan,nan,nan,nan,1.474,nan,nan,1.4925,nan,nan,nan,nan,nan,nan,nan,nan,nan,nan,nan,nan,nan,nan,nan,0.20983000000000002,nan,nan,nan,nan,nan,nan,nan,nan,nan,nan,nan,nan,1.3601,nan,nan,0.39476,nan,nan,nan,nan,-0.28885,-0.45896000000000003,nan,nan,nan,-1.1887,nan,nan,nan,nan,nan,nan,nan,nan,nan,nan,nan,-0.64035,-0.87965,nan,nan,nan,nan,nan,nan,nan,nan,nan,nan,nan
8.0,-0.44126000000000004,nan,nan,nan,nan,nan,nan,nan,1.1794,nan,nan,nan,nan,nan,nan,nan,nan,nan,nan,nan,0.12054000000000001,-0.065876,nan,-0.44165,nan,-0.34822,-0.20983000000000002,-0.0088137,nan,nan,nan,nan,1.1740000000000002,nan,nan,1.3858,nan,1.3291,nan,nan,nan,nan,nan,nan,nan,nan,0.29134,0.045455,-0.17831,-0.3501,nan,-1.0843,nan,nan,nan,nan,-1.0843,-1.0843,-1.0843,nan,nan,nan,nan,nan,-1.0843,nan,nan,-1.0843,nan,nan,nan,nan,nan,nan,nan,-1.0843,nan,nan,-1.0843,nan
5.0,-0.66735,nan,nan,nan,nan,nan,nan,nan,1.1637,nan,nan,nan,1.4498,nan,nan,nan,nan,nan,0.30891,nan,nan,nan,nan,nan,nan,nan,nan,nan,nan,0.69367,nan,nan,nan,nan,1.3385,nan,nan,1.4483,nan,nan,nan,nan,nan,nan,nan,nan,nan,nan,-0.37861999999999996,nan,-0.52949,nan,-0.76578,nan,nan,nan,nan,nan,nan,nan,nan,nan,nan,nan,nan,nan,nan,nan,nan,nan,nan,-1.2795,nan,nan,nan,nan,nan,nan,nan,nan
8.0,-0.46126999999999996,nan,nan,0.022706999999999998,nan,nan,nan,nan,nan,1.4069,1.436,nan,nan,1.5153,nan,1.2517,nan,nan,nan,nan,nan,nan,nan,nan,nan,nan,nan,nan,0.24634,nan,nan,0.9795799999999999,nan,nan,nan,nan,nan,nan,1.3598,nan,1.2989,1.3986,nan,nan,0.7007399999999999,nan,0.23658,nan,nan,nan,nan,nan,nan,nan,nan,nan,nan,nan,nan,nan,nan,nan,nan,nan,nan,-1.0855,-1.0855,nan,-1.0855,nan,nan,nan,nan,nan,nan,-1.0855,nan,nan,nan,nan
3.0,-0.40334000000000003,nan,-0.36966,nan,0.1015,nan,nan,0.7298600000000001,nan,nan,nan,nan,nan,nan,nan,nan,nan,nan,nan,nan,-0.39123,-0.49783,nan,nan,nan,nan,nan,nan,0.92984,nan,nan,nan,nan,nan,1.3332,nan,nan,1.114,nan,1.2979,nan,nan,nan,nan,nan,nan,0.31018,nan,-0.15123,nan,nan,nan,nan,nan,nan,nan,nan,nan,nan,nan,nan,nan,nan,nan,nan,nan,nan,nan,-0.9759,nan,-1.2274,nan,nan,nan,-1.4096,nan,nan,nan,nan,nan
8.0,-0.26593,-0.26208000000000004,nan,-0.025767,0.14244,0.33276999999999995,nan,0.83867,nan,nan,nan,nan,nan,nan,nan,nan,nan,nan,nan,0.7437199999999999,0.46048999999999995,nan,nan,-0.17154,nan,-0.31877,nan,nan,nan,nan,nan,nan,nan,1.1079999999999999,nan,nan,nan,nan,1.2104,nan,nan,nan,nan,nan,nan,nan,nan,nan,nan,nan,nan,nan,nan,-1.1044,-1.1044,nan,nan,-1.1044,nan,nan,nan,nan,nan,nan,nan,nan,nan,nan,nan,nan,nan,nan,nan,nan,nan,-1.1044,nan,nan,nan,nan
5.0,-0.92475,-0.8351799999999999,nan,-0.32428,nan,nan,nan,nan,nan,1.445,nan,nan,nan,nan,nan,nan,nan,nan,nan,nan,-0.082814,nan,nan,-0.9558,nan,nan,nan,-0.30406,nan,nan,0.5748800000000001,nan,nan,1.3755,nan,nan,1.3943,nan,1.3972,nan,nan,nan,nan,0.9125700000000001,nan,nan,nan,nan,nan,nan,nan,nan,nan,nan,nan,-1.2053,-1.4039,nan,nan,-1.2316,-1.0227,nan,nan,nan,-0.29957,-0.38384,-0.46015,-0.60219,nan,nan,nan,nan,nan,nan,nan,nan,nan,nan,nan,nan
8.0,-0.49899,nan,nan,nan,0.13790999999999998,nan,0.66965,0.9228200000000001,nan,nan,nan,nan,nan,1.5284,nan,nan,nan,nan,0.6146699999999999,nan,nan,nan,nan,nan,nan,-0.39478,nan,nan,nan,nan,0.72385,1.0031,nan,nan,nan,nan,1.4178,nan,nan,nan,nan,nan,nan,0.9434600000000001,nan,nan,nan,nan,-0.23988,-0.4112,nan,-1.0625,-1.0625,nan,nan,nan,nan,nan,nan,nan,nan,nan,nan,nan,nan,nan,nan,-1.0625,nan,nan,nan,nan,nan,nan,nan,nan,nan,nan,nan,nan
8.0,-0.42715,nan,nan,-0.038718999999999996,nan,0.47843,0.70422,nan,nan,nan,nan,nan,nan,nan,nan,1.3834,nan,nan,nan,nan,0.17731,nan,nan,nan,nan,nan,nan,nan,nan,nan,nan,0.88331,1.1101,nan,nan,1.2773,1.3090000000000002,1.3848,nan,nan,nan,nan,nan,nan,nan,nan,nan,nan,-0.18161,-0.35588000000000003,-1.0807,-1.0807,nan,nan,nan,nan,nan,nan,nan,nan,nan,-1.0807,nan,nan,nan,-1.0807,nan,nan,nan,nan,nan,nan,nan,-1.0807,-1.0807,-1.0807,nan,nan,nan,nan
4.0,-0.71675,nan,nan,nan,nan,nan,nan,nan,nan,nan,nan,nan,nan,nan,nan,1.4217,nan,nan,nan,0.30818,nan,nan,nan,nan,-0.81065,-0.65986,nan,nan,-0.0049516000000000004,nan,nan,nan,nan,nan,nan,1.3577,nan,1.3531,nan,nan,nan,nan,nan,nan,nan,0.40413000000000004,nan,-0.18656,nan,nan,-0.48768,-0.58382,-0.70095,nan,nan,nan,nan,-1.4143,-1.4169999999999998,-1.2747,nan,-0.90884,nan,nan,nan,nan,nan,nan,nan,nan,nan,nan,nan,nan,nan,nan,-1.1034,-0.8954700000000001,nan,nan
6.0,-0.64657,nan,nan,nan,nan,0.37134,0.60016,0.83672,nan,nan,nan,nan,nan,nan,nan,nan,nan,nan,nan,nan,nan,nan,-0.58592,-0.65185,-0.61669,nan,nan,nan,nan,nan,nan,nan,nan,1.3797,nan,nan,1.4358,nan,nan,1.4869999999999999,nan,nan,nan,nan,nan,0.34356,nan,nan,nan,nan,nan,nan,nan,-0.9461299999999999,nan,nan,nan,-1.3062,nan,-1.1645,-1.0904,nan,nan,nan,nan,-0.5845199999999999,nan,-0.76715,-0.88886,nan,nan,-1.1372,-1.1978,nan,-1.2605,nan,-1.1302,nan,nan,nan
8.0,-0.4393,nan,nan,nan,0.20876999999999998,nan,nan,nan,nan,nan,nan,1.4135,nan,nan,nan,nan,1.2191,nan,nan,nan,nan,-0.010595,nan,nan,nan,nan,nan,-0.044362,0.17110999999999998,nan,nan,nan,nan,nan,nan,nan,nan,nan,nan,nan,nan,nan,1.2136,nan,nan,nan,0.23876999999999998,0.025157,nan,nan,nan,-1.0868,nan,nan,nan,nan,nan,nan,-1.0868,nan,nan,-1.0868,nan,-1.0868,nan,nan,nan,nan,nan,nan,-1.0868,nan,-1.0868,nan,nan,nan,nan,-1.0868,-1.0868,nan
8.0,-0.47143,nan,nan,nan,nan,nan,0.71244,nan,nan,nan,nan,nan,nan,nan,nan,1.4088,nan,nan,nan,nan,nan,nan,nan,nan,nan,-0.35914,-0.20281,nan,nan,nan,0.70865,nan,nan,1.348,nan,nan,nan,nan,nan,nan,nan,nan,1.1695,0.9314,0.69385,nan,nan,nan,nan,nan,nan,nan,nan,nan,nan,-1.082,nan,nan,nan,nan,nan,nan,nan,nan,nan,-1.082,nan,-1.082,nan,nan,nan,nan,nan,nan,nan,-1.082,nan,-1.082,nan,nan
6.0,-0.75134,nan,nan,nan,nan,nan,nan,nan,nan,nan,nan,nan,nan,1.4487,nan,nan,nan,1.0123,0.70608,nan,nan,nan,-0.55888,-0.72523,nan,nan,nan,nan,nan,nan,0.47303,nan,nan,nan,nan,nan,nan,1.3061,nan,nan,1.4679,nan,nan,nan,nan,nan,nan,-0.18112999999999999,nan,nan,nan,nan,nan,nan,nan,-0.96444,nan,-1.365,nan,nan,nan,nan,nan,nan,-0.5986199999999999,nan,-0.54623,-0.69117,nan,nan,-1.3264,-1.4443,nan,nan,nan,nan,nan,nan,nan,nan
5.0,-0.84441,-0.7612,nan,nan,nan,nan,nan,nan,nan,nan,nan,1.3504,nan,nan,nan,nan,1.169,nan,0.62611,nan,0.012743,nan,nan,-0.79588,nan,nan,nan,nan,nan,nan,nan,nan,1.2932,nan,nan,nan,1.3027,nan,nan,1.3869,nan,1.4536,nan,nan,nan,nan,0.011290999999999999,nan,nan,nan,nan,-0.32969,nan,nan,nan,nan,nan,nan,-1.5596,nan,nan,nan,nan,-0.6693600000000001,nan,nan,nan,nan,nan,nan,nan,-1.3618,nan,nan,-1.3022,nan,nan,nan,nan,-0.35746
8.0,-0.44161000000000006,nan,nan,nan,0.22391,0.48878999999999995,nan,nan,nan,1.3409,nan,nan,nan,nan,1.4846,nan,nan,nan,0.74364,0.5281899999999999,nan,nan,nan,nan,nan,nan,-0.24956,nan,nan,0.41541999999999996,nan,0.86606,1.1195,nan,1.3568,nan,nan,nan,nan,nan,1.3028,nan,nan,nan,nan,nan,nan,nan,nan,nan,nan,nan,nan,-1.0839,nan,nan,nan,nan,nan,nan,nan,nan,nan,nan,nan,nan,nan,nan,nan,nan,nan,nan,-1.0839,-1.0839,-1.0839,nan,nan,nan,nan,nan
5.0,-0.72137,-0.6702,nan,nan,nan,nan,nan,nan,1.082,1.19,1.2266,nan,nan,nan,nan,1.0365,nan,nan,0.20951,nan,-0.37288000000000004,nan,nan,-0.61916,nan,nan,0.07289,nan,nan,0.89991,nan,nan,nan,nan,nan,nan,nan,nan,nan,nan,nan,nan,1.3274,0.98272,nan,nan,nan,-0.19380999999999998,nan,nan,nan,nan,-0.5191600000000001,-0.69692,nan,nan,nan,nan,nan,nan,-1.2642,nan,-0.88754,-0.75615,nan,nan,nan,nan,-1.1294,nan,nan,nan,nan,nan,nan,nan,nan,nan,nan,nan
8.0,-0.49327,nan,-0.27011999999999997,nan,nan,nan,0.6632100000000001,nan,nan,1.318,nan,nan,nan,nan,nan,1.4169999999999998,nan,nan,nan,nan,0.25829,nan,nan,nan,nan,-0.33735,nan,nan,nan,nan,0.70492,nan,nan,nan,nan,nan,1.3429,1.4425,nan,1.3134,nan,nan,nan,0.9046200000000001,nan,nan,nan,nan,nan,nan,-1.0772,nan,nan,nan,nan,nan,nan,nan,nan,nan,nan,nan,nan,nan,-1.0772,nan,nan,nan,nan,nan,-1.0772,-1.0772,nan,nan,nan,nan,-1.0772,-1.0772,nan,-1.0772
7.0,-0.80724,nan,nan,nan,-0.0055994,nan,nan,nan,1.1992,nan,nan,1.423,nan,nan,1.5919999999999999,1.4531,nan,nan,nan,0.27899999999999997,-0.0050313,nan,nan,nan,nan,-0.65628,nan,nan,nan,0.21411999999999998,nan,nan,nan,nan,nan,nan,nan,nan,nan,1.5165,1.5591,1.5469,nan,0.87551,nan,nan,-0.059451,nan,nan,nan,nan,nan,nan,-0.5805600000000001,-0.78082,nan,nan,nan,nan,nan,nan,nan,nan,nan,nan,-0.33584,nan,-0.58848,nan,-0.9801799999999999,nan,nan,nan,nan,-1.3189,nan,-1.0207,nan,-0.60297,-0.40437
4.0,-0.80375,nan,nan,nan,nan,nan,nan,nan,nan,nan,nan,nan,nan,1.4891,nan,nan,nan,nan,nan,nan,nan,nan,nan,nan,nan,nan,nan,nan,nan,nan,nan,1.0259,nan,nan,nan,nan,nan,nan,nan,1.3779,1.3308,nan,nan,nan,nan,0.34606,nan,nan,-0.5113,-0.68115,nan,nan,nan,nan,nan,nan,nan,nan,nan,nan,-1.2979,nan,nan,-0.72958,nan,nan,nan,nan,nan,nan,nan,nan,-1.3861,nan,nan,nan,-1.0038,nan,-0.62967,nan
5.0,-0.7324,nan,nan,nan,nan,nan,nan,nan,nan,1.2195,nan,nan,nan,nan,nan,nan,1.4680000000000002,nan,nan,nan,0.26539,-0.049721,nan,nan,nan,nan,nan,-0.3919,nan,nan,nan,nan,nan,nan,nan,nan,nan,nan,nan,nan,nan,nan,nan,nan,nan,nan,nan,nan,nan,nan,nan,nan,nan,-0.66281,-0.8440799999999999,-1.0384,nan,nan,nan,nan,-1.1865,-0.96009,nan,-0.6471600000000001,nan,nan,nan,nan,nan,nan,-1.3271,nan,nan,nan,nan,nan,nan,nan,nan,nan
8.0,-0.43013,nan,-0.31726,nan,nan,nan,nan,nan,nan,nan,nan,nan,nan,nan,nan,nan,nan,nan,nan,nan,nan,nan,nan,nan,nan,nan,-0.21269000000000002,nan,nan,nan,nan,0.9540700000000001,nan,1.3908,nan,1.2991,nan,nan,nan,nan,nan,1.3330000000000002,nan,0.9456399999999999,nan,nan,nan,nan,nan,nan,nan,nan,nan,nan,nan,nan,nan,nan,-1.0731,-1.0731,nan,nan,nan,nan,nan,nan,nan,nan,nan,nan,nan,nan,-1.0731,nan,nan,nan,nan,nan,nan,nan
8.0,-0.46955,nan,nan,-0.099415,nan,nan,nan,0.93663,nan,1.3394,1.4161,nan,nan,1.4929,nan,1.2751,nan,0.77909,nan,0.27662,nan,nan,nan,nan,-0.42046000000000006,-0.28552,nan,0.1316,nan,0.6196699999999999,nan,1.1169,1.3769999999999998,1.4388,nan,nan,nan,nan,nan,nan,nan,1.4094,1.1734,nan,nan,nan,nan,nan,nan,nan,nan,nan,-1.0758,nan,-1.0758,-1.0758,nan,-1.0758,-1.0758,nan,nan,nan,nan,nan,nan,-1.0758,nan,nan,nan,nan,-1.0758,nan,-1.0758,nan,nan,nan,nan,nan,-1.0758,nan
5.0,-0.75653,nan,nan,nan,nan,nan,nan,nan,nan,1.3938,nan,nan,nan,nan,nan,nan,nan,nan,nan,0.19004000000000001,nan,nan,nan,-0.7770600000000001,nan,-0.63295,nan,nan,nan,nan,nan,nan,1.2149,1.4331,nan,1.4051,nan,nan,nan,1.4665,nan,1.5578,nan,nan,nan,nan,nan,nan,nan,nan,nan,nan,nan,nan,nan,nan,-1.3623,nan,nan,-1.2402,nan,nan,nan,-0.61762,nan,nan,nan,-0.6806399999999999,nan,nan,-1.2009,nan,nan,nan,-1.2748,nan,nan,-0.8203600000000001,nan,nan
3.0,-0.62963,nan,-0.51178,-0.26804,nan,nan,nan,0.81262,nan,nan,nan,nan,nan,1.4679,nan,1.2741,nan,nan,0.35666,nan,-0.25178,nan,nan,-0.6957300000000001,-0.59715,nan,nan,0.069923,nan,nan,nan,nan,nan,nan,1.3888,nan,nan,nan,nan,nan,nan,1.4525,nan,nan,nan,0.45751000000000003,nan,nan,nan,-0.5437,-0.5270600000000001,nan,-0.70021,nan,nan,nan,nan,nan,nan,nan,-1.1501,nan,nan,nan,nan,nan,nan,nan,-0.96914,nan,nan,nan,-1.2987,nan,nan,-1.172,nan,nan,nan,nan
3.0,-0.58853,nan,nan,nan,nan,nan,nan,0.84514,nan,nan,nan,nan,nan,nan,nan,nan,nan,nan,nan,nan,nan,nan,nan,nan,-0.52932,-0.38747,nan,0.11889000000000001,nan,nan,nan,nan,nan,1.4776,nan,1.4363,nan,nan,nan,nan,nan,nan,1.3088,nan,0.71086,nan,nan,nan,nan,-0.50207,-0.51169,-0.59006,nan,nan,nan,-1.1043,nan,nan,-1.4464,nan,-1.2034,-1.0674,-0.91141,nan,nan,nan,nan,nan,nan,nan,-1.2018,nan,nan,nan,nan,nan,nan,nan,nan,nan
7.0,-0.7881100000000001,nan,nan,nan,nan,nan,0.66468,nan,nan,nan,nan,nan,nan,nan,nan,nan,nan,nan,nan,nan,nan,-0.51184,-0.72116,nan,nan,nan,nan,nan,0.25645999999999997,nan,0.7642,nan,nan,nan,nan,nan,nan,nan,nan,1.4999,nan,nan,nan,nan,nan,nan,nan,nan,nan,-0.65676,nan,nan,nan,nan,nan,-1.0237,nan,nan,nan,nan,nan,nan,nan,-0.70614,nan,nan,-0.7206899999999999,nan,-0.96504,nan,-1.2136,nan,nan,nan,nan,nan,nan,nan,nan,nan
4.0,-0.5654100000000001,nan,nan,-0.081698,nan,nan,nan,nan,nan,1.2236,nan,nan,1.248,nan,nan,nan,nan,nan,nan,nan,nan,-0.65145,nan,nan,nan,nan,nan,nan,nan,nan,1.3699,1.5069,nan,1.4152,nan,1.3121,1.3276,nan,nan,nan,nan,nan,nan,nan,0.72827,nan,nan,nan,nan,nan,nan,nan,nan,nan,nan,nan,-1.2966,nan,nan,nan,-1.2399,nan,nan,nan,nan,-0.7037899999999999,nan,-0.8796799999999999,nan,-1.0755,nan,-1.2727,nan,nan,-1.226,nan,nan,nan,-0.81204,nan
8.0,-0.45703999999999995,nan,nan,nan,nan,nan,nan,nan,nan,nan,nan,nan,nan,nan,nan,nan,1.1297,nan,nan,0.45941000000000004,0.21131999999999998,nan,-0.31349,nan,-0.39655999999999997,nan,nan,0.061616,nan,nan,nan,nan,nan,1.3701,nan,1.3176,nan,nan,nan,1.1868,nan,nan,nan,nan,nan,0.50664,0.26011999999999996,nan,nan,nan,-1.0978,nan,nan,nan,nan,-1.0978,nan,nan,-1.0978,nan,nan,-1.0978,-1.0978,-1.0978,nan,nan,-1.0978,nan,nan,nan,nan,nan,nan,nan,nan,-1.0978,nan,nan,-1.0978,nan
4.0,-0.59418,nan,nan,nan,nan,nan,nan,nan,nan,nan,nan,1.3836,nan,nan,1.3574,nan,nan,nan,nan,nan,nan,nan,nan,-0.58746,nan,-0.28429,nan,0.21363000000000001,nan,nan,nan,nan,nan,nan,nan,nan,nan,nan,1.2637,nan,1.2624,nan,nan,nan,nan,nan,nan,nan,nan,nan,-0.63434,nan,nan,nan,nan,nan,nan,nan,-1.4712,nan,nan,nan,nan,nan,nan,nan,nan,nan,nan,nan,nan,nan,nan,-1.3858,nan,nan,nan,-1.0290000000000001,nan,nan
5.0,-0.69172,nan,nan,nan,nan,nan,nan,nan,nan,1.3883,nan,nan,nan,nan,nan,1.1665,0.9331200000000001,nan,nan,nan,nan,nan,nan,nan,nan,nan,nan,nan,nan,nan,nan,nan,1.2281,nan,nan,nan,nan,nan,nan,nan,1.5729,1.5648,nan,nan,nan,nan,0.11047,nan,-0.41356000000000004,nan,nan,-0.50132,nan,-0.78092,nan,nan,nan,nan,nan,nan,nan,nan,nan,nan,nan,nan,-0.8202,nan,nan,nan,nan,-1.3186,nan,nan,nan,-0.96396,nan,nan,-0.51658,nan
8.0,-0.46074,nan,nan,-0.030233,nan,0.45908999999999994,nan,0.91866,nan,nan,nan,nan,nan,nan,nan,nan,nan,nan,nan,nan,0.19102,nan,nan,nan,nan,nan,nan,nan,0.22296,nan,nan,nan,nan,1.3625,1.4018,nan,nan,nan,nan,nan,nan,1.4301,nan,nan,nan,nan,0.28009,nan,-0.16184,nan,-1.0828,nan,nan,nan,nan,nan,-1.0828,nan,nan,nan,nan,-1.0828,nan,-1.0828,nan,-1.0828,-1.0828,nan,nan,nan,nan,nan,nan,nan,nan,nan,nan,nan,nan,nan
3.0,-0.38844,nan,nan,-0.12079000000000001,nan,nan,0.56034,0.8801899999999999,nan,1.1017,1.2062,1.2841,nan,nan,1.1087,nan,0.70995,0.55142,nan,nan,nan,nan,nan,nan,nan,nan,nan,nan,0.72982,nan,1.3258,nan,1.3398,nan,1.3727,nan,nan,nan,1.3067,nan,nan,nan,nan,nan,nan,nan,nan,nan,nan,nan,nan,nan,nan,nan,-1.1209,-1.2294,nan,-1.4696,nan,nan,nan,nan,nan,nan,nan,nan,nan,nan,nan,nan,nan,nan,nan,nan,nan,nan,nan,nan,nan,nan
8.0,-0.43546999999999997,nan,nan,nan,nan,nan,nan,0.9572,1.1328,nan,nan,1.3771,nan,nan,nan,nan,nan,nan,nan,nan,nan,nan,nan,nan,nan,nan,nan,nan,nan,nan,nan,nan,nan,nan,nan,nan,nan,1.3831,nan,nan,nan,nan,nan,nan,nan,nan,nan,0.027875999999999998,nan,-0.36509,-1.084,nan,nan,nan,nan,nan,nan,nan,nan,nan,nan,nan,nan,-1.084,nan,nan,nan,nan,nan,nan,nan,nan,nan,nan,nan,nan,nan,nan,nan,nan
4.0,-0.72526,nan,-0.47726,nan,0.031789,nan,nan,nan,nan,nan,nan,nan,nan,nan,nan,nan,nan,nan,nan,nan,-0.092842,nan,nan,nan,nan,nan,nan,nan,0.14048,nan,nan,0.9817100000000001,nan,nan,nan,nan,1.3895,nan,nan,nan,1.5349,nan,nan,nan,nan,nan,nan,-0.16591,-0.43423999999999996,nan,nan,nan,nan,-0.74627,nan,nan,-1.3066,nan,nan,-1.3242,-1.1393,-0.9819,nan,nan,nan,nan,nan,nan,nan,nan,nan,nan,nan,nan,nan,nan,-1.0395,nan,nan,nan
8.0,-0.45492,nan,nan,nan,nan,nan,nan,nan,1.2261,1.4189,nan,nan,nan,nan,nan,nan,nan,nan,nan,nan,nan,nan,nan,nan,nan,nan,-0.08797200000000001,0.1361,0.37209000000000003,nan,nan,nan,nan,nan,nan,1.3442,nan,nan,nan,nan,nan,nan,nan,nan,nan,nan,nan,nan,nan,-0.38858000000000004,nan,-1.0819,nan,nan,nan,nan,nan,nan,nan,nan,nan,nan,-1.0819,nan,nan,-1.0819,nan,nan,nan,nan,nan,nan,nan,-1.0819,nan,nan,nan,-1.0819,nan,nan
8.0,-0.44321000000000005,nan,nan,nan,0.16116,0.44277,nan,nan,nan,nan,1.454,nan,1.3905,nan,nan,1.3544,nan,nan,nan,nan,0.18905999999999998,nan,nan,nan,nan,nan,-0.22815,nan,nan,nan,0.69121,nan,nan,nan,nan,nan,nan,nan,nan,nan,nan,nan,nan,nan,nan,nan,nan,0.0013942,nan,nan,nan,nan,nan,nan,-1.0764,nan,-1.0764,nan,nan,-1.0764,nan,nan,nan,nan,nan,nan,nan,nan,-1.0764,nan,nan,nan,nan,nan,nan,-1.0764,-1.0764,nan,nan,nan
4.0,-0.55135,nan,-0.39624000000000004,nan,nan,nan,nan,nan,nan,nan,nan,nan,nan,nan,nan,nan,nan,0.65493,nan,nan,-0.1998,nan,nan,nan,nan,nan,nan,nan,nan,nan,nan,nan,nan,nan,nan,nan,nan,nan,nan,nan,nan,nan,nan,nan,nan,0.46376000000000006,nan,-0.091575,nan,nan,nan,nan,nan,nan,nan,nan,nan,nan,nan,-1.3142,nan,nan,nan,nan,nan,nan,nan,nan,-0.80588,nan,nan,nan,-1.2708,-1.3385,nan,nan,nan,-1.1245,nan,nan
5.0,-0.52663,nan,-0.37585,nan,nan,nan,0.54804,0.84905,nan,1.2206,1.2466,nan,nan,1.3215,1.2764,nan,nan,nan,0.27359,0.14138,nan,nan,nan,nan,nan,nan,0.15122,nan,nan,1.0018,nan,nan,1.5028,nan,nan,nan,nan,nan,nan,nan,nan,1.4977,nan,nan,nan,nan,nan,nan,nan,nan,-0.49058999999999997,nan,nan,nan,-1.0949,nan,-1.3598,nan,nan,nan,-1.2619,nan,nan,nan,nan,nan,-0.75752,nan,nan,nan,nan,nan,nan,nan,nan,nan,nan,nan,-0.74141,nan
8.0,-0.44223999999999997,-0.43711000000000005,nan,nan,nan,nan,nan,nan,nan,nan,nan,nan,nan,nan,nan,nan,nan,nan,nan,nan,nan,nan,nan,nan,nan,-0.32047,-0.14882,nan,nan,nan,nan,nan,1.1304,nan,nan,nan,nan,nan,nan,1.3869,1.3923,nan,nan,nan,0.73093,nan,nan,-0.023284,nan,nan,nan,nan,nan,nan,nan,nan,nan,nan,nan,nan,nan,nan,nan,nan,-1.0721,nan,nan,nan,nan,nan,nan,-1.0721,nan,nan,nan,nan,nan,nan,nan,nan
4.0,-0.69147,-0.60516,nan,-0.14199,0.15450999999999998,nan,nan,1.0055,nan,1.2309,nan,1.3126,nan,nan,nan,nan,nan,0.13674,-0.15367,nan,nan,-0.7138399999999999,nan,-0.6389199999999999,-0.47489,-0.21731,nan,0.31844,nan,nan,nan,nan,nan,nan,nan,1.4473,nan,nan,1.2183,1.3928,nan,nan,nan,nan,nan,nan,0.14624,nan,nan,-0.57487,nan,-0.47216,nan,nan,nan,nan,nan,nan,nan,-1.3462,nan,nan,nan,nan,-0.58677,nan,-0.54018,-0.69533,nan,nan,nan,nan,nan,nan,nan,-1.1803,nan,nan,-0.70781,nan
3.0,-0.72564,-0.65059,nan,nan,nan,nan,0.54771,nan,nan,1.3616,nan,nan,1.4764,nan,nan,nan,nan,nan,nan,nan,nan,nan,nan,nan,nan,-0.46251000000000003,-0.23279,nan,nan,nan,nan,nan,nan,nan,nan,nan,nan,nan,nan,nan,nan,nan,1.2899,nan,nan,0.42953,nan,nan,-0.44663,-0.64583,-0.48858999999999997,-0.5048600000000001,nan,nan,nan,-1.0524,nan,nan,nan,nan,-1.2314,nan,nan,nan,nan,nan,nan,nan,nan,nan,nan,nan,nan,-1.3008,nan,nan,nan,nan,-0.7350300000000001,-0.6090899999999999
3.0,-0.63235,nan,nan,nan,0.1798,nan,nan,nan,nan,1.2996,nan,nan,nan,nan,nan,nan,nan,nan,nan,-0.14609,-0.30469,nan,-0.60302,nan,nan,nan,nan,nan,nan,nan,nan,1.4372,1.4892,nan,nan,1.3512,nan,nan,1.426,nan,nan,nan,nan,nan,nan,0.3813,nan,nan,nan,nan,nan,nan,nan,nan,nan,nan,nan,nan,nan,nan,nan,nan,-0.97365,nan,nan,nan,-0.7154699999999999,nan,nan,-1.0279,nan,nan,nan,-1.2875,nan,nan,nan,nan,nan,nan
5.0,-0.87165,nan,nan,nan,nan,nan,0.65966,nan,1.2798,nan,nan,nan,1.4049,nan,nan,1.1503,nan,nan,nan,nan,nan,nan,-0.87321,nan,nan,nan,nan,nan,nan,nan,nan,1.3341,nan,nan,1.4326,nan,nan,nan,nan,nan,nan,nan,nan,nan,nan,nan,nan,-0.33599,nan,nan,nan,nan,-0.5672,nan,nan,nan,nan,nan,nan,nan,nan,nan,nan,-0.53818,nan,nan,nan,-0.74254,nan,nan,-1.2619,nan,nan,nan,nan,nan,nan,nan,nan,nan
4.0,-0.8590200000000001,nan,nan,nan,nan,nan,nan,nan,nan,nan,nan,nan,nan,nan,nan,nan,nan,0.5302600000000001,nan,-0.086809,nan,-0.56692,nan,nan,nan,nan,nan,nan,nan,nan,nan,nan,nan,nan,1.4174,nan,nan,nan,nan,1.4893,nan,nan,1.301,nan,nan,nan,-0.00075124,nan,nan,nan,nan,-0.581,nan,nan,nan,-1.1945,-1.3518,nan,nan,nan,nan,nan,nan,nan,nan,-0.48007,nan,-0.53805,nan,nan,nan,nan,nan,-1.3952,-1.3117,nan,nan,nan,-0.7741,nan
4.0,-0.74332,-0.66198,nan,nan,0.013064,nan,0.65094,nan,1.1245,nan,1.3234,nan,nan,nan,1.2451,nan,0.79715,nan,nan,nan,nan,nan,nan,nan,nan,nan,0.073365,nan,nan,nan,1.1771,nan,1.5168,nan,1.4522,nan,nan,nan,nan,1.4901,nan,1.5711,nan,nan,0.68571,nan,nan,nan,-0.46166999999999997,nan,nan,nan,nan,nan,-0.77257,nan,nan,-1.2293,nan,nan,nan,nan,nan,nan,nan,nan,nan,-0.74007,-0.87515,nan,nan,nan,nan,nan,nan,-1.1845,nan,-0.90092,nan,nan
4.0,-0.71082,nan,nan,nan,nan,nan,nan,nan,nan,1.2303,nan,1.2616,nan,1.3697,1.2142,nan,nan,nan,nan,nan,nan,-0.77467,nan,nan,nan,nan,nan,nan,nan,nan,nan,nan,nan,nan,nan,1.0716,nan,nan,nan,nan,nan,nan,nan,nan,nan,nan,nan,nan,nan,-0.6592399999999999,nan,-0.5153300000000001,nan,nan,nan,nan,nan,nan,nan,nan,nan,nan,-0.76626,nan,nan,nan,nan,nan,nan,nan,-1.1818,nan,nan,-1.3366,nan,nan,nan,nan,nan,nan
8.0,-0.36334,nan,nan,nan,nan,nan,nan,nan,nan,nan,nan,nan,nan,nan,nan,nan,nan,nan,0.75848,nan,nan,-0.019644,nan,-0.41655,nan,nan,nan,nan,nan,nan,nan,nan,nan,nan,nan,nan,1.3209,nan,nan,nan,nan,nan,nan,nan,nan,nan,nan,nan,nan,nan,nan,nan,nan,nan,nan,nan,nan,-1.0947,nan,nan,nan,-1.0947,nan,nan,nan,nan,nan,nan,nan,nan,-1.0947,nan,nan,nan,-1.0947,nan,nan,nan,nan,nan
4.0,-0.74041,nan,-0.56262,nan,nan,nan,nan,nan,1.2035,1.3880000000000001,nan,nan,nan,nan,nan,nan,nan,nan,nan,nan,nan,nan,nan,nan,nan,nan,nan,nan,nan,nan,nan,1.0593,nan,nan,nan,nan,nan,1.4433,1.4807,nan,nan,1.4262,nan,nan,nan,0.30866,nan,-0.22883,nan,nan,-0.42823999999999995,-0.55005,-0.63542,nan,nan,nan,nan,nan,nan,nan,-1.1532,nan,nan,nan,-0.61565,nan,nan,nan,nan,nan,nan,nan,nan,nan,-1.196,nan,-0.95036,nan,nan,nan
3.0,-0.5072800000000001,-0.4066,nan,nan,nan,nan,nan,nan,nan,nan,nan,nan,1.1923,nan,0.9807100000000001,nan,nan,nan,nan,-0.30612,nan,-0.5917899999999999,-0.5066,nan,nan,0.089459,nan,0.5645,nan,1.1589,nan,nan,nan,nan,nan,nan,nan,nan,nan,1.5408,nan,1.6092,1.4301,nan,nan,nan,nan,nan,nan,nan,nan,nan,-0.80718,nan,nan,nan,nan,nan,nan,nan,nan,nan,nan,nan,nan,nan,nan,nan,-0.9169,nan,nan,nan,nan,-1.4476,-1.3612,nan,nan,nan,nan,nan
5.0,-0.85034,nan,nan,nan,nan,0.33345,nan,0.91533,nan,nan,nan,1.4327,nan,nan,nan,1.5091,nan,nan,nan,nan,nan,nan,nan,nan,nan,-0.7467600000000001,nan,-0.43265,-0.16182,nan,nan,0.7608600000000001,nan,nan,1.3815,nan,1.3975,nan,nan,nan,1.4452,nan,nan,0.8315,nan,nan,-0.043814,nan,-0.56,nan,nan,nan,nan,-0.54897,nan,-0.93181,nan,nan,nan,nan,nan,nan,nan,nan,nan,nan,-0.48348,nan,nan,-0.9933200000000001,nan,-1.3018,-1.3553,nan,nan,nan,nan,nan,-0.70098,nan
3.0,-0.5010899999999999,-0.4433,-0.37633,nan,nan,nan,0.57247,0.79576,nan,nan,nan,nan,nan,nan,nan,1.1152,nan,0.66168,nan,0.10242000000000001,nan,nan,nan,nan,nan,nan,-0.019048,nan,0.47097,nan,nan,nan,nan,nan,nan,nan,nan,nan,1.3839,nan,nan,1.5167,1.3259999999999998,nan,nan,nan,0.20054,-0.048385000000000004,nan,nan,nan,nan,nan,nan,nan,-1.198,nan,-1.3495,-1.4140000000000001,-1.3311,-1.2476,nan,nan,-0.82473,nan,-0.7363,nan,-0.94463,nan,nan,nan,-1.3457,nan,nan,nan,nan,nan,nan,nan,nan
7.0,-0.8809,nan,nan,-0.34734,-0.0080339,0.31790999999999997,nan,nan,nan,1.4149,nan,nan,nan,nan,1.6098,nan,nan,1.0776,nan,nan,nan,0.049737,nan,nan,nan,nan,nan,nan,nan,nan,nan,nan,nan,nan,1.4149,nan,nan,nan,nan,1.3581,nan,nan,1.2804,nan,nan,nan,nan,nan,nan,nan,nan,nan,-0.43536,nan,nan,nan,-1.3827,nan,nan,nan,-1.1063,nan,nan,nan,nan,nan,nan,nan,nan,nan,nan,nan,nan,nan,nan,nan,nan,nan,nan,-0.3848
8.0,-0.45109,nan,nan,nan,nan,nan,nan,nan,nan,nan,nan,nan,nan,nan,nan,nan,nan,nan,nan,nan,nan,0.15705,nan,nan,-0.39564,nan,-0.33859,nan,nan,0.31879,nan,nan,nan,nan,nan,nan,nan,nan,1.3215,nan,nan,1.3349,nan,nan,nan,nan,nan,0.015927,nan,-0.38921999999999995,nan,nan,nan,nan,nan,nan,nan,nan,nan,nan,-1.0844,nan,-1.0844,nan,nan,nan,-1.0844,nan,-1.0844,nan,-1.0844,nan,nan,nan,nan,nan,nan,nan,nan,nan
8.0,-0.42573,-0.37339,-0.20564000000000002,nan,nan,0.51566,nan,0.9996799999999999,nan,nan,nan,nan,1.4069999999999998,nan,1.3076,nan,0.8946,0.68487,nan,nan,-0.032338,nan,nan,nan,nan,nan,nan,nan,nan,0.65256,nan,1.1259,nan,nan,1.4642,nan,nan,nan,nan,nan,nan,1.3841,nan,nan,nan,0.51159,nan,nan,nan,nan,nan,-1.0862,nan,nan,-1.0862,nan,nan,nan,-1.0862,nan,nan,-1.0862,nan,-1.0862,nan,-1.0862,nan,-1.0862,nan,-1.0862,nan,nan,nan,nan,nan,nan,-1.0862,nan,nan,nan
3.0,-0.51526,nan,nan,nan,nan,nan,nan,nan,1.012,nan,nan,nan,nan,nan,1.1091,nan,nan,nan,nan,nan,nan,nan,nan,-0.46713000000000005,nan,nan,nan,nan,0.7027,nan,1.2703,nan,nan,1.5244,nan,nan,nan,nan,nan,nan,nan,nan,nan,nan,nan,nan,nan,nan,nan,nan,nan,nan,nan,nan,nan,nan,nan,nan,nan,nan,nan,nan,nan,nan,-0.6715399999999999,-0.55748,nan,-0.76326,nan,-1.0762,nan,nan,nan,nan,nan,nan,nan,-0.8582700000000001,nan,-0.55199
8.0,-0.44997,nan,nan,nan,nan,nan,nan,nan,nan,nan,nan,nan,1.402,nan,nan,1.1949,nan,0.79235,nan,0.30663,nan,-0.17695,nan,nan,nan,-0.21258000000000002,nan,nan,nan,nan,nan,nan,nan,1.4713,nan,1.2556,nan,nan,nan,1.2976,nan,1.4305,nan,nan,0.74056,nan,nan,nan,nan,-0.38725,nan,nan,nan,nan,nan,nan,nan,nan,nan,nan,nan,nan,nan,nan,nan,nan,nan,nan,nan,nan,nan,nan,nan,nan,-1.0905,-1.0905,nan,nan,nan,nan
8.0,-0.43718,-0.36639,nan,nan,nan,nan,nan,nan,nan,nan,nan,nan,nan,1.4791,nan,nan,nan,0.98435,nan,nan,0.2084,-0.041606,nan,-0.40159,nan,nan,nan,nan,nan,0.54851,nan,nan,1.2217,nan,1.273,nan,nan,nan,nan,1.2482,nan,nan,nan,nan,nan,nan,nan,nan,nan,nan,nan,nan,nan,nan,nan,nan,nan,nan,-1.0959999999999999,nan,-1.0959999999999999,-1.0959999999999999,nan,nan,-1.0959999999999999,nan,-1.0959999999999999,nan,nan,-1.0959999999999999,nan,nan,nan,nan,nan,nan,nan,nan,nan,nan
4.0,-0.5379,-0.47113999999999995,nan,nan,nan,nan,nan,nan,nan,nan,nan,nan,nan,nan,nan,nan,nan,nan,nan,nan,nan,nan,nan,nan,-0.37,nan,nan,nan,nan,nan,nan,nan,1.5342,nan,nan,nan,nan,1.3187,nan,nan,nan,nan,nan,1.0609,nan,0.49446,nan,nan,nan,nan,nan,-0.61088,nan,nan,nan,nan,nan,nan,nan,nan,nan,nan,nan,nan,nan,nan,-0.6455,nan,nan,nan,nan,-1.2552,nan,nan,nan,nan,nan,nan,nan,nan
8.0,-0.41598999999999997,nan,nan,-0.05242,nan,0.44333,nan,nan,nan,nan,nan,nan,1.3938,nan,1.5446,nan,nan,nan,nan,nan,nan,nan,nan,nan,nan,nan,-0.28015,-0.083801,0.11442999999999999,nan,0.59385,nan,nan,nan,nan,1.1985,nan,nan,nan,nan,nan,nan,1.2053,nan,nan,nan,0.29169,nan,nan,nan,nan,nan,nan,-1.0927,nan,nan,nan,-1.0927,nan,nan,nan,nan,nan,nan,nan,nan,nan,nan,nan,-1.0927,nan,nan,nan,nan,nan,nan,nan,-1.0927,nan,nan
8.0,-0.42701999999999996,nan,nan,-0.084605,nan,nan,nan,nan,nan,nan,nan,nan,1.4009,1.4905,nan,nan,nan,0.99272,0.74542,nan,nan,nan,nan,nan,nan,nan,-0.20132,nan,nan,nan,nan,nan,nan,nan,1.2547,nan,nan,nan,1.3049,nan,1.2659,1.3698,nan,nan,nan,0.49772,nan,nan,nan,nan,nan,nan,nan,nan,nan,nan,nan,nan,nan,nan,nan,-1.0899,-1.0899,nan,nan,-1.0899,nan,nan,nan,nan,nan,nan,nan,nan,nan,nan,-1.0899,nan,nan,-1.0899
8.0,-0.42293000000000003,nan,nan,nan,nan,0.45121000000000006,nan,nan,nan,nan,nan,1.409,nan,nan,nan,nan,nan,nan,nan,nan,nan,nan,nan,nan,nan,-0.35562,nan,nan,nan,nan,nan,nan,nan,nan,nan,nan,nan,nan,nan,nan,nan,nan,nan,nan,nan,nan,nan,nan,nan,nan,nan,nan,nan,nan,-1.0882,nan,nan,nan,nan,nan,nan,nan,nan,nan,nan,nan,nan,nan,-1.0882,nan,nan,nan,nan,-1.0882,nan,nan,-1.0882,nan,nan,nan
8.0,-0.48081,nan,nan,-0.091744,nan,0.40667,nan,nan,nan,1.4278,nan,nan,nan,nan,nan,nan,nan,nan,nan,nan,nan,nan,nan,nan,nan,nan,-0.3045,-0.10870999999999999,nan,nan,nan,nan,nan,nan,nan,1.2756,1.2665,nan,nan,nan,nan,1.3759,nan,nan,nan,nan,0.20201,nan,nan,nan,nan,-1.067,-1.067,nan,nan,nan,nan,nan,nan,-1.067,nan,nan,-1.067,nan,nan,nan,nan,-1.067,nan,nan,nan,nan,nan,-1.067,nan,nan,nan,nan,nan,nan
8.0,-0.40513000000000005,nan,nan,-0.12435,nan,nan,nan,nan,nan,nan,nan,nan,nan,1.47,nan,nan,nan,nan,nan,nan,0.40473000000000003,0.14644000000000001,nan,nan,-0.37322,nan,nan,nan,nan,nan,nan,nan,nan,nan,nan,nan,nan,nan,nan,1.3569,nan,nan,nan,nan,nan,nan,nan,0.053568,nan,nan,-1.0931,nan,nan,nan,-1.0931,nan,nan,nan,nan,-1.0931,nan,-1.0931,nan,nan,nan,nan,nan,nan,nan,nan,nan,nan,nan,-1.0931,nan,nan,nan,nan,-1.0931,nan
6.0,-0.53154,nan,nan,-0.09415,0.16488,nan,nan,nan,nan,nan,nan,nan,nan,nan,nan,nan,nan,nan,nan,nan,nan,nan,nan,nan,nan,nan,nan,0.31594,nan,nan,nan,nan,nan,nan,nan,nan,1.3635,1.2743,1.3471,1.4112,nan,1.3668,nan,1.0942,nan,nan,0.16059,nan,nan,nan,nan,nan,-0.7009,nan,nan,nan,nan,-1.4559,nan,nan,-1.2101,-1.0245,nan,nan,nan,nan,nan,nan,nan,-1.1115,nan,-1.3483,nan,nan,nan,nan,-1.0416,nan,nan,nan
8.0,-0.42018999999999995,nan,nan,nan,nan,nan,nan,0.9357700000000001,nan,nan,nan,1.4875,nan,nan,1.4458,nan,nan,nan,nan,nan,0.36998000000000003,nan,nan,nan,nan,-0.44598999999999994,nan,nan,nan,nan,nan,nan,nan,nan,1.3693,1.2563,nan,1.296,nan,nan,nan,nan,nan,0.997,nan,0.50395,nan,nan,nan,nan,nan,nan,nan,nan,nan,nan,nan,-1.0861,nan,nan,-1.0861,nan,nan,nan,nan,nan,nan,nan,-1.0861,nan,nan,nan,nan,nan,nan,-1.0861,nan,nan,nan,-1.0861
4.0,-0.61887,nan,nan,nan,nan,nan,nan,nan,nan,1.3214,nan,nan,nan,nan,1.4982,nan,nan,1.1328,nan,0.42826000000000003,nan,nan,nan,nan,nan,nan,nan,nan,-0.10873,nan,nan,nan,nan,nan,nan,nan,nan,nan,nan,nan,nan,1.462,1.3586,1.1114,nan,nan,0.151,nan,nan,nan,nan,-0.4292,nan,-0.7651399999999999,nan,nan,nan,nan,nan,nan,nan,nan,nan,nan,-0.43986000000000003,nan,nan,nan,nan,nan,-1.2001,-1.3013,nan,nan,nan,-1.2581,-1.0932,-0.8871600000000001,nan,nan
6.0,-0.54461,nan,nan,nan,nan,0.376,0.53456,nan,nan,1.3035,nan,1.412,1.3964,nan,nan,nan,nan,nan,0.40094,nan,nan,-0.42193,nan,-0.54835,nan,-0.30371,nan,nan,nan,0.69465,nan,nan,nan,nan,nan,nan,nan,nan,nan,1.43,1.4211,1.53,nan,1.1001,nan,nan,nan,nan,nan,nan,nan,nan,nan,-0.9371700000000001,nan,-1.286,nan,nan,nan,nan,nan,nan,nan,nan,nan,nan,-0.8055100000000001,nan,nan,nan,-1.2473,nan,nan,nan,-1.2496,nan,nan,nan,-0.7557,nan
8.0,-0.5281899999999999,nan,nan,nan,0.21033000000000002,nan,nan,0.9767600000000001,nan,nan,nan,nan,nan,1.5332,nan,nan,nan,nan,nan,0.29819,nan,nan,nan,-0.52031,-0.48546000000000006,nan,nan,nan,nan,nan,0.75357,0.99579,nan,nan,nan,nan,nan,nan,nan,nan,nan,nan,1.1857,0.96094,0.70297,0.43091999999999997,nan,-0.040702999999999996,nan,-0.43281000000000003,-1.0653,nan,nan,nan,nan,nan,nan,nan,nan,nan,nan,-1.0653,nan,nan,nan,-1.0653,nan,nan,nan,nan,nan,-1.0653,nan,-1.0653,nan,nan,nan,nan,-1.0653,nan
8.0,-0.45745,nan,nan,nan,nan,nan,nan,1.0056,nan,nan,nan,nan,nan,nan,nan,nan,nan,0.77537,nan,0.27188,nan,nan,-0.40471,nan,nan,nan,nan,nan,nan,nan,nan,nan,nan,nan,1.4625,nan,nan,nan,nan,nan,nan,1.3226,1.1359,nan,0.6761199999999999,0.43545,nan,nan,-0.25311,-0.4248,nan,nan,nan,-1.0818,nan,nan,-1.0818,-1.0818,nan,nan,nan,nan,nan,nan,nan,nan,nan,nan,nan,nan,nan,nan,nan,-1.0818,nan,nan,nan,nan,nan,-1.0818
8.0,-0.48535,-0.41463,nan,nan,nan,nan,nan,nan,nan,nan,1.4361,nan,nan,nan,nan,nan,nan,nan,0.55845,0.30505,nan,nan,nan,nan,nan,-0.30955,nan,0.1164,nan,0.5966100000000001,nan,1.0695,nan,nan,1.3387,nan,nan,nan,nan,nan,nan,nan,nan,0.99516,nan,nan,0.2608,nan,nan,nan,nan,-1.0739,nan,-1.0739,nan,nan,nan,nan,nan,nan,nan,nan,nan,nan,nan,-1.0739,nan,nan,nan,nan,-1.0739,-1.0739,-1.0739,nan,nan,nan,nan,-1.0739,nan,nan
8.0,-0.47285,-0.42282,nan,nan,nan,nan,nan,nan,nan,nan,nan,nan,nan,nan,1.4094,nan,nan,nan,nan,nan,nan,nan,nan,nan,nan,nan,nan,nan,nan,nan,nan,nan,nan,nan,nan,1.3589,nan,nan,nan,1.3277,nan,1.3818,nan,nan,nan,nan,nan,nan,nan,-0.38952,-1.0767,nan,nan,nan,nan,nan,nan,-1.0767,nan,nan,nan,nan,nan,nan,nan,nan,nan,nan,nan,nan,nan,nan,nan,nan,nan,nan,nan,nan,-1.0767,-1.0767
8.0,-0.52595,-0.4749,nan,nan,nan,nan,nan,nan,nan,nan,nan,nan,nan,nan,nan,nan,nan,nan,nan,nan,nan,nan,nan,nan,nan,nan,nan,-0.033812,0.19232,nan,nan,nan,nan,nan,1.4884,nan,nan,nan,nan,nan,nan,nan,nan,nan,nan,nan,nan,nan,nan,nan,nan,nan,-1.0534,nan,-1.0534,nan,nan,-1.0534,nan,nan,nan,nan,nan,nan,nan,-1.0534,nan,nan,-1.0534,nan,nan,nan,-1.0534,-1.0534,-1.0534,-1.0534,nan,nan,nan,nan
4.0,-0.64447,nan,-0.42399,nan,0.13514,0.45247,0.67748,nan,nan,nan,1.2345,1.2716,1.3494,nan,nan,nan,nan,nan,0.28264,0.012458,nan,nan,nan,-0.57772,-0.49477,nan,nan,nan,nan,nan,nan,nan,nan,nan,1.4474,nan,1.2629,nan,nan,nan,nan,nan,nan,0.9411200000000001,nan,nan,nan,-0.15747,nan,-0.59819,nan,nan,nan,-0.81126,-0.9670700000000001,nan,-1.2601,nan,nan,nan,nan,nan,nan,nan,nan,-0.5838899999999999,nan,nan,nan,nan,nan,-1.3712,nan,nan,nan,-1.1749,-1.0342,nan,nan,-0.61246
3.0,-0.4757,nan,nan,nan,nan,0.51761,nan,nan,nan,nan,1.3113,nan,nan,nan,1.2331,nan,nan,nan,0.35336,nan,nan,nan,nan,nan,nan,nan,nan,nan,nan,0.78915,nan,nan,nan,nan,nan,nan,1.3057,nan,nan,nan,nan,nan,nan,nan,nan,nan,0.1294,nan,nan,-0.43811000000000005,nan,nan,nan,-1.0306,-1.1453,nan,nan,nan,nan,-1.1862,nan,nan,nan,nan,nan,-0.8606,nan,nan,-1.0501,-1.1145,nan,nan,-1.2807,nan,-1.2667,nan,nan,nan,nan,nan
7.0,-0.9129299999999999,nan,nan,-0.28096,nan,0.32392,0.65295,0.9999899999999999,nan,nan,nan,nan,1.4801,1.5767,nan,nan,nan,nan,nan,nan,-0.11433,nan,nan,nan,-0.857,-0.6925100000000001,nan,nan,nan,0.45156,nan,nan,nan,1.5036,nan,nan,nan,nan,nan,nan,1.4012,nan,nan,nan,nan,nan,nan,nan,nan,nan,nan,nan,-0.54974,-0.72183,nan,-1.1434,nan,-1.5366,-1.5085,nan,nan,nan,nan,nan,nan,nan,nan,nan,nan,nan,nan,nan,nan,nan,nan,nan,-1.0014,nan,-0.61356,-0.37606
3.0,-0.60633,nan,nan,nan,nan,nan,nan,nan,nan,nan,nan,nan,nan,nan,nan,nan,nan,nan,0.0058218,nan,nan,nan,nan,-0.46733,nan,0.059661,0.29074,nan,0.81695,nan,1.3636,nan,nan,nan,1.3676,nan,nan,nan,nan,nan,nan,nan,nan,nan,0.74939,nan,0.17524,nan,nan,nan,nan,nan,nan,-0.91015,nan,nan,nan,nan,-1.2579,nan,nan,nan,nan,nan,nan,nan,nan,-0.91322,-1.0016,nan,nan,nan,nan,nan,nan,nan,nan,-0.9243,nan,nan
4.0,-0.7498,nan,nan,nan,-0.0042468,nan,nan,nan,nan,nan,nan,nan,nan,nan,nan,nan,nan,nan,0.2176,nan,-0.3732,-0.6058399999999999,nan,nan,nan,nan,-0.03165,nan,nan,nan,nan,nan,nan,1.4515,nan,nan,nan,nan,nan,1.5642,nan,nan,nan,nan,nan,nan,nan,-0.23673000000000002,nan,nan,nan,nan,nan,nan,-0.9759200000000001,nan,nan,nan,-1.4883,-1.3588,nan,nan,nan,nan,nan,nan,nan,nan,-0.83621,-1.0056,nan,nan,nan,-1.4345,nan,nan,nan,nan,nan,nan
4.0,-0.78235,-0.74508,-0.5453100000000001,nan,0.024727000000000002,nan,nan,1.0589,nan,nan,nan,nan,nan,nan,1.3217,nan,0.80783,nan,nan,nan,nan,-0.69306,nan,nan,nan,nan,nan,nan,nan,nan,1.1277,nan,nan,nan,nan,nan,nan,nan,1.311,nan,nan,nan,1.2368,nan,nan,nan,nan,nan,nan,nan,-0.22329000000000002,nan,nan,nan,nan,nan,-1.3744,nan,-1.5222,nan,nan,nan,nan,nan,nan,nan,nan,nan,nan,nan,nan,-1.4444,nan,-1.4386,-1.3249,nan,nan,nan,nan,nan
5.0,-0.60688,nan,-0.45721999999999996,nan,nan,nan,nan,nan,nan,nan,nan,nan,nan,1.4414,1.3798,nan,nan,nan,nan,nan,nan,nan,nan,nan,nan,nan,nan,nan,nan,nan,nan,nan,nan,1.4468,nan,1.4475,nan,nan,nan,nan,1.4669999999999999,nan,nan,nan,nan,0.44614,nan,nan,-0.36165,nan,nan,-0.52466,-0.5815600000000001,nan,nan,nan,nan,nan,nan,nan,-1.3075,nan,-0.99259,-0.83468,nan,nan,nan,nan,-0.7890699999999999,nan,nan,-1.2575,nan,nan,nan,nan,nan,-0.9865299999999999,nan,nan
3.0,-0.58306,-0.52417,nan,nan,nan,nan,nan,nan,nan,nan,nan,nan,nan,nan,nan,0.78894,nan,nan,nan,-0.19066,nan,nan,-0.6624899999999999,nan,nan,-0.10993,nan,nan,nan,nan,nan,nan,nan,nan,nan,nan,nan,nan,nan,1.5293,1.578,nan,nan,nan,0.70541,nan,nan,-0.13865999999999998,nan,nan,nan,nan,nan,nan,-0.82153,nan,-1.1292,-1.3221,nan,-1.4481,-1.3693,nan,nan,-0.94915,nan,nan,nan,nan,nan,nan,nan,nan,nan,nan,nan,-1.0614,-0.9325399999999999,-0.77698,nan,nan
6.0,-0.59416,nan,-0.37262,nan,nan,nan,nan,nan,nan,nan,1.3501,nan,nan,nan,nan,1.232,nan,nan,0.32328,nan,nan,nan,nan,nan,nan,nan,nan,nan,0.33068000000000003,nan,0.8594700000000001,1.1491,1.3683,nan,nan,nan,nan,nan,nan,nan,nan,nan,nan,nan,nan,0.47676,nan,nan,nan,nan,nan,nan,nan,nan,nan,nan,nan,nan,nan,nan,nan,nan,nan,-0.61085,nan,-0.46216,nan,-0.76566,nan,nan,nan,nan,-1.4046,nan,nan,nan,-1.0489,nan,nan,-0.48344
5.0,-0.77553,nan,nan,nan,nan,0.28065,nan,nan,1.2855,nan,nan,nan,nan,nan,nan,nan,nan,nan,nan,nan,nan,-0.27318000000000003,-0.5491,nan,-0.85557,nan,nan,-0.31308,nan,nan,nan,nan,1.1345,nan,nan,1.3831,nan,nan,nan,nan,nan,nan,nan,1.0738,0.70904,nan,nan,nan,nan,nan,nan,nan,nan,nan,nan,nan,nan,nan,nan,-1.4284,nan,nan,nan,nan,nan,nan,nan,nan,-0.80423,nan,nan,nan,nan,nan,nan,nan,nan,nan,nan,nan
4.0,-0.59487,nan,-0.37209000000000003,nan,nan,nan,nan,nan,nan,nan,1.3152,nan,nan,nan,nan,nan,nan,nan,nan,nan,nan,nan,nan,nan,nan,nan,nan,0.49875,nan,1.0116,nan,nan,nan,nan,nan,1.4029,nan,nan,nan,nan,1.4774,nan,nan,nan,0.79104,nan,nan,nan,nan,nan,nan,nan,nan,nan,nan,-1.2441,nan,nan,nan,nan,-1.1686,nan,-0.95983,-0.81103,nan,-0.6684399999999999,nan,-0.8483,nan,nan,nan,nan,nan,nan,nan,-1.1598,nan,nan,nan,nan
6.0,-0.70626,nan,-0.4613,nan,nan,nan,0.64573,nan,nan,nan,nan,nan,nan,nan,nan,1.2249,0.9608,nan,nan,0.15092,-0.14882,nan,nan,nan,nan,nan,nan,0.033849000000000004,nan,nan,nan,nan,nan,nan,nan,nan,nan,nan,nan,nan,nan,nan,nan,0.99255,nan,nan,nan,nan,nan,nan,nan,-0.48751000000000005,nan,nan,nan,nan,nan,nan,nan,nan,nan,nan,nan,nan,nan,nan,nan,nan,nan,nan,nan,nan,nan,-1.307,nan,nan,nan,nan,nan,nan
6.0,-0.7841600000000001,nan,nan,nan,nan,nan,nan,nan,nan,nan,1.474,nan,nan,nan,nan,nan,1.3301,nan,nan,0.45085,nan,nan,nan,nan,-0.7637,nan,nan,nan,nan,nan,0.45233999999999996,0.79628,nan,nan,nan,nan,nan,1.3626,nan,nan,nan,1.4677,nan,nan,0.62952,0.32304,nan,nan,-0.48658,-0.69304,nan,nan,-0.45109,nan,-0.81329,nan,-1.2928,nan,nan,nan,-1.2244,nan,nan,nan,nan,nan,nan,nan,nan,nan,-1.3030000000000002,nan,nan,nan,nan,nan,-0.90566,nan,-0.47526999999999997,nan
3.0,-0.6205,nan,-0.47193,nan,nan,nan,nan,nan,nan,nan,nan,nan,nan,nan,nan,1.2644,nan,nan,nan,nan,nan,nan,nan,-0.57517,nan,nan,nan,nan,nan,0.58325,nan,nan,nan,nan,nan,nan,nan,nan,nan,nan,nan,1.4568,nan,nan,0.7570399999999999,0.45569,nan,nan,nan,nan,nan,nan,-0.74227,nan,nan,nan,-1.3319999999999999,-1.4629,nan,nan,-1.1994,nan,nan,nan,nan,nan,nan,-0.7740199999999999,nan,nan,nan,nan,nan,nan,nan,nan,nan,nan,nan,nan
6.0,-0.97809,nan,nan,-0.31629,nan,nan,0.6496,0.8992899999999999,nan,nan,nan,nan,nan,nan,nan,nan,nan,nan,nan,nan,nan,nan,nan,nan,-0.9216799999999999,nan,nan,nan,-0.095414,0.22038000000000002,nan,nan,nan,nan,1.5524,nan,nan,nan,1.3936,nan,nan,nan,nan,nan,nan,nan,nan,-0.39423,nan,nan,nan,nan,nan,nan,-0.8617600000000001,nan,nan,nan,-1.3625,nan,nan,nan,nan,nan,nan,nan,nan,nan,nan,nan,-1.0724,nan,nan,nan,nan,nan,nan,nan,nan,nan
3.0,-0.63871,nan,nan,nan,nan,nan,nan,0.92089,nan,1.2836,nan,nan,nan,nan,1.1896,0.99116,nan,0.48971000000000003,nan,-0.062922,-0.34291,nan,-0.66313,-0.57896,nan,-0.17282999999999998,nan,nan,nan,nan,nan,nan,nan,1.4406,nan,nan,nan,nan,nan,nan,nan,nan,nan,1.0257,nan,nan,nan,nan,nan,-0.55829,nan,-0.43237,nan,nan,-0.8454299999999999,nan,nan,nan,nan,nan,nan,nan,nan,-0.92761,nan,nan,-0.79852,nan,-1.0082,nan,nan,nan,nan,nan,nan,-1.0919,nan,nan,nan,nan
4.0,-0.64946,nan,nan,nan,nan,nan,nan,nan,1.1833,nan,nan,nan,nan,nan,nan,nan,nan,0.7057399999999999,nan,nan,-0.15467,nan,nan,nan,nan,-0.40478000000000003,nan,nan,nan,nan,nan,nan,nan,nan,1.3393,nan,nan,nan,nan,nan,nan,nan,nan,nan,nan,nan,nan,nan,nan,nan,nan,nan,nan,nan,nan,nan,-1.3061,nan,nan,nan,nan,nan,nan,-0.73449,nan,nan,nan,nan,nan,nan,nan,nan,nan,nan,nan,nan,nan,nan,nan,nan
5.0,-0.73225,nan,nan,-0.23939000000000002,nan,nan,nan,nan,nan,nan,nan,nan,nan,nan,nan,nan,nan,0.9703700000000001,0.61611,0.33388,nan,nan,nan,nan,nan,-0.66882,nan,nan,nan,nan,nan,nan,nan,nan,nan,nan,nan,nan,nan,nan,nan,nan,1.2381,nan,nan,nan,0.032994,nan,nan,nan,nan,-0.57013,-0.6542399999999999,nan,nan,nan,nan,nan,nan,nan,nan,-0.9451799999999999,nan,nan,nan,nan,nan,nan,nan,nan,nan,nan,nan,nan,nan,-1.0661,nan,nan,nan,nan
4.0,-0.7204699999999999,nan,nan,nan,nan,nan,nan,nan,1.2422,1.3804,nan,nan,nan,nan,nan,1.0108,nan,0.43921000000000004,nan,nan,nan,nan,nan,nan,nan,nan,-0.12284,nan,nan,nan,nan,nan,nan,nan,nan,nan,nan,nan,nan,nan,nan,nan,nan,nan,nan,nan,nan,nan,nan,-0.61698,nan,nan,nan,-0.71455,nan,nan,nan,nan,nan,nan,nan,-1.0509,nan,nan,nan,nan,-0.7227100000000001,nan,nan,nan,nan,nan,-1.3253,nan,nan,-1.0601,nan,nan,-0.7109800000000001,-0.5451
7.0,-0.6766399999999999,nan,nan,nan,nan,0.314,nan,nan,nan,1.3773,nan,nan,1.4242,nan,1.459,nan,nan,nan,nan,nan,nan,nan,nan,nan,nan,nan,nan,nan,nan,nan,nan,1.1184,nan,1.4604,nan,1.4713,nan,nan,nan,1.4818,nan,1.4867,nan,nan,nan,nan,nan,-0.17138,nan,nan,nan,nan,nan,nan,nan,nan,nan,nan,nan,nan,nan,nan,nan,nan,nan,nan,nan,nan,nan,nan,-1.2338,nan,-1.3862,nan,nan,nan,nan,nan,-0.60568,nan
3.0,-0.86055,-0.81152,-0.65208,nan,-0.065965,0.27328,0.6551100000000001,nan,nan,nan,nan,1.3722,1.4104,nan,nan,nan,nan,nan,nan,nan,nan,nan,nan,nan,-0.8204100000000001,nan,nan,nan,nan,nan,0.22341999999999998,nan,nan,nan,nan,nan,1.3834,1.3689,nan,nan,nan,1.3848,nan,nan,nan,nan,nan,nan,nan,nan,nan,nan,nan,nan,nan,nan,nan,nan,nan,nan,nan,nan,nan,nan,nan,nan,nan,nan,-0.80507,nan,nan,-1.294,nan,nan,nan,nan,nan,nan,nan,nan
5.0,-0.7558199999999999,nan,-0.48833999999999994,nan,0.098571,nan,nan,nan,nan,nan,1.4314,nan,nan,1.4914,nan,nan,nan,0.59055,nan,nan,nan,-0.48313,nan,nan,nan,-0.39675,nan,nan,nan,nan,nan,nan,nan,nan,1.5537,1.5082,1.4895,nan,nan,nan,1.5519999999999998,nan,nan,nan,nan,0.27591,nan,-0.25572,nan,nan,-0.50732,nan,nan,nan,-1.0208,nan,nan,nan,-1.3958,nan,nan,nan,nan,nan,-0.61931,nan,nan,nan,nan,nan,nan,nan,nan,-1.2819,nan,-1.1331,nan,-0.90943,nan,nan
5.0,-0.89694,nan,nan,nan,nan,nan,nan,nan,1.1382,nan,nan,nan,nan,nan,1.5681,nan,nan,nan,nan,nan,-0.17974,nan,nan,nan,nan,nan,nan,nan,nan,nan,nan,nan,nan,nan,nan,nan,1.3458,nan,nan,nan,nan,nan,nan,nan,nan,nan,nan,nan,nan,nan,nan,nan,nan,-0.67294,nan,nan,nan,nan,-1.5003,nan,-1.1196,nan,nan,-0.5468,-0.36685999999999996,nan,-0.4146,nan,nan,nan,-1.2065,nan,nan,nan,nan,nan,nan,nan,nan,nan
7.0,-0.75192,nan,nan,-0.37019,-0.1331,nan,nan,nan,1.065,nan,nan,nan,1.52,nan,1.5844,nan,nan,nan,nan,nan,-0.015308,nan,-0.51842,nan,nan,nan,nan,nan,nan,nan,nan,nan,nan,1.3886,nan,nan,nan,nan,nan,1.5717,nan,nan,nan,nan,nan,0.3038,nan,nan,nan,nan,nan,nan,nan,nan,nan,nan,nan,nan,nan,nan,nan,nan,nan,nan,nan,nan,nan,nan,-0.8136,nan,nan,-1.124,nan,-1.3088,nan,nan,nan,-0.94495,-0.8184,-0.65487
5.0,-0.81033,nan,nan,nan,nan,nan,nan,nan,nan,nan,nan,nan,nan,1.6236,nan,nan,nan,nan,nan,nan,nan,nan,nan,nan,-0.75493,nan,nan,nan,-0.06631799999999999,nan,nan,nan,nan,1.4159,1.5334,nan,nan,1.3436,1.3908,nan,nan,nan,nan,0.91806,0.6167199999999999,nan,nan,-0.28975,nan,nan,nan,nan,nan,nan,nan,-1.1801,nan,nan,nan,nan,nan,nan,nan,nan,nan,nan,-0.54464,nan,nan,nan,nan,nan,nan,nan,nan,nan,nan,nan,nan,-0.41152
5.0,-0.76002,-0.6804,nan,nan,0.069141,nan,nan,0.9714,nan,nan,nan,nan,1.4569,nan,nan,1.3486,1.1556,nan,nan,nan,nan,-0.17917,nan,-0.6559,nan,nan,nan,nan,nan,nan,nan,nan,nan,nan,nan,nan,nan,1.4311,nan,nan,nan,nan,nan,nan,nan,nan,nan,nan,nan,-0.65715,nan,nan,nan,nan,nan,nan,-1.3241,-1.4196,nan,nan,nan,nan,nan,nan,nan,-0.35479,-0.4444,nan,nan,nan,nan,nan,-1.3188,nan,nan,nan,nan,nan,-0.74403,nan
4.0,-0.6779999999999999,nan,-0.50225,nan,nan,nan,nan,0.77266,1.0,nan,nan,nan,1.4044,nan,nan,nan,nan,nan,nan,nan,nan,-0.31739,nan,nan,nan,nan,-0.22843000000000002,nan,nan,0.5997600000000001,0.8907299999999999,nan,nan,1.5457,nan,nan,nan,1.3686,nan,nan,nan,nan,nan,nan,nan,0.33918000000000004,nan,nan,nan,nan,nan,nan,nan,-0.8287200000000001,nan,nan,-1.2637,nan,nan,nan,-1.0658,nan,nan,-0.8315100000000001,nan,nan,nan,-0.76967,nan,nan,nan,nan,nan,nan,nan,nan,-1.0631,nan,nan,nan
4.0,-0.7801,nan,nan,nan,nan,nan,0.50212,nan,nan,1.3815,nan,1.3602,nan,nan,1.4915,nan,nan,nan,0.49977,nan,-0.14290999999999998,-0.4712,nan,-0.77658,-0.8966700000000001,-0.71365,nan,nan,nan,nan,nan,nan,nan,1.4745,nan,1.5133,nan,nan,nan,nan,nan,1.6105,nan,nan,nan,nan,nan,nan,nan,nan,nan,nan,nan,-0.81208,nan,nan,nan,nan,nan,nan,nan,-0.84651,nan,nan,nan,nan,nan,nan,nan,nan,nan,nan,nan,-1.3611,nan,nan,-1.0176,nan,nan,nan
5.0,-0.9028299999999999,-0.8352799999999999,nan,nan,-0.020669,nan,nan,nan,nan,nan,1.5704,nan,nan,nan,1.6061,nan,nan,nan,nan,nan,nan,nan,nan,nan,-0.87879,nan,-0.7031,nan,nan,nan,nan,0.65761,nan,nan,nan,nan,nan,nan,nan,nan,1.4685,nan,nan,nan,nan,nan,nan,nan,nan,-0.8344799999999999,nan,nan,nan,nan,nan,-0.97603,nan,-1.3791,nan,nan,nan,nan,nan,nan,nan,nan,nan,nan,nan,nan,-1.3021,nan,nan,nan,nan,nan,nan,nan,nan,nan
3.0,-0.5330199999999999,nan,nan,nan,0.031588,nan,nan,nan,1.0312,1.2934,nan,nan,1.4505,nan,1.453,nan,1.1494,0.8415100000000001,nan,nan,nan,nan,-0.41041000000000005,nan,nan,-0.46911,nan,nan,nan,0.42863999999999997,0.69585,nan,nan,nan,nan,1.3725,nan,1.4078,nan,nan,nan,nan,nan,nan,nan,nan,0.20203,nan,nan,-0.4813,nan,nan,nan,nan,nan,nan,nan,nan,nan,nan,-1.2006,nan,nan,nan,nan,-0.67523,-0.81984,nan,nan,nan,nan,-1.3065,nan,nan,nan,nan,nan,-0.89015,nan,nan
5.0,-0.49723999999999996,nan,nan,nan,nan,nan,nan,nan,nan,nan,1.3575,nan,nan,nan,nan,nan,nan,0.54214,nan,nan,nan,nan,nan,-0.5354800000000001,nan,nan,nan,nan,nan,nan,nan,nan,nan,nan,nan,nan,nan,nan,1.409,nan,nan,nan,nan,nan,nan,nan,nan,nan,nan,nan,nan,nan,-0.8025399999999999,nan,nan,-1.1886,nan,-1.4263,nan,nan,nan,nan,-0.89535,-0.7790699999999999,nan,nan,nan,nan,nan,nan,nan,nan,nan,nan,-1.3604,nan,-1.0839,-0.9162600000000001,nan,nan
4.0,-0.5542,nan,nan,nan,nan,0.40638,nan,nan,nan,1.251,nan,1.3030000000000002,nan,nan,1.1991,nan,nan,nan,0.15922,nan,nan,nan,nan,-0.58823,nan,nan,nan,0.32747,nan,0.8833200000000001,nan,nan,1.4911,nan,1.3139,nan,nan,nan,nan,nan,nan,nan,nan,nan,nan,nan,0.16879,nan,nan,nan,-0.61878,nan,-0.83091,nan,nan,nan,-1.3146,nan,nan,nan,nan,nan,nan,nan,-0.6147100000000001,nan,nan,nan,nan,-1.0419,nan,nan,nan,nan,nan,-1.2356,nan,nan,nan,nan
3.0,-0.77673,nan,nan,nan,0.0064751,0.32939,nan,nan,nan,nan,nan,nan,nan,nan,nan,nan,nan,nan,0.58732,nan,nan,-0.28121999999999997,nan,nan,-0.71355,nan,nan,nan,nan,nan,0.68075,nan,nan,1.3931,nan,nan,nan,nan,nan,nan,1.5543,nan,nan,nan,nan,nan,nan,-0.28684,nan,nan,-0.31917,nan,nan,nan,nan,-1.1636,nan,-1.4929,nan,-1.2494,nan,nan,nan,nan,nan,nan,nan,nan,nan,nan,nan,nan,nan,nan,-1.2228,nan,nan,nan,nan,-0.44037
4.0,-0.72388,nan,nan,nan,nan,nan,nan,nan,1.1984,nan,nan,nan,nan,nan,nan,nan,nan,nan,nan,nan,nan,nan,nan,-0.71016,nan,nan,nan,nan,nan,nan,nan,nan,1.2334,1.4738,1.5284,nan,nan,1.3766,nan,nan,1.5656,nan,nan,nan,nan,nan,0.03167,nan,-0.49254,nan,-0.34016,nan,nan,-0.8440200000000001,nan,nan,nan,nan,nan,nan,nan,nan,nan,-0.50115,nan,nan,nan,nan,nan,nan,nan,-1.3782,nan,nan,nan,nan,-0.941,nan,nan,nan
7.0,-0.47877,nan,-0.31901,-0.12402,nan,nan,nan,nan,nan,nan,1.4752,nan,nan,1.578,1.5069,1.2982,nan,nan,nan,0.35620999999999997,nan,nan,-0.33352,nan,nan,nan,nan,nan,nan,nan,nan,nan,nan,nan,nan,nan,nan,nan,nan,nan,nan,nan,nan,nan,nan,nan,nan,nan,nan,nan,nan,nan,nan,nan,nan,nan,nan,nan,nan,nan,nan,nan,nan,-1.0742,-1.0742,nan,nan,-1.0742,nan,-1.0742,nan,-1.0742,nan,nan,nan,nan,nan,-1.0742,-1.0742,nan
6.0,-0.68795,-0.64332,-0.45842,nan,nan,0.36849,0.59411,nan,nan,nan,nan,nan,1.4942,1.5292,nan,nan,nan,0.62351,nan,nan,nan,nan,-0.55662,nan,-0.63832,nan,nan,nan,nan,nan,nan,nan,nan,nan,nan,nan,nan,nan,nan,nan,1.4694,nan,nan,0.95693,0.6663899999999999,nan,nan,-0.18105,nan,nan,nan,-0.57677,nan,nan,-0.9022899999999999,nan,nan,nan,-1.4280000000000002,nan,nan,nan,nan,nan,nan,nan,nan,nan,nan,nan,nan,nan,nan,nan,nan,nan,nan,nan,nan,nan
3.0,-0.68379,nan,nan,nan,nan,nan,0.60255,nan,nan,nan,nan,nan,nan,nan,nan,nan,nan,nan,nan,nan,nan,-0.6181800000000001,nan,-0.57915,nan,nan,nan,nan,nan,nan,1.214,nan,nan,1.4665,1.3927,nan,nan,nan,nan,nan,nan,1.4638,1.2253,nan,nan,nan,nan,nan,nan,nan,-0.60965,-0.6155,nan,nan,nan,nan,nan,-1.339,nan,-1.3438,nan,nan,nan,nan,-0.6550600000000001,nan,nan,-0.74853,nan,nan,nan,nan,-1.3058,nan,-1.2806,nan,nan,nan,-0.81128,nan
4.0,-0.58386,nan,nan,-0.032357,nan,nan,nan,0.8476799999999999,nan,1.1734,1.258,nan,nan,nan,nan,nan,nan,nan,nan,nan,nan,nan,-0.50476,nan,nan,nan,nan,0.45066000000000006,0.71972,nan,nan,nan,nan,nan,nan,nan,nan,nan,nan,nan,nan,nan,nan,nan,nan,nan,nan,-0.10289000000000001,-0.33875,nan,nan,nan,nan,nan,nan,-1.2257,nan,nan,nan,nan,nan,nan,nan,nan,nan,nan,-0.87961,-0.9791,nan,nan,-1.2081,nan,nan,nan,nan,nan,nan,-0.91528,nan,nan
4.0,-0.58335,nan,-0.35331999999999997,nan,0.16517,nan,nan,nan,nan,1.2121,nan,nan,nan,nan,nan,nan,0.71446,nan,nan,nan,nan,nan,nan,nan,nan,-0.14336,nan,nan,0.63727,nan,nan,nan,nan,nan,nan,nan,1.3753,nan,1.3167,nan,nan,nan,nan,1.0290000000000001,0.71937,nan,nan,-0.08971900000000001,nan,nan,-0.58925,nan,-0.7593300000000001,nan,-1.0344,nan,nan,nan,-1.2936,nan,-1.2083,nan,nan,-0.9024,nan,nan,nan,nan,nan,nan,nan,nan,nan,nan,-1.2437,nan,nan,-0.94601,nan,-0.69833
4.0,-0.8251,nan,nan,nan,-0.039847,nan,nan,nan,1.1514,nan,nan,nan,nan,nan,1.5599,nan,nan,nan,nan,nan,nan,nan,nan,-0.88289,nan,nan,nan,nan,nan,0.267,0.5696,nan,nan,nan,1.4737,nan,1.449,nan,nan,nan,nan,1.4379,nan,nan,nan,nan,nan,-0.25539,nan,nan,nan,nan,nan,nan,nan,-1.1612,nan,nan,nan,-1.2464,nan,nan,nan,nan,nan,nan,nan,-0.47335,-0.72254,nan,nan,nan,-1.2798,nan,-1.4269,nan,nan,-0.89141,-0.70581,nan
4.0,-0.5798300000000001,nan,nan,-0.15394000000000002,nan,nan,nan,0.8224799999999999,nan,nan,nan,1.2912,nan,nan,nan,nan,nan,0.42346000000000006,nan,nan,nan,-0.59218,-0.55755,nan,nan,nan,nan,0.41495,nan,nan,1.2915,nan,1.5477,nan,nan,nan,nan,nan,nan,nan,nan,nan,1.3154,nan,nan,nan,0.10127,nan,nan,nan,-0.6410899999999999,nan,nan,nan,-1.147,nan,nan,-1.3904,nan,nan,nan,nan,-0.8607299999999999,nan,nan,nan,nan,nan,nan,nan,nan,-1.2797,nan,nan,-1.3374,nan,-1.0742,-0.9657399999999999,nan,-0.71645
4.0,-0.5351199999999999,-0.4819,nan,nan,nan,nan,nan,nan,1.0762,1.2328,nan,nan,nan,nan,nan,nan,0.9249700000000001,nan,nan,nan,nan,nan,nan,nan,nan,-0.29211,nan,nan,nan,nan,nan,nan,nan,nan,1.2890000000000001,1.29,1.3261,nan,1.2813,nan,nan,nan,1.3603,1.1386,0.8320000000000001,nan,nan,-0.007126899999999999,nan,nan,nan,nan,nan,nan,nan,-1.1694,nan,nan,nan,nan,nan,-1.202,nan,nan,-0.7403,nan,nan,nan,-1.0096,nan,nan,nan,nan,-1.4167,nan,nan,-1.0544,nan,-0.75465,-0.62512
4.0,-0.66664,nan,nan,nan,0.11184000000000001,0.40704,nan,nan,nan,nan,nan,nan,nan,nan,nan,nan,nan,0.5454100000000001,0.31305,0.014299000000000001,nan,nan,nan,nan,nan,nan,-0.012967,nan,0.5264800000000001,nan,nan,nan,1.4780000000000002,nan,nan,nan,nan,nan,nan,1.3205,nan,nan,nan,0.9606899999999999,nan,nan,nan,nan,nan,nan,nan,nan,nan,nan,-1.0385,nan,nan,nan,nan,nan,nan,nan,nan,nan,nan,-0.58029,nan,nan,nan,nan,-1.1799,nan,nan,nan,nan,-1.1874,nan,-0.96405,nan,nan
3.0,-0.64595,nan,nan,-0.13141,nan,0.42803,nan,nan,nan,nan,nan,nan,nan,nan,nan,nan,nan,nan,nan,nan,nan,-0.51968,nan,-0.6007899999999999,nan,nan,nan,nan,nan,nan,nan,nan,nan,nan,nan,nan,1.3905,nan,nan,nan,nan,nan,nan,nan,nan,nan,nan,nan,nan,nan,nan,nan,-0.8219,nan,nan,nan,nan,nan,nan,nan,nan,nan,nan,nan,nan,nan,-0.84819,nan,nan,nan,-1.1861,nan,nan,nan,-1.1897,nan,nan,nan,nan,nan
4.0,-0.87915,nan,nan,nan,nan,nan,nan,nan,1.2624,nan,nan,nan,nan,nan,1.6219,nan,nan,nan,nan,nan,nan,nan,nan,nan,-0.8795799999999999,nan,nan,nan,-0.057941999999999994,nan,0.54595,nan,nan,nan,1.3932,nan,nan,1.3606,nan,nan,nan,nan,nan,0.9530700000000001,nan,nan,nan,-0.3069,nan,nan,nan,nan,nan,nan,nan,nan,nan,nan,nan,nan,nan,-1.053,nan,nan,nan,nan,nan,nan,nan,nan,nan,nan,-1.2579,nan,nan,nan,nan,nan,nan,nan
3.0,-0.3518,-0.44204,nan,nan,nan,nan,0.49648000000000003,nan,nan,nan,nan,1.3573,nan,nan,nan,nan,nan,nan,nan,0.27771,nan,nan,nan,nan,-0.34194,nan,nan,nan,nan,nan,nan,nan,nan,1.3176,nan,nan,nan,1.2616,1.2681,nan,nan,nan,nan,nan,nan,nan,nan,0.12855,-0.055107,nan,nan,nan,nan,-0.9647700000000001,-1.1501,nan,nan,nan,nan,nan,nan,nan,nan,nan,nan,-0.5918800000000001,nan,nan,nan,nan,nan,-1.4824,nan,nan,nan,nan,nan,nan,nan,nan
4.0,-0.65754,-0.59246,nan,nan,0.06827799999999999,nan,0.73207,nan,1.3068,nan,1.4281,nan,1.4140000000000001,nan,nan,nan,nan,nan,0.55306,0.28286,nan,nan,nan,-0.59377,nan,-0.62139,nan,nan,nan,nan,nan,nan,nan,nan,1.5181,nan,nan,nan,nan,nan,nan,1.4171,1.3604,nan,nan,nan,nan,nan,nan,nan,nan,-0.71359,nan,nan,nan,nan,nan,nan,-1.3809,nan,nan,-0.85821,nan,nan,nan,nan,-0.86346,nan,nan,nan,nan,nan,nan,nan,nan,nan,nan,nan,nan,-0.4724
4.0,-0.84473,nan,nan,nan,nan,nan,nan,nan,nan,1.4672,nan,nan,nan,nan,nan,nan,nan,nan,nan,nan,nan,nan,nan,nan,nan,nan,nan,nan,nan,nan,nan,nan,nan,nan,nan,nan,nan,nan,nan,nan,nan,nan,nan,nan,nan,nan,nan,nan,nan,nan,nan,nan,nan,nan,nan,nan,-1.21,nan,nan,nan,nan,-1.0019,nan,nan,nan,-0.41852,nan,nan,-0.86162,nan,nan,nan,-1.3769999999999998,nan,nan,nan,-0.96201,nan,nan,nan
4.0,-0.54942,-0.53962,nan,-0.15158,nan,nan,nan,nan,nan,nan,nan,nan,1.3598,nan,nan,nan,nan,nan,0.24003000000000002,nan,nan,-0.5031,nan,nan,nan,nan,nan,nan,nan,0.9799399999999999,nan,nan,nan,nan,nan,nan,nan,nan,nan,1.3219,nan,nan,nan,nan,nan,nan,nan,-0.054548,nan,-0.49893000000000004,nan,-0.68095,nan,nan,nan,nan,nan,nan,nan,nan,nan,-1.0824,nan,nan,-0.63059,nan,nan,nan,nan,nan,nan,nan,nan,nan,nan,nan,nan,nan,nan,-0.59523
4.0,-0.7068,nan,nan,nan,nan,nan,nan,nan,nan,nan,nan,1.473,nan,nan,1.3979,nan,nan,nan,0.28594,nan,nan,-0.49293000000000003,-0.58667,nan,nan,nan,nan,0.10293,nan,0.60853,nan,nan,nan,nan,nan,1.5067,nan,nan,nan,nan,nan,nan,1.2841,nan,nan,nan,nan,nan,-0.44466999999999995,nan,nan,nan,nan,nan,nan,nan,-1.2956,-1.3872,nan,nan,-1.0675,nan,nan,nan,nan,nan,nan,nan,nan,nan,nan,nan,nan,nan,nan,nan,nan,-0.88131,-0.7824,nan
4.0,-0.83468,nan,nan,nan,nan,0.28702,nan,nan,nan,1.4071,nan,nan,nan,nan,nan,nan,nan,nan,0.6107,nan,nan,nan,nan,-0.77446,nan,nan,nan,nan,nan,nan,0.62758,nan,nan,nan,nan,nan,nan,nan,nan,1.456,nan,nan,1.2418,nan,nan,nan,nan,nan,-0.55297,nan,nan,nan,nan,-0.66855,nan,nan,nan,nan,nan,nan,nan,nan,nan,nan,nan,-0.38295,nan,nan,-0.9342299999999999,nan,nan,nan,-1.4003,nan,nan,nan,nan,nan,nan,nan
4.0,-0.78154,nan,-0.5695899999999999,nan,nan,0.27023,nan,nan,nan,nan,nan,nan,nan,nan,1.5621,1.3937,nan,nan,nan,nan,nan,nan,nan,nan,nan,nan,-0.37671,nan,nan,nan,nan,0.9676899999999999,nan,nan,nan,nan,nan,nan,nan,nan,nan,nan,1.2721,nan,nan,nan,nan,-0.22964,nan,nan,nan,nan,nan,nan,nan,nan,nan,-1.5754,-1.4984,nan,nan,nan,nan,nan,nan,nan,nan,nan,nan,-1.0431,nan,nan,nan,nan,nan,-1.2385,-1.0622,nan,-0.61525,-0.41743
4.0,-0.64269,-0.5897600000000001,nan,nan,nan,nan,nan,nan,nan,1.4502,nan,nan,nan,1.5306,nan,nan,1.1719,nan,nan,nan,nan,nan,-0.5051100000000001,nan,nan,nan,nan,-0.20621,0.036754,nan,nan,nan,nan,nan,nan,1.3878,1.383,nan,nan,nan,nan,nan,nan,0.9945799999999999,nan,nan,0.1108,-0.15611,nan,nan,nan,nan,nan,nan,nan,nan,-1.3946,nan,-1.4225,nan,nan,-0.8877799999999999,nan,-0.63557,nan,nan,-0.54104,nan,-0.90738,nan,nan,-1.3011,nan,-1.4009,nan,nan,nan,-0.96591,nan,nan
3.0,-0.71118,nan,nan,nan,nan,nan,nan,nan,1.245,nan,nan,nan,nan,nan,nan,nan,nan,nan,nan,nan,-0.2288,nan,nan,nan,-0.65696,nan,nan,nan,nan,nan,nan,nan,nan,nan,1.4506,1.4441,nan,nan,1.432,nan,nan,nan,1.3347,nan,nan,nan,nan,nan,nan,nan,nan,nan,nan,nan,-1.0245,nan,nan,nan,nan,nan,nan,nan,nan,nan,nan,nan,nan,nan,nan,nan,nan,nan,nan,nan,nan,nan,-0.9959100000000001,nan,nan,-0.61255
4.0,-0.53293,-0.5011800000000001,-0.43716000000000005,nan,nan,nan,nan,nan,1.067,nan,nan,nan,nan,nan,nan,nan,nan,nan,nan,0.26615,nan,nan,-0.44086000000000003,-0.5285,nan,nan,nan,0.1619,nan,nan,nan,nan,nan,nan,nan,nan,1.3008,nan,nan,nan,nan,nan,nan,nan,nan,nan,nan,nan,nan,nan,-0.63871,nan,nan,nan,-0.9726600000000001,-1.1751,nan,nan,nan,nan,nan,nan,nan,nan,nan,-0.55993,nan,nan,nan,nan,nan,nan,-1.3876,-1.3862,nan,-1.2886,nan,-1.0135,nan,nan
