6.0,0.64662,nan,nan,nan,nan,1.6177,nan,nan,nan,nan,nan,nan,nan,nan,0.6389,nan,nan,1.3808,nan,nan,0.7086899999999999,nan,nan,nan,nan,nan,0.033819,nan,-0.17429,nan,nan,-0.40473000000000003,nan,nan,-1.2252,nan,-0.91891,-1.3917,nan,nan,nan,nan,-0.63121,-0.06893400000000001,nan,nan,nan,-0.73543,nan,nan,0.018941999999999997,nan,nan,nan,nan,nan,nan,nan,nan,nan
1.0,-0.37694,1.2249,nan,nan,nan,nan,nan,nan,nan,nan,nan,-0.25405,nan,0.62547,nan,nan,nan,nan,nan,nan,nan,nan,nan,nan,nan,nan,nan,nan,nan,nan,nan,nan,nan,nan,nan,nan,nan,nan,nan,nan,nan,nan,-0.31627,nan,nan,1.1663,nan,nan,nan,nan,nan,-1.5682,nan,nan,nan,nan,nan,0.91835,nan,nan
1.0,0.64441,0.41326999999999997,nan,nan,-0.42146000000000006,-0.21420999999999998,nan,nan,-1.2161,nan,0.77698,nan,nan,-0.80696,nan,nan,0.69653,nan,nan,nan,-0.70096,nan,nan,nan,nan,0.28325,0.59815,nan,nan,nan,nan,nan,nan,nan,nan,nan,nan,nan,nan,nan,nan,nan,nan,nan,nan,nan,nan,2.0226,nan,-0.6292399999999999,nan,nan,nan,nan,nan,nan,nan,nan,nan,nan
1.0,-0.97867,nan,nan,nan,nan,nan,nan,nan,-1.7033,nan,nan,nan,nan,nan,nan,nan,0.67893,nan,nan,-1.1619,nan,nan,nan,nan,-1.6898,nan,nan,nan,nan,nan,nan,nan,-1.0493,nan,nan,nan,nan,nan,nan,0.68726,nan,nan,nan,nan,nan,-1.3193,-0.43803000000000003,nan,nan,nan,nan,nan,nan,nan,1.2773,nan,nan,nan,nan,nan
1.0,-0.23654,nan,nan,nan,0.49828,nan,nan,nan,nan,nan,nan,nan,nan,nan,nan,nan,nan,nan,nan,nan,nan,nan,-0.70814,-0.42765,nan,nan,nan,nan,nan,-1.2092,nan,nan,nan,nan,nan,-0.029588999999999997,-1.3219,nan,1.2793,nan,nan,nan,nan,nan,nan,nan,nan,nan,-0.20243,nan,nan,nan,nan,nan,-1.1197,nan,nan,nan,nan,nan
1.0,1.4907,1.3252,nan,nan,-1.099,nan,nan,nan,nan,nan,nan,nan,-0.40878000000000003,nan,nan,-1.1595,nan,nan,1.072,nan,nan,nan,nan,nan,nan,nan,nan,nan,0.5331100000000001,nan,nan,nan,nan,nan,nan,nan,nan,0.39265,nan,nan,nan,0.8443,nan,nan,nan,nan,0.60273,1.3546,nan,nan,nan,nan,-1.4962,nan,nan,nan,nan,nan,nan,nan
1.0,1.6433,nan,nan,nan,-1.5676,nan,nan,nan,nan,nan,nan,nan,nan,nan,nan,nan,nan,nan,nan,1.2626,nan,nan,nan,nan,nan,nan,-0.87716,nan,0.27061999999999997,nan,nan,nan,nan,nan,nan,nan,-0.35646,nan,nan,nan,nan,nan,nan,nan,nan,nan,nan,nan,nan,-0.9635100000000001,nan,-1.3687,nan,-0.42523,nan,nan,nan,nan,nan,nan
1.0,1.1847,nan,nan,nan,nan,nan,nan,nan,nan,nan,nan,0.79308,nan,nan,nan,nan,nan,nan,nan,nan,nan,nan,nan,-1.6764,nan,nan,0.74763,nan,nan,nan,-0.045667,nan,nan,nan,1.0809,-1.2053,nan,nan,0.73115,-0.29938000000000003,nan,nan,0.20901,0.27813000000000004,nan,nan,nan,nan,nan,nan,nan,nan,nan,nan,nan,nan,nan,nan,nan,nan
1.0,-1.5231,nan,nan,nan,nan,nan,nan,nan,-1.4164,nan,nan,1.1983,nan,1.0477,nan,-0.032418999999999996,nan,nan,nan,nan,1.5277,-0.58809,nan,nan,nan,nan,nan,nan,nan,nan,nan,nan,nan,nan,nan,nan,nan,nan,nan,nan,-0.32565,nan,-0.38363,nan,nan,nan,nan,nan,nan,nan,nan,nan,nan,1.6475,nan,nan,nan,nan,1.2361,nan
1.0,-1.3705,nan,nan,nan,nan,nan,nan,nan,-1.0575,nan,-0.69552,nan,nan,0.087062,nan,nan,nan,nan,nan,0.14219,nan,nan,nan,nan,nan,nan,nan,nan,nan,nan,-0.64378,nan,nan,nan,nan,nan,nan,nan,-0.159,0.39759,nan,nan,nan,nan,nan,nan,-0.10747000000000001,nan,nan,nan,-0.28734,-0.40107,nan,nan,nan,nan,-1.724,nan,nan,nan
1.0,-0.8245600000000001,nan,nan,nan,nan,0.85267,nan,nan,nan,nan,1.5403,nan,nan,0.17246,-0.24855,nan,nan,nan,nan,nan,nan,nan,nan,nan,nan,nan,nan,nan,nan,nan,nan,0.27619,-0.9242100000000001,1.4551,1.1406,nan,0.73621,nan,nan,nan,nan,nan,nan,-0.25624,nan,nan,nan,nan,nan,nan,nan,nan,-0.019699,nan,nan,0.5888899999999999,-0.31936,-0.5273100000000001,nan,nan
1.0,-1.1758,nan,nan,nan,nan,nan,-1.3094,nan,-1.2790000000000001,nan,nan,nan,1.5979,nan,-1.2119,nan,nan,nan,nan,-0.93558,nan,nan,nan,1.0352,nan,nan,-0.30977,nan,nan,nan,-0.38273,nan,0.61958,nan,0.023803,nan,-0.6442,nan,nan,1.4564,nan,-1.1621,nan,nan,nan,0.6070399999999999,nan,nan,nan,nan,nan,nan,nan,nan,nan,1.8274,nan,nan,nan,-0.85105
1.0,0.51256,nan,nan,nan,nan,nan,nan,nan,0.22779000000000002,nan,nan,nan,nan,nan,nan,nan,nan,0.8493,nan,nan,nan,-1.3981,nan,nan,nan,nan,nan,nan,nan,nan,nan,-1.2566,nan,nan,nan,0.8564700000000001,nan,nan,nan,0.8440000000000001,nan,nan,nan,nan,nan,nan,nan,nan,nan,nan,nan,nan,1.5032,1.4259,nan,nan,nan,nan,nan,-0.19994
1.0,-0.27553,nan,nan,nan,nan,nan,nan,nan,nan,nan,-0.5959800000000001,nan,nan,nan,nan,nan,nan,nan,nan,nan,1.3695,nan,nan,nan,nan,0.25585,nan,nan,nan,nan,nan,-1.7517,nan,nan,nan,0.17859,nan,nan,nan,nan,nan,nan,0.62729,nan,nan,nan,0.18273,-1.8748,1.2134,nan,nan,nan,nan,nan,nan,nan,nan,nan,nan,-0.033750999999999996
1.0,0.93547,nan,nan,nan,nan,-1.284,nan,nan,nan,nan,nan,nan,nan,nan,nan,nan,0.9864299999999999,nan,nan,nan,nan,1.3687,nan,-0.62093,nan,nan,nan,nan,0.37993000000000005,nan,0.12497,nan,nan,0.051423,nan,nan,nan,0.40946,nan,nan,nan,nan,-0.99192,nan,nan,nan,nan,nan,nan,nan,nan,1.5715,-0.14795999999999998,nan,nan,nan,nan,nan,nan,nan
1.0,1.1636,nan,0.68224,nan,nan,nan,nan,-1.4698,nan,nan,nan,nan,nan,nan,nan,nan,nan,-1.0879,nan,nan,nan,-0.25243000000000004,0.6328600000000001,nan,nan,nan,nan,nan,nan,nan,nan,-1.7781,nan,nan,nan,1.3627,nan,nan,0.6485,nan,nan,nan,nan,nan,-0.10166,nan,nan,nan,nan,nan,nan,nan,nan,nan,nan,nan,nan,1.4024,nan,-0.91927
1.0,-0.86495,nan,nan,nan,nan,0.9666399999999999,nan,nan,nan,nan,-0.76586,nan,1.3292,nan,nan,nan,0.1097,nan,nan,nan,nan,-0.15966,-0.7598,nan,nan,nan,nan,nan,nan,nan,nan,-1.193,nan,nan,nan,nan,nan,nan,nan,nan,nan,-0.16364,nan,nan,nan,-0.32295,nan,nan,nan,nan,nan,nan,nan,nan,nan,nan,nan,nan,nan,nan
1.0,1.3738,nan,0.65525,nan,-1.3087,nan,0.8827799999999999,nan,nan,1.5644,0.13968,nan,1.0976,nan,1.1306,nan,nan,nan,nan,nan,nan,nan,nan,nan,0.66951,nan,nan,nan,-0.8583799999999999,1.6096,nan,nan,nan,1.2325,nan,nan,nan,nan,nan,nan,nan,-1.5393,nan,nan,nan,nan,nan,-0.8209299999999999,nan,nan,nan,nan,0.37256999999999996,nan,nan,nan,nan,nan,nan,nan
1.0,-1.2604,nan,nan,nan,nan,nan,nan,nan,nan,nan,-0.49562,nan,nan,nan,nan,nan,nan,nan,nan,nan,nan,-0.1026,-0.051740999999999995,nan,nan,-0.68555,-1.0295,1.5177,nan,0.25984,nan,nan,1.0598,nan,0.8772200000000001,nan,nan,nan,nan,-0.10443,nan,nan,1.2908,nan,nan,-1.0841,nan,-0.80037,nan,nan,nan,nan,nan,nan,nan,1.24,1.5273,-1.1193,-0.58924,nan
1.0,-1.3433,nan,nan,nan,nan,nan,nan,nan,nan,nan,nan,nan,-0.32334,nan,nan,nan,0.15783,-0.22960999999999998,-0.091975,nan,nan,nan,nan,nan,nan,nan,nan,1.0074,-1.4507,nan,0.8212299999999999,nan,nan,nan,nan,nan,nan,nan,nan,-0.62821,nan,nan,nan,nan,0.4588,nan,nan,nan,nan,nan,nan,nan,1.0456,nan,nan,-1.6159,nan,nan,nan,nan
1.0,-0.7112,-1.2939,nan,nan,nan,nan,nan,nan,nan,nan,-0.95447,nan,nan,nan,1.0097,nan,nan,-1.3672,nan,nan,-1.631,nan,1.5623,nan,nan,0.067275,nan,nan,nan,nan,nan,nan,-0.27808,nan,-0.24433000000000002,nan,nan,nan,nan,nan,nan,nan,0.45705,nan,0.048458999999999995,nan,nan,nan,-0.76507,nan,nan,nan,nan,nan,nan,nan,nan,nan,nan,nan
1.0,0.99844,nan,nan,1.2323,nan,nan,nan,nan,-0.26241,0.84945,nan,nan,nan,nan,nan,nan,nan,nan,-0.31079,nan,nan,nan,nan,nan,nan,nan,nan,nan,-0.67845,nan,nan,nan,nan,nan,1.278,nan,nan,nan,nan,nan,nan,nan,nan,nan,nan,-1.2947,nan,nan,nan,0.85844,0.5433399999999999,nan,nan,nan,nan,nan,nan,nan,1.2072,nan
1.0,0.5303800000000001,nan,nan,nan,0.2472,nan,nan,nan,nan,nan,-0.59543,0.60532,0.1251,nan,-0.14012,nan,nan,0.5049399999999999,nan,nan,1.0468,nan,1.1788,nan,nan,nan,1.1713,nan,1.2598,-1.224,nan,nan,nan,1.113,nan,nan,nan,nan,0.62035,nan,nan,-1.2814,0.7956,nan,nan,nan,nan,nan,nan,nan,nan,nan,nan,nan,nan,-1.1325,-1.4382,-0.73336,nan,-1.1702
1.0,1.2096,nan,nan,nan,-0.35717,nan,nan,nan,-1.3183,nan,nan,nan,nan,-0.90294,nan,nan,nan,nan,nan,nan,nan,nan,nan,nan,nan,nan,nan,nan,nan,nan,0.337,nan,0.9895200000000001,-0.62534,nan,nan,nan,nan,nan,nan,nan,nan,nan,nan,nan,nan,nan,nan,1.6257,nan,nan,nan,nan,1.5119,nan,nan,nan,-0.9024200000000001,nan,nan
1.0,0.7245699999999999,nan,nan,0.10265999999999999,nan,-1.2088,nan,nan,nan,nan,-0.7155,nan,nan,nan,-0.27596,nan,nan,1.5063,-0.14987,nan,nan,nan,nan,nan,nan,-0.20856,nan,nan,1.5071,nan,nan,nan,nan,-0.26858000000000004,nan,1.681,nan,nan,nan,1.6332,nan,nan,nan,nan,-0.30046999999999996,nan,nan,nan,nan,nan,nan,nan,nan,nan,nan,nan,nan,nan,0.72741,nan
1.0,-0.26885,1.9117,nan,nan,nan,nan,nan,nan,nan,nan,nan,nan,0.48556000000000005,nan,nan,nan,nan,nan,nan,-0.022319,0.15417,nan,nan,1.2481,nan,nan,nan,1.0435,nan,nan,nan,nan,nan,nan,nan,nan,0.078963,nan,nan,nan,nan,nan,nan,nan,-0.44421000000000005,-0.19871,nan,nan,nan,nan,nan,nan,nan,nan,nan,-0.059873,nan,nan,nan,nan
1.0,-1.4844,nan,nan,nan,nan,nan,nan,nan,nan,nan,nan,1.875,nan,nan,nan,nan,nan,nan,nan,nan,nan,nan,nan,nan,nan,nan,nan,nan,nan,nan,nan,nan,nan,-0.9421200000000001,nan,nan,nan,nan,nan,nan,nan,nan,nan,nan,nan,nan,nan,nan,nan,nan,nan,nan,1.7418,nan,nan,-1.1085,nan,nan,nan,nan
1.0,-1.2697,nan,0.9455600000000001,-0.07790599999999999,nan,nan,nan,0.4878,nan,nan,nan,nan,1.4319,nan,nan,nan,nan,nan,nan,nan,nan,-0.58754,nan,nan,nan,nan,nan,nan,nan,nan,-1.1085,nan,nan,nan,nan,nan,0.3709,0.27082,nan,1.5038,-1.5186,0.54985,-1.4661,nan,nan,nan,nan,nan,-0.12500999999999998,-1.3108,-0.63974,nan,0.8925799999999999,nan,nan,nan,nan,nan,0.30148,nan
1.0,-1.3453,-1.192,nan,nan,nan,-0.70715,1.0881,nan,nan,nan,nan,nan,nan,nan,0.051046,nan,nan,nan,-1.3705,nan,nan,nan,nan,nan,nan,nan,1.4065,nan,nan,nan,nan,nan,nan,nan,nan,nan,nan,nan,nan,nan,nan,nan,nan,0.55597,nan,-0.20639000000000002,nan,nan,nan,nan,nan,nan,-1.0225,nan,nan,nan,nan,nan,nan,nan
1.0,1.7991,nan,nan,nan,nan,-1.5061,nan,nan,nan,nan,nan,nan,1.7086,nan,nan,-0.86459,nan,nan,nan,nan,nan,nan,nan,nan,nan,nan,nan,0.4288,nan,nan,nan,nan,nan,nan,nan,nan,nan,nan,nan,nan,nan,nan,nan,-1.7378,1.0072,nan,nan,nan,nan,0.3086,0.51325,nan,nan,-0.88046,nan,nan,nan,0.81692,nan,nan
1.0,0.075424,nan,nan,nan,nan,1.2411,nan,nan,1.3771,nan,nan,nan,-0.054923,nan,nan,1.2834,nan,nan,nan,nan,nan,nan,nan,1.4423,nan,nan,nan,nan,nan,nan,nan,nan,nan,nan,nan,nan,nan,nan,nan,nan,1.0853,nan,nan,-0.5488,nan,nan,nan,nan,1.4553,nan,nan,nan,nan,-0.39131,nan,nan,nan,nan,nan,nan
1.0,1.1605,nan,nan,nan,nan,0.80415,nan,nan,nan,nan,nan,0.06174400000000001,-1.3354,-1.5587,-1.5598,-0.261,nan,1.2377,nan,nan,nan,nan,nan,nan,0.21072,nan,nan,nan,nan,nan,nan,nan,nan,nan,0.11815,nan,nan,-1.6137,nan,nan,nan,nan,0.9531299999999999,1.6039,-0.44966999999999996,nan,0.6893600000000001,nan,nan,nan,nan,nan,nan,0.6307,-0.8841600000000001,nan,nan,nan,nan,0.091698
1.0,0.58567,nan,nan,-1.4232,nan,nan,nan,nan,nan,nan,nan,nan,-1.4084,nan,nan,nan,-0.2166,nan,nan,nan,nan,nan,nan,-0.67994,nan,nan,nan,nan,-0.9675600000000001,nan,0.056559000000000005,nan,nan,nan,nan,nan,nan,nan,0.31531,nan,nan,nan,nan,nan,nan,nan,nan,nan,1.1966,0.28733000000000003,nan,nan,-0.49016000000000004,nan,nan,0.5024,nan,nan,nan,nan
1.0,0.91035,nan,nan,nan,nan,nan,nan,nan,nan,nan,nan,nan,0.07836,nan,nan,nan,nan,nan,nan,nan,nan,1.9326,nan,-0.8663700000000001,0.49868999999999997,nan,1.7045,nan,nan,nan,-1.156,nan,nan,-0.17751,nan,nan,nan,nan,-0.12342,1.0579,nan,nan,1.0468,-0.19543,nan,nan,nan,nan,-0.92891,1.2521,nan,nan,nan,nan,nan,nan,nan,nan,nan,nan
1.0,-1.0067,0.59764,nan,nan,nan,nan,nan,nan,nan,-1.1703,nan,nan,nan,nan,nan,nan,nan,0.69794,nan,-1.3246,nan,-1.0329,nan,nan,nan,0.47906000000000004,nan,nan,nan,0.18844,nan,nan,nan,nan,nan,nan,nan,nan,1.4506,0.90548,nan,nan,nan,0.011340000000000001,nan,nan,nan,nan,nan,nan,nan,nan,nan,nan,nan,nan,nan,-0.46475,nan,nan
1.0,-0.5344300000000001,nan,nan,nan,nan,nan,nan,1.1516,nan,-0.58506,nan,nan,nan,nan,nan,nan,nan,nan,nan,nan,nan,nan,-0.21481999999999998,nan,-1.0544,-0.92476,nan,nan,nan,nan,-0.35686,-0.32013,nan,-0.12729000000000001,nan,nan,nan,nan,nan,nan,nan,0.74497,nan,nan,nan,nan,nan,nan,nan,-0.7489600000000001,0.93919,nan,1.1561,nan,nan,nan,nan,nan,nan,1.5339
1.0,0.80142,nan,1.1687,-1.0490000000000002,0.65137,nan,nan,nan,nan,nan,nan,nan,nan,-1.4556,-1.4955,nan,nan,nan,nan,nan,nan,nan,nan,0.9348299999999999,nan,nan,0.69814,nan,nan,nan,nan,nan,nan,0.44117,nan,1.1314,nan,nan,nan,nan,nan,nan,nan,nan,-1.3828,nan,nan,nan,nan,nan,nan,nan,nan,nan,-0.14375,0.035701,nan,nan,-0.6254,-1.5739
1.0,-0.92856,nan,nan,nan,nan,1.6615,nan,-0.8254,nan,-0.5122399999999999,-0.027458999999999997,nan,nan,nan,nan,-0.66189,nan,nan,nan,nan,-1.6135,-0.38545,nan,nan,nan,nan,nan,nan,nan,nan,0.0017553,nan,-0.55897,nan,nan,nan,nan,-0.9084899999999999,nan,nan,nan,nan,-1.2797,nan,nan,-1.645,0.25511999999999996,nan,nan,nan,nan,nan,nan,0.31012,nan,nan,nan,nan,-1.5815,nan
1.0,-1.3928,nan,nan,nan,nan,-1.6771,nan,nan,nan,nan,nan,nan,nan,nan,-0.27305999999999997,nan,nan,nan,nan,nan,nan,nan,1.6011,nan,nan,nan,nan,-0.47216,nan,nan,nan,nan,nan,0.59073,nan,nan,nan,0.045649,nan,nan,nan,nan,nan,nan,nan,-1.6882,nan,nan,nan,-1.6423,nan,-0.18215,nan,nan,nan,nan,nan,nan,nan,nan
1.0,-0.12577,nan,nan,nan,-0.10945999999999999,nan,nan,nan,nan,nan,nan,nan,nan,nan,nan,nan,nan,nan,nan,nan,nan,nan,nan,nan,nan,nan,-0.022031,-1.7328,nan,nan,nan,nan,nan,nan,nan,nan,nan,nan,1.6885,nan,nan,nan,nan,nan,nan,nan,nan,nan,nan,nan,nan,nan,nan,nan,nan,nan,nan,nan,nan,0.7821600000000001
1.0,0.36025,nan,nan,-1.5307,-0.80612,nan,nan,nan,nan,nan,-1.615,0.090715,1.4964,0.41123000000000004,-1.139,nan,nan,nan,0.5281,nan,nan,nan,-0.60746,nan,nan,nan,nan,-1.3204,nan,nan,-0.09790499999999999,nan,nan,nan,nan,-1.7259,nan,nan,nan,nan,nan,0.97577,-0.14897,nan,0.9713200000000001,nan,nan,nan,nan,-1.1866,nan,nan,nan,-1.3221,nan,nan,nan,nan,nan,nan
1.0,0.46468999999999994,-1.6024,nan,nan,nan,nan,nan,nan,1.0903,nan,nan,nan,nan,nan,nan,nan,nan,nan,nan,nan,nan,nan,nan,-0.9576600000000001,nan,nan,nan,0.26500999999999997,nan,nan,nan,nan,nan,nan,-1.5363,nan,1.3001,0.7842100000000001,nan,nan,-1.1440000000000001,nan,nan,nan,-0.27174,nan,nan,-0.07890599999999999,nan,nan,nan,-0.040168,nan,-1.444,nan,nan,nan,-1.4778,nan,nan
1.0,-0.47553999999999996,nan,nan,nan,nan,nan,nan,nan,nan,nan,nan,nan,nan,nan,nan,nan,nan,nan,nan,-1.6003,nan,nan,nan,nan,-0.96652,nan,nan,-0.29524,-0.29103,0.7229399999999999,nan,nan,nan,nan,nan,1.5579,nan,nan,nan,nan,nan,nan,0.60948,-1.4126,nan,0.54128,nan,0.21619000000000002,nan,nan,nan,nan,nan,-1.2851,nan,nan,nan,nan,nan,1.4826
1.0,0.7510899999999999,nan,nan,nan,nan,nan,0.30639,nan,nan,1.3773,-1.4289,1.4523,nan,0.42988000000000004,nan,nan,nan,0.37809,nan,nan,1.3254,nan,nan,nan,nan,nan,nan,nan,nan,nan,nan,nan,nan,nan,0.044603,nan,nan,nan,nan,nan,nan,nan,nan,nan,nan,nan,-0.009995299999999999,nan,nan,nan,nan,nan,-1.2481,nan,nan,nan,nan,nan,nan,nan
1.0,1.2372,nan,nan,nan,nan,nan,nan,nan,0.20363,nan,nan,nan,nan,nan,nan,nan,nan,nan,nan,nan,nan,nan,nan,-1.149,nan,nan,nan,nan,nan,nan,nan,nan,1.6269999999999998,nan,nan,nan,nan,nan,-0.63999,nan,nan,nan,nan,nan,nan,nan,nan,nan,nan,nan,nan,nan,nan,nan,nan,nan,nan,nan,nan,0.20598000000000002
1.0,0.62445,nan,-0.5294300000000001,nan,nan,nan,1.4337,nan,nan,nan,-0.067249,nan,nan,nan,nan,nan,nan,nan,nan,nan,0.06916699999999999,1.0671,nan,nan,-0.94484,nan,-1.4967,nan,nan,1.5003,nan,nan,-0.17215,nan,nan,0.40007,nan,nan,nan,nan,nan,nan,0.98159,-0.69562,-0.23771,nan,nan,nan,-1.3862,nan,nan,nan,-1.3692,nan,nan,nan,nan,nan,nan,0.2878
1.0,-0.88056,nan,nan,nan,nan,nan,nan,-1.8669,nan,-1.3851,nan,nan,-1.0705,nan,nan,nan,-0.22334,nan,nan,nan,0.49386,nan,nan,nan,-0.8769100000000001,-1.2265,-0.52487,nan,1.131,nan,nan,nan,nan,nan,nan,0.057694,-0.9469799999999999,nan,nan,nan,nan,nan,nan,nan,nan,1.3323,nan,nan,-1.0298,nan,nan,nan,nan,nan,nan,nan,nan,nan,nan,nan
1.0,1.0399,nan,1.4140000000000001,nan,1.3839,nan,nan,nan,nan,nan,-0.88265,nan,nan,-1.3738,nan,nan,nan,1.3227,nan,-0.87072,0.98272,nan,nan,nan,nan,nan,nan,nan,nan,nan,nan,-0.32796,nan,nan,nan,nan,0.5837899999999999,0.12825,nan,nan,-0.69363,nan,nan,nan,nan,nan,nan,0.49823999999999996,nan,-0.16232,1.2536,nan,-1.5099,nan,nan,0.89315,nan,nan,nan,nan
1.0,1.1059,nan,nan,nan,nan,nan,nan,0.11747,nan,nan,0.7915800000000001,nan,nan,nan,nan,-0.13903,nan,nan,nan,nan,nan,nan,-0.80409,1.6764,nan,nan,nan,nan,nan,nan,nan,nan,nan,-0.98021,nan,nan,nan,nan,-1.3569,nan,nan,nan,nan,-0.039869,nan,-0.81405,nan,nan,0.98349,nan,nan,nan,nan,nan,nan,-0.20751999999999998,nan,1.5659,nan,nan
1.0,-0.13188,nan,nan,nan,nan,nan,nan,nan,nan,nan,nan,nan,nan,nan,nan,-1.5423,nan,nan,nan,nan,nan,nan,nan,nan,0.48239,nan,nan,nan,nan,nan,nan,nan,nan,nan,-1.1758,nan,-0.27769,nan,nan,nan,nan,nan,nan,nan,nan,nan,nan,1.5643,0.61369,nan,nan,nan,-1.2845,0.8471799999999999,nan,nan,nan,nan,nan,nan
1.0,1.3795,1.6354,nan,nan,nan,0.021588,nan,nan,0.2657,nan,nan,nan,nan,nan,0.26459,nan,nan,nan,nan,nan,nan,nan,nan,1.3073,nan,-0.64322,nan,nan,nan,nan,0.32516,nan,nan,0.32008000000000003,nan,nan,0.66604,nan,nan,nan,nan,nan,0.22646,nan,nan,nan,nan,nan,-0.84059,nan,nan,nan,nan,nan,nan,-0.95725,nan,nan,-1.2619,nan
2.0,0.44813000000000003,nan,nan,nan,nan,nan,0.63693,nan,nan,nan,nan,nan,-0.36321,nan,nan,nan,nan,nan,nan,0.3497,nan,nan,nan,nan,nan,nan,nan,nan,nan,nan,nan,1.0054,-0.24245,-0.64675,nan,nan,nan,nan,-0.026563,nan,nan,nan,1.6842,nan,nan,-0.42141000000000006,nan,nan,nan,nan,nan,nan,nan,nan,nan,nan,nan,nan,nan,nan
2.0,0.32493,nan,0.67606,nan,nan,0.23225,nan,nan,nan,nan,nan,nan,nan,nan,-0.037397,nan,nan,nan,nan,0.32241,-0.96378,-0.85549,-0.86354,-0.91827,nan,nan,nan,nan,nan,nan,nan,nan,nan,-0.85124,nan,nan,nan,-1.2972,nan,nan,nan,0.6989,nan,nan,nan,0.37443000000000004,0.07583,-0.45566,-1.5812,-1.8445,nan,-1.6117,nan,nan,nan,1.5515,nan,nan,nan,nan
2.0,0.065106,nan,nan,nan,nan,nan,-0.071902,nan,-1.053,-1.0928,nan,nan,0.8862899999999999,nan,nan,nan,nan,nan,nan,nan,nan,nan,0.9393299999999999,0.96367,nan,nan,nan,nan,-1.0937,nan,-1.7878,nan,nan,1.2475,1.6958,nan,nan,nan,nan,nan,nan,nan,nan,nan,nan,1.158,1.357,nan,nan,nan,nan,nan,nan,-0.44217,nan,nan,nan,nan,nan,nan
2.0,-0.19729000000000002,nan,nan,1.1069,1.1304,nan,nan,nan,nan,nan,nan,nan,nan,nan,nan,0.24276,0.3193,nan,nan,nan,nan,nan,nan,nan,nan,0.71262,nan,0.12525,nan,nan,nan,nan,nan,nan,nan,nan,nan,0.4583,nan,nan,nan,nan,nan,nan,nan,nan,0.7914,nan,nan,nan,nan,nan,nan,nan,nan,nan,nan,nan,0.20001,nan
2.0,-0.29514,nan,nan,nan,nan,nan,nan,nan,nan,nan,nan,nan,nan,1.1326,1.2763,nan,nan,nan,nan,nan,-1.2936,nan,nan,nan,nan,nan,nan,nan,nan,nan,nan,nan,-0.12245999999999999,nan,1.2607,nan,nan,nan,nan,nan,nan,-1.8933,nan,nan,nan,0.8347600000000001,1.6836,nan,nan,nan,-1.0395,nan,nan,nan,-0.46492,nan,nan,nan,0.8115399999999999,nan
2.0,0.0097745,nan,nan,nan,nan,nan,nan,-0.16059,nan,nan,nan,nan,-1.156,-0.19286,0.10992,0.37516,nan,nan,nan,nan,nan,nan,nan,nan,nan,nan,nan,-0.79362,nan,nan,nan,nan,nan,nan,nan,nan,-0.97944,nan,nan,nan,nan,nan,nan,0.53608,nan,nan,nan,nan,nan,nan,nan,nan,nan,nan,nan,nan,nan,nan,nan,1.6486
2.0,-0.1808,nan,nan,nan,1.2743,nan,nan,nan,0.041447000000000005,nan,nan,nan,nan,nan,nan,nan,nan,nan,nan,nan,nan,nan,nan,nan,nan,nan,-0.7892899999999999,nan,nan,nan,nan,0.074496,nan,nan,0.67714,nan,nan,nan,nan,nan,nan,nan,nan,nan,-0.85498,0.58677,nan,nan,1.7587,nan,nan,nan,nan,nan,nan,nan,nan,nan,nan,nan
2.0,0.27332,nan,nan,nan,nan,nan,nan,nan,nan,nan,-1.6792,-1.4845,nan,nan,nan,nan,nan,nan,nan,nan,nan,nan,nan,nan,-0.78046,nan,-0.66864,-0.6713100000000001,-0.60777,0.64085,nan,nan,nan,nan,nan,nan,nan,nan,nan,nan,nan,nan,nan,nan,nan,0.39960999999999997,nan,nan,nan,nan,-0.7592399999999999,nan,nan,nan,nan,-1.0149,-0.019938,nan,nan,nan
2.0,-0.42783999999999994,nan,nan,nan,nan,nan,nan,nan,nan,nan,nan,nan,nan,-0.3664,nan,nan,nan,nan,nan,nan,-0.20618000000000003,nan,nan,nan,nan,nan,nan,0.25632,nan,nan,nan,nan,nan,nan,nan,-0.73288,nan,-1.6992,-1.7804,nan,nan,0.028845,1.3849,nan,nan,1.4813,1.2018,nan,nan,nan,-0.74615,nan,nan,nan,nan,nan,nan,nan,nan,nan
2.0,0.017531,nan,nan,nan,nan,0.82489,nan,nan,nan,nan,nan,nan,nan,nan,nan,0.73983,nan,nan,nan,nan,nan,nan,nan,nan,nan,-1.6961,nan,nan,nan,0.89176,nan,nan,nan,nan,nan,nan,-0.93639,nan,nan,-1.08,nan,nan,1.2815,1.4994,nan,nan,nan,nan,-1.0384,nan,nan,-1.2813,nan,-0.9234100000000001,0.6783600000000001,nan,nan,nan,nan,nan
2.0,-0.065995,nan,1.0873,nan,1.5241,1.0712,nan,nan,nan,nan,nan,nan,nan,nan,nan,nan,nan,nan,1.2142,nan,nan,nan,nan,nan,nan,nan,-0.68704,nan,0.42538000000000004,nan,nan,nan,nan,nan,nan,-0.36222,-1.3388,nan,nan,-0.8208700000000001,nan,nan,nan,0.65346,nan,nan,0.18545,nan,nan,nan,nan,nan,nan,nan,nan,-0.06577999999999999,1.3115,nan,nan,nan
2.0,-0.3607,nan,nan,nan,nan,nan,nan,-0.27521,nan,nan,nan,nan,nan,nan,nan,nan,nan,nan,nan,nan,nan,nan,-0.88949,nan,nan,nan,nan,nan,0.62365,nan,nan,nan,nan,nan,nan,-0.74251,-0.73377,nan,-1.3858,nan,0.25301999999999997,nan,nan,1.7699,nan,nan,nan,-0.83231,nan,nan,nan,nan,nan,nan,nan,nan,nan,nan,nan,nan
2.0,-0.38828,0.55101,nan,nan,nan,nan,nan,nan,nan,-0.61163,nan,nan,-1.4054,nan,0.14717,nan,nan,nan,nan,0.097631,nan,-0.72519,nan,nan,nan,nan,nan,nan,nan,nan,0.8206100000000001,nan,nan,0.56402,nan,nan,nan,nan,-0.5527,nan,nan,1.0754,nan,nan,1.0734,nan,0.50174,nan,nan,nan,nan,nan,nan,nan,nan,nan,nan,nan,nan,nan
2.0,-0.059733,nan,nan,nan,0.7712100000000001,nan,nan,-0.41648,nan,-0.80195,nan,nan,nan,nan,0.11839000000000001,nan,nan,nan,nan,-0.37664000000000003,nan,nan,nan,nan,nan,nan,nan,nan,nan,nan,1.4271,nan,nan,nan,nan,-1.3679,nan,nan,nan,-0.24111,nan,0.93616,nan,nan,nan,nan,-1.0951,-0.8025899999999999,nan,nan,nan,-0.5743699999999999,-0.025547999999999998,0.5142,nan,nan,nan,nan,nan,nan
2.0,-0.50173,nan,nan,nan,nan,0.063886,nan,nan,nan,nan,nan,nan,nan,nan,0.58717,nan,nan,0.5473899999999999,nan,nan,nan,-1.1329,nan,nan,nan,nan,nan,nan,nan,nan,-0.79986,nan,nan,nan,nan,nan,nan,nan,0.75465,nan,nan,nan,nan,nan,nan,-0.45121999999999995,-0.6070300000000001,nan,nan,nan,nan,nan,nan,nan,nan,nan,nan,nan,nan,nan
2.0,0.47057,nan,1.7368,nan,nan,nan,nan,nan,nan,nan,nan,nan,nan,nan,1.6876,nan,nan,0.64015,nan,nan,nan,nan,nan,-1.091,nan,nan,nan,nan,nan,nan,nan,-1.1377,-1.4951,nan,-1.3775,nan,nan,nan,nan,1.2648,nan,nan,nan,-1.1216,nan,nan,nan,nan,-0.35417,nan,nan,nan,0.892,0.15662,0.36848000000000003,nan,nan,-1.4036,nan,nan
2.0,0.048598,nan,nan,nan,nan,nan,0.10123,nan,-0.42323999999999995,nan,nan,-1.4596,nan,nan,-0.10457000000000001,nan,nan,nan,nan,-0.10818,nan,nan,nan,nan,-1.0142,nan,nan,nan,nan,nan,nan,nan,nan,0.010964,-0.25916999999999996,nan,nan,-1.6622,nan,-0.7227600000000001,nan,nan,nan,nan,nan,nan,nan,-0.63697,nan,nan,nan,nan,nan,nan,0.31224,nan,nan,nan,0.63759,nan
2.0,0.63836,nan,nan,nan,0.9327,nan,nan,nan,nan,-1.7215,nan,nan,nan,nan,1.3899,1.0769,nan,nan,nan,-0.96262,-1.3897,nan,nan,nan,nan,nan,nan,0.8832399999999999,nan,nan,nan,nan,nan,nan,nan,nan,nan,nan,1.8001,nan,nan,nan,nan,nan,nan,nan,nan,nan,nan,nan,nan,1.305,0.48786999999999997,nan,nan,nan,nan,nan,nan,nan
2.0,-0.51242,nan,nan,1.6467,nan,nan,nan,nan,nan,-0.57963,-0.90979,nan,nan,nan,0.6036100000000001,nan,0.058303,nan,nan,nan,nan,nan,nan,nan,nan,nan,nan,nan,nan,nan,-1.3591,nan,nan,nan,nan,nan,nan,0.10407999999999999,-1.0048,nan,nan,nan,nan,0.44156999999999996,0.3304,nan,nan,nan,-0.31161,nan,nan,nan,-0.42041000000000006,nan,nan,nan,nan,nan,nan,nan
2.0,0.21465,nan,nan,nan,nan,nan,nan,nan,nan,nan,-1.642,nan,-0.45202,-0.33693,nan,nan,1.3895,nan,nan,nan,nan,nan,nan,nan,nan,nan,nan,nan,nan,nan,1.3447,nan,nan,0.78586,nan,nan,nan,nan,-0.8317200000000001,nan,-1.2536,nan,nan,-0.21135,nan,0.51731,nan,nan,nan,-0.49956999999999996,nan,nan,nan,nan,nan,nan,nan,-0.011223,1.439,nan
2.0,0.10865999999999999,nan,nan,1.4129,nan,nan,nan,nan,nan,nan,nan,nan,nan,nan,nan,nan,nan,nan,-0.8280700000000001,nan,nan,-0.65865,nan,nan,nan,1.3696,nan,nan,nan,nan,nan,-0.19083,nan,nan,nan,nan,nan,nan,nan,nan,nan,nan,nan,nan,nan,1.3374,0.97509,nan,nan,-1.3145,nan,nan,nan,nan,nan,nan,nan,0.66013,nan,nan
2.0,-0.030773000000000002,nan,nan,nan,nan,nan,nan,nan,nan,nan,nan,nan,nan,nan,nan,nan,nan,nan,nan,nan,nan,-0.76146,-1.1676,-0.39991,nan,nan,1.3032,nan,0.87649,nan,nan,nan,nan,nan,nan,nan,nan,nan,nan,0.98115,nan,1.9,nan,0.38325,nan,nan,nan,nan,nan,nan,0.063566,0.6581199999999999,nan,nan,nan,nan,nan,nan,nan,nan
2.0,0.5273899999999999,nan,0.83625,0.78132,0.9886799999999999,nan,-0.44206000000000006,nan,nan,-1.3446,nan,nan,nan,1.0677,nan,0.80193,nan,nan,nan,nan,nan,0.28154,0.96995,1.7958,nan,nan,0.49448000000000003,nan,nan,nan,nan,nan,nan,nan,nan,nan,-0.27168000000000003,nan,nan,nan,nan,nan,nan,1.09,nan,0.90684,nan,nan,nan,nan,nan,nan,nan,nan,nan,0.9809200000000001,nan,-0.24891999999999997,nan,-1.465
2.0,-0.15727,0.13318,nan,nan,1.0339,nan,nan,nan,nan,nan,nan,-0.7876,-0.09856799999999999,nan,nan,1.5207,nan,nan,nan,nan,nan,-1.3801,nan,-1.5469,nan,nan,nan,0.8914700000000001,nan,nan,nan,nan,-0.4912,nan,-1.1696,nan,nan,nan,nan,nan,nan,nan,nan,0.84447,nan,nan,nan,nan,nan,nan,nan,nan,nan,0.72409,nan,nan,0.66103,nan,nan,nan
2.0,-0.044454,nan,0.63013,nan,nan,0.30071,nan,-0.74031,nan,nan,-1.1487,nan,nan,nan,nan,nan,0.68652,nan,nan,nan,nan,nan,-1.111,nan,nan,nan,1.3763,nan,1.0395,nan,nan,nan,-0.20285999999999998,nan,nan,nan,nan,nan,nan,nan,nan,nan,nan,nan,nan,nan,-0.77494,nan,nan,nan,nan,0.83747,nan,nan,nan,nan,nan,-1.4151,nan,nan
2.0,0.14823,nan,1.0883,nan,1.4832,nan,0.6298600000000001,nan,nan,nan,nan,nan,nan,nan,nan,nan,nan,nan,nan,nan,-1.7174,nan,nan,nan,-0.75854,1.0922,0.42482,nan,nan,1.3411,nan,0.3443,-0.98924,nan,nan,nan,nan,nan,nan,nan,nan,nan,nan,0.5507,nan,nan,nan,nan,nan,nan,nan,1.8363,0.8489899999999999,nan,nan,nan,nan,nan,-2.0631,nan
2.0,-0.85426,nan,nan,nan,0.9001299999999999,nan,nan,nan,-1.1527,-1.7771,nan,nan,nan,nan,nan,nan,nan,nan,nan,nan,nan,nan,nan,nan,nan,nan,nan,-0.14618,nan,nan,-1.7692,nan,nan,nan,nan,nan,nan,nan,nan,nan,nan,nan,nan,nan,nan,nan,nan,nan,nan,nan,nan,nan,nan,nan,nan,0.25211999999999996,nan,nan,nan,1.0272
2.0,-0.052828999999999994,0.97755,1.2784,nan,nan,nan,nan,nan,nan,-0.36196999999999996,nan,nan,nan,nan,nan,nan,nan,nan,1.0151,nan,nan,nan,nan,nan,-1.291,nan,-1.5611,nan,nan,nan,nan,nan,nan,1.0127,nan,1.4068,1.0005,nan,nan,nan,nan,-0.95144,nan,nan,-0.50431,0.75341,nan,nan,nan,nan,nan,nan,nan,nan,nan,nan,nan,-0.81184,nan,nan
2.0,-0.018528,nan,nan,nan,nan,nan,nan,nan,nan,nan,nan,nan,nan,-0.36441,nan,nan,nan,nan,nan,nan,nan,nan,nan,-1.6182,-1.7584,nan,nan,nan,nan,nan,nan,nan,nan,0.90697,0.6866,nan,nan,nan,nan,-1.162,nan,nan,nan,nan,nan,nan,0.85244,nan,nan,nan,nan,-1.685,nan,nan,nan,nan,nan,0.69025,nan,1.1958
2.0,-0.38845,nan,nan,nan,nan,nan,-0.8568899999999999,nan,nan,-0.88136,nan,0.081274,nan,nan,1.4172,1.1922,nan,nan,nan,nan,nan,nan,nan,nan,nan,nan,nan,nan,-0.14687,nan,nan,-1.0469,nan,nan,nan,nan,nan,nan,0.25692,nan,-1.0213,nan,nan,nan,0.46238,nan,nan,nan,nan,0.41996999999999995,-0.75652,nan,nan,nan,nan,0.25463,nan,nan,nan,1.1614
2.0,0.25838,1.2894,nan,nan,nan,nan,0.8103100000000001,nan,nan,nan,nan,nan,-0.64527,nan,nan,nan,nan,nan,nan,nan,nan,nan,nan,-0.38144,nan,nan,-0.38166,nan,0.44023999999999996,nan,nan,nan,nan,nan,nan,nan,nan,nan,nan,nan,nan,nan,nan,0.1368,nan,nan,nan,0.9221600000000001,-0.0072556,-0.21424,nan,-0.90686,nan,-1.9125,nan,-1.1865,nan,nan,nan,nan
2.0,-0.32977,nan,nan,nan,nan,nan,nan,-1.5331,nan,-1.3295,0.063066,nan,nan,1.1313,nan,-0.1359,nan,nan,nan,nan,nan,0.65917,nan,1.258,nan,nan,nan,nan,nan,nan,nan,nan,nan,nan,nan,nan,nan,-0.61125,nan,nan,nan,nan,nan,nan,nan,nan,nan,nan,-0.5623199999999999,nan,nan,nan,nan,nan,nan,0.85357,nan,nan,nan,-1.8089
2.0,-0.5784600000000001,nan,nan,nan,1.5073,0.35208,0.27597,0.093829,nan,nan,nan,nan,nan,nan,nan,nan,nan,nan,nan,0.72155,nan,nan,nan,-1.5566,nan,nan,nan,nan,nan,nan,1.4769999999999999,nan,nan,nan,nan,-0.41393,nan,nan,nan,-0.76083,nan,nan,nan,nan,nan,nan,-0.22351999999999997,nan,nan,nan,-1.2752,nan,nan,-0.17404,nan,nan,0.6795,nan,nan,0.2963
2.0,-0.31711999999999996,nan,nan,nan,nan,nan,-0.52918,nan,-1.2806,nan,nan,nan,nan,nan,nan,nan,nan,nan,0.60851,nan,nan,nan,nan,nan,nan,nan,nan,nan,nan,nan,0.7921600000000001,nan,nan,nan,nan,-0.68799,nan,-1.2257,nan,nan,nan,nan,nan,nan,nan,nan,nan,nan,nan,nan,nan,nan,0.37185999999999997,nan,nan,nan,nan,nan,nan,nan
2.0,-0.78282,0.9042100000000001,nan,nan,0.9681700000000001,nan,nan,nan,nan,nan,nan,nan,nan,nan,nan,nan,nan,-0.91665,nan,-0.6953600000000001,nan,nan,0.14595,nan,nan,nan,nan,-0.30166,nan,nan,nan,nan,nan,nan,nan,nan,nan,nan,nan,nan,nan,nan,-1.3009,nan,nan,nan,nan,nan,nan,nan,nan,nan,-0.8404299999999999,-0.36787,nan,0.032109,nan,nan,0.10525999999999999,nan
2.0,0.24453000000000003,nan,nan,nan,0.63795,nan,nan,nan,nan,nan,nan,nan,nan,nan,nan,nan,nan,nan,-0.20142000000000002,nan,-1.6803,nan,nan,nan,0.02107,nan,nan,nan,nan,nan,nan,nan,nan,nan,nan,nan,nan,nan,1.4281,nan,nan,nan,nan,nan,nan,nan,nan,nan,nan,1.2261,0.84583,nan,nan,nan,nan,nan,nan,nan,nan,nan
2.0,-0.094224,nan,nan,nan,1.3188,nan,nan,nan,nan,nan,nan,0.11095999999999999,nan,nan,nan,nan,0.9062399999999999,nan,nan,nan,nan,nan,nan,nan,nan,0.65591,nan,nan,nan,nan,-0.54025,nan,nan,-1.5503,nan,nan,nan,nan,1.1874,nan,nan,nan,nan,nan,nan,-1.0866,nan,nan,nan,nan,nan,0.40479,nan,nan,nan,nan,nan,nan,0.69415,nan
2.0,0.30136,0.30305,nan,nan,nan,0.9097700000000001,-0.81495,nan,nan,-1.8058,nan,nan,nan,nan,1.4798,nan,nan,nan,nan,nan,nan,nan,nan,-0.78873,nan,nan,nan,nan,nan,nan,-0.96954,nan,nan,nan,nan,nan,nan,1.6709,nan,nan,nan,nan,nan,nan,nan,nan,nan,nan,nan,nan,nan,nan,nan,-0.5596800000000001,nan,nan,nan,nan,nan,nan
2.0,0.032651,nan,nan,nan,nan,nan,nan,nan,nan,nan,-1.2002,nan,nan,nan,1.3938,nan,nan,0.33738,nan,nan,nan,nan,nan,nan,nan,nan,nan,nan,nan,1.329,nan,nan,nan,nan,nan,-0.44022,nan,nan,nan,nan,nan,nan,nan,nan,nan,nan,-1.7408,-1.3048,-0.3982,nan,nan,nan,nan,nan,nan,-0.53384,nan,nan,nan,nan
2.0,0.29204,nan,0.73233,nan,nan,nan,nan,nan,nan,nan,nan,nan,nan,nan,0.95262,nan,nan,nan,nan,nan,nan,nan,nan,nan,nan,-0.53673,nan,nan,nan,0.98115,nan,nan,nan,nan,nan,nan,nan,nan,nan,-0.9903200000000001,-0.17912,0.57915,nan,1.6833,nan,nan,nan,-0.9977299999999999,-1.4711,nan,nan,nan,-0.7073,nan,nan,nan,1.7247,0.53538,nan,nan
2.0,-0.069174,1.1795,nan,nan,nan,nan,nan,nan,-0.79585,-1.2115,nan,0.063141,nan,nan,nan,nan,nan,nan,nan,nan,nan,-0.58025,0.22084,nan,nan,nan,nan,-0.53782,nan,nan,-1.0399,nan,0.16253,nan,1.7080000000000002,nan,nan,nan,nan,-1.3228,nan,nan,nan,nan,nan,1.4759,1.3942,nan,nan,-0.46617,nan,nan,nan,-0.20745,nan,nan,nan,nan,nan,nan
2.0,-0.33475,0.45882,nan,nan,nan,nan,0.1173,-1.1204,nan,nan,nan,nan,nan,nan,nan,0.52379,nan,nan,-1.6086,nan,nan,nan,nan,nan,1.301,1.5479,1.0764,-0.20486,nan,nan,nan,nan,nan,nan,nan,1.551,nan,0.64278,nan,nan,nan,nan,nan,-0.9113100000000001,nan,nan,nan,0.62857,nan,nan,nan,-1.4757,nan,nan,-0.51085,0.23586999999999997,1.6428,1.5491,nan,0.9910700000000001
2.0,-0.38222,nan,1.3082,nan,nan,nan,nan,-0.55865,nan,nan,nan,nan,nan,nan,nan,nan,nan,nan,1.047,0.10513,nan,-0.8242200000000001,nan,nan,nan,nan,-0.26985,nan,nan,nan,1.5429,nan,nan,nan,nan,nan,nan,nan,nan,nan,nan,nan,nan,nan,nan,1.061,nan,nan,nan,nan,nan,nan,nan,nan,nan,nan,nan,nan,nan,nan
2.0,0.22912,1.2784,nan,nan,nan,nan,nan,nan,nan,nan,-0.18853,nan,nan,1.7207,nan,0.14268,-0.27559,nan,nan,nan,nan,nan,nan,1.7878,nan,1.0229,nan,-1.3779,nan,nan,nan,-0.088555,1.4784,nan,nan,nan,nan,nan,nan,nan,-1.3155,nan,nan,nan,0.9272100000000001,nan,nan,nan,nan,-0.7717,nan,nan,nan,nan,nan,0.66822,-0.10119,nan,nan,nan
2.0,0.41668,nan,nan,1.0959999999999999,nan,nan,nan,nan,nan,nan,nan,nan,nan,nan,nan,nan,nan,nan,nan,nan,nan,nan,nan,-0.7075,nan,nan,nan,nan,nan,nan,0.63695,nan,nan,nan,0.58372,nan,nan,-0.79589,nan,nan,nan,nan,nan,nan,nan,nan,1.5237,nan,0.76965,nan,nan,nan,-1.3985,nan,nan,nan,nan,nan,nan,nan
2.0,-0.19309,nan,nan,nan,nan,0.42056000000000004,nan,nan,nan,nan,nan,nan,-0.1978,nan,0.80823,nan,nan,nan,nan,nan,nan,nan,nan,nan,nan,nan,nan,nan,nan,0.68994,nan,nan,nan,nan,-1.5499,nan,0.21909,nan,nan,nan,nan,0.99406,0.009746,nan,nan,nan,nan,nan,nan,nan,nan,nan,1.01,nan,nan,-0.9589,nan,nan,nan,nan
2.0,-0.3885,nan,nan,nan,nan,nan,nan,nan,nan,nan,-0.46734,nan,nan,nan,nan,nan,nan,nan,nan,nan,nan,nan,-0.49618999999999996,nan,nan,nan,nan,nan,0.36021,nan,nan,-1.252,nan,nan,nan,nan,nan,nan,nan,nan,nan,-0.7157600000000001,nan,-0.7901199999999999,nan,nan,nan,1.2165,nan,nan,nan,0.9919600000000001,nan,nan,nan,nan,-1.2359,nan,nan,nan
2.0,-0.55072,nan,nan,nan,nan,nan,nan,0.01736,nan,nan,nan,nan,nan,nan,nan,nan,nan,nan,nan,1.5668,0.42744,0.6392899999999999,nan,nan,-0.44161000000000006,nan,-0.6659,nan,nan,nan,0.31899,nan,nan,0.5596899999999999,nan,nan,nan,nan,nan,nan,nan,nan,nan,nan,0.23359000000000002,nan,nan,nan,nan,nan,nan,nan,nan,-1.0617,-2.1224,-1.4713,-0.73352,nan,nan,nan
2.0,0.083601,0.23826,nan,nan,nan,0.14343,nan,nan,nan,nan,-0.65984,nan,nan,1.0379,nan,1.4762,nan,nan,-0.84386,nan,-1.7388,nan,-0.11047,nan,nan,nan,nan,nan,nan,nan,nan,nan,nan,nan,nan,nan,nan,0.7640100000000001,nan,nan,-1.3426,nan,nan,nan,nan,nan,1.2152,nan,nan,nan,nan,nan,nan,nan,nan,0.17185,nan,nan,nan,nan
2.0,0.46612,nan,nan,nan,nan,1.7293,nan,-0.48895,0.14869000000000002,-1.7172,nan,nan,nan,nan,nan,1.0668,nan,nan,nan,nan,nan,nan,nan,-1.3906,-1.8115,nan,nan,nan,nan,nan,nan,0.71643,nan,nan,nan,nan,nan,nan,nan,nan,nan,nan,nan,nan,nan,nan,nan,nan,nan,nan,nan,-0.21925,nan,nan,nan,nan,nan,nan,nan,nan
3.0,-0.82919,nan,-1.2748,nan,nan,nan,nan,nan,nan,nan,nan,nan,nan,nan,nan,nan,0.32128,nan,-1.0318,nan,nan,nan,nan,nan,nan,nan,nan,nan,-0.5515399999999999,nan,nan,0.27302,nan,nan,nan,nan,nan,nan,nan,nan,nan,nan,nan,nan,nan,nan,nan,nan,nan,0.7056100000000001,nan,nan,nan,1.5088,1.7362,nan,nan,1.9511,nan,nan
3.0,-1.2012,nan,nan,-0.82495,nan,nan,nan,nan,nan,-0.86615,nan,nan,nan,-0.49999,nan,nan,-0.20171,nan,nan,nan,nan,nan,nan,nan,nan,nan,0.07070800000000001,0.43656999999999996,nan,nan,nan,nan,nan,0.43111000000000005,nan,nan,nan,nan,nan,nan,nan,nan,nan,nan,nan,nan,nan,nan,1.2859,0.52365,nan,nan,nan,nan,nan,nan,1.8742,nan,1.9774,nan
3.0,-1.7463,nan,nan,-0.46182,nan,-1.8932,nan,nan,nan,nan,nan,-0.7490100000000001,nan,nan,nan,nan,-1.4319,nan,nan,nan,nan,nan,nan,nan,nan,nan,nan,nan,-1.0683,nan,nan,nan,-0.83836,nan,-0.30863,nan,nan,nan,nan,nan,0.047909,nan,nan,nan,nan,1.2766,nan,1.7017,nan,nan,nan,nan,nan,nan,nan,nan,nan,nan,nan,nan
3.0,-2.1199,nan,nan,nan,nan,-1.3537,nan,nan,nan,nan,nan,nan,nan,nan,nan,nan,nan,-1.2965,nan,nan,nan,nan,-0.5906899999999999,-0.5514,nan,nan,nan,nan,nan,0.33055,nan,nan,0.40944,nan,0.30935,nan,nan,nan,nan,0.71655,0.6904,1.0129,nan,nan,nan,nan,0.62502,nan,nan,nan,nan,nan,nan,nan,1.8512,nan,nan,nan,1.031,nan
3.0,-1.3259999999999998,-1.3756,-0.8939299999999999,nan,nan,nan,nan,nan,nan,-1.5319999999999998,nan,-1.3045,-1.2815,nan,nan,-0.6675800000000001,nan,nan,nan,nan,nan,nan,nan,-0.16153,nan,-0.5350199999999999,nan,nan,nan,nan,nan,nan,nan,-0.31436,nan,nan,nan,nan,nan,0.2025,nan,nan,nan,nan,nan,nan,nan,nan,nan,nan,nan,nan,nan,nan,nan,nan,nan,nan,nan,nan
3.0,-1.2508,nan,nan,-1.8903,-0.34342,nan,nan,nan,nan,nan,nan,nan,nan,-1.5397,nan,nan,nan,nan,nan,nan,nan,nan,nan,nan,nan,-0.8761700000000001,nan,nan,nan,0.97455,nan,-0.73722,nan,nan,-0.51605,nan,-0.49688000000000004,0.41202,nan,nan,1.2521,0.23101999999999998,nan,nan,nan,nan,nan,nan,nan,nan,nan,1.6842,nan,nan,nan,nan,nan,nan,nan,1.1437
3.0,-1.5786,nan,nan,-1.9668,-1.9683,nan,nan,-0.8466,nan,nan,nan,nan,nan,nan,nan,nan,nan,-0.76799,-0.9408200000000001,nan,nan,nan,nan,nan,nan,nan,nan,nan,nan,nan,nan,nan,nan,nan,0.32795,nan,-0.41591000000000006,nan,nan,nan,nan,nan,nan,1.0389,nan,nan,nan,nan,0.8810600000000001,nan,0.51677,nan,nan,nan,1.5993,1.4171,nan,1.9997,nan,0.77579
3.0,-1.0018,nan,-2.1757,nan,nan,nan,nan,nan,nan,nan,nan,nan,nan,-1.1241,nan,nan,-0.9840200000000001,-1.1186,nan,-0.47734,nan,0.28809,nan,nan,nan,nan,nan,-0.10809,-0.57282,nan,nan,-0.35531999999999997,nan,nan,nan,nan,nan,nan,nan,nan,nan,nan,0.83494,nan,0.66585,nan,nan,nan,nan,nan,nan,0.92981,nan,nan,nan,nan,nan,nan,1.9256,nan
3.0,-1.4794,-0.8895799999999999,nan,nan,nan,nan,-1.6745,nan,nan,nan,nan,-0.82604,nan,nan,nan,nan,nan,nan,-1.0659999999999998,-1.2107,nan,nan,nan,nan,nan,nan,nan,nan,nan,nan,nan,nan,nan,nan,nan,0.53198,1.3108,nan,nan,-0.56866,nan,nan,nan,0.7486,nan,0.8997700000000001,nan,nan,0.8961,nan,0.9065200000000001,nan,nan,nan,0.42189,nan,nan,nan,nan,nan
3.0,-0.8356899999999999,nan,nan,-0.38538,nan,nan,nan,nan,nan,0.042321,nan,-1.067,nan,nan,nan,nan,-0.3316,nan,nan,nan,nan,nan,nan,nan,nan,nan,nan,nan,nan,nan,nan,nan,nan,nan,nan,nan,nan,1.3547,1.0015,nan,nan,0.7377,nan,nan,nan,nan,nan,nan,nan,nan,nan,nan,nan,nan,nan,nan,nan,nan,nan,nan
3.0,-1.3341,-1.7213,nan,nan,-1.6656,nan,nan,-1.2433,nan,nan,nan,nan,nan,-1.53,nan,nan,nan,nan,-0.9835799999999999,nan,-0.56239,nan,0.1351,nan,nan,nan,nan,nan,0.46536000000000005,0.0076339,nan,nan,nan,nan,nan,nan,nan,0.8042199999999999,nan,nan,1.2135,nan,nan,nan,1.3398,nan,nan,nan,nan,nan,0.62798,nan,nan,nan,nan,nan,nan,nan,nan,nan
3.0,-1.9139,nan,nan,-0.74016,nan,nan,nan,nan,nan,nan,nan,nan,-1.2071,nan,nan,nan,nan,nan,nan,nan,nan,nan,nan,nan,nan,nan,nan,nan,0.62717,nan,nan,0.041072000000000004,nan,-0.10434,nan,nan,nan,0.6735,nan,nan,nan,nan,0.34365999999999997,nan,nan,nan,nan,nan,nan,nan,nan,1.1588,0.9178299999999999,nan,nan,1.0183,nan,nan,nan,nan
3.0,-1.7689,-0.91185,nan,nan,nan,nan,nan,nan,-1.7093,nan,nan,nan,nan,nan,nan,nan,0.003926,nan,-0.26724000000000003,nan,nan,nan,-0.6849,nan,nan,nan,nan,nan,nan,nan,nan,0.43513999999999997,nan,nan,nan,0.44328999999999996,nan,0.0004301,0.12330999999999999,nan,nan,nan,nan,nan,0.87929,1.0984,nan,nan,1.6286,nan,1.7184,nan,nan,1.7121,0.81193,0.70599,nan,nan,nan,nan
3.0,-1.6869,nan,nan,nan,-0.099476,-0.58705,nan,-1.4457,-1.1282,nan,nan,nan,nan,nan,nan,nan,-0.2268,nan,nan,-0.8521,nan,nan,nan,-1.0089,nan,nan,-0.69484,nan,nan,nan,nan,nan,nan,nan,0.84696,nan,nan,nan,nan,nan,nan,nan,nan,nan,nan,nan,nan,nan,1.2512,nan,1.3524,nan,0.47257,nan,nan,nan,nan,nan,1.0042,1.6077
3.0,-1.7985,nan,nan,nan,-1.6648,-1.1307,-1.1618,nan,nan,nan,-1.5437,nan,nan,nan,nan,nan,nan,nan,-0.70015,nan,nan,nan,nan,nan,nan,nan,-0.49249,nan,nan,nan,-0.34508,0.7630100000000001,nan,nan,0.42688000000000004,nan,nan,nan,1.0954,nan,nan,nan,0.79438,0.36357,nan,1.44,nan,nan,nan,nan,nan,1.6692,nan,nan,1.595,nan,nan,nan,nan,nan
3.0,-1.838,nan,nan,nan,nan,nan,nan,nan,nan,nan,nan,-0.14745,nan,nan,-1.4486,nan,nan,nan,nan,-0.75735,-0.57324,nan,nan,0.51231,nan,nan,nan,nan,nan,-0.24069000000000002,nan,nan,0.65735,nan,nan,-0.38061,-0.38514,nan,nan,0.0037836999999999997,nan,nan,nan,nan,nan,nan,1.6274,0.36606,nan,nan,nan,1.6326,nan,nan,nan,nan,nan,nan,1.7174,1.149
3.0,-2.0852,nan,nan,nan,nan,nan,nan,nan,nan,nan,nan,-0.86395,nan,nan,nan,-0.45673,nan,nan,nan,nan,nan,-0.68214,0.13993,nan,-0.20861999999999997,nan,nan,-0.53051,nan,-0.48844,nan,0.42632,nan,nan,nan,nan,0.10295,0.81766,0.68111,nan,nan,nan,nan,1.1232,nan,1.4046,nan,1.315,nan,nan,nan,nan,nan,nan,nan,nan,nan,nan,1.2763,nan
3.0,-2.1153,nan,-1.0939,nan,nan,nan,-0.77608,-1.8298,-0.27416999999999997,nan,nan,nan,nan,nan,nan,nan,nan,nan,-0.055146,nan,nan,nan,nan,nan,nan,nan,nan,nan,nan,nan,nan,nan,1.0447,nan,nan,nan,1.1593,0.04265,0.53772,nan,1.0356,-0.19015,nan,nan,nan,nan,nan,0.225,nan,nan,nan,nan,nan,nan,nan,nan,nan,nan,nan,nan
3.0,-0.98992,nan,-1.3657,nan,nan,-0.8228,nan,nan,nan,nan,nan,nan,nan,nan,nan,nan,-0.077405,-0.60218,nan,nan,nan,nan,nan,nan,nan,nan,nan,nan,nan,nan,nan,nan,nan,nan,0.75879,-0.16577999999999998,nan,nan,nan,nan,0.77937,nan,nan,nan,nan,nan,0.28999,nan,nan,nan,nan,nan,nan,1.4655,nan,nan,nan,nan,nan,nan
3.0,-1.5243,nan,-1.6556,-0.66597,nan,nan,nan,-0.5534899999999999,nan,nan,nan,nan,nan,nan,nan,nan,-0.58629,nan,nan,nan,nan,nan,nan,nan,nan,nan,-0.6101800000000001,nan,nan,nan,nan,nan,nan,nan,0.80437,nan,nan,nan,nan,0.63222,nan,nan,nan,nan,nan,0.9342299999999999,nan,nan,nan,0.5118699999999999,1.0575,nan,nan,nan,nan,nan,nan,nan,nan,nan
3.0,-1.1329,nan,nan,nan,nan,nan,nan,nan,nan,nan,nan,nan,-0.42626000000000003,nan,nan,-0.56905,nan,nan,nan,-0.41539,nan,nan,nan,nan,-0.80073,nan,nan,nan,0.4232,nan,nan,nan,nan,nan,nan,nan,nan,0.47083,-0.44625,nan,nan,nan,nan,nan,1.3207,nan,-0.027337,1.5919,nan,nan,nan,0.5362899999999999,nan,nan,nan,nan,nan,nan,nan,1.5338
3.0,-1.6944,nan,-1.6389,nan,nan,nan,-1.9397,nan,nan,nan,nan,nan,-0.15045,nan,-0.8781100000000001,nan,nan,nan,nan,nan,nan,nan,nan,nan,nan,nan,nan,nan,nan,nan,nan,-0.46793999999999997,nan,nan,nan,nan,nan,nan,nan,nan,1.2791,nan,nan,0.35646,nan,0.6027100000000001,nan,0.75857,nan,nan,nan,0.72906,1.4042,nan,1.7055,1.3052,nan,nan,1.7735,nan
3.0,-1.2886,-0.9308799999999999,nan,-1.2085,nan,nan,-1.3749,-1.327,nan,nan,nan,nan,nan,nan,nan,-0.85777,nan,nan,nan,nan,-1.0425,nan,nan,nan,nan,nan,nan,nan,nan,nan,nan,nan,nan,nan,nan,nan,nan,nan,0.6035,1.2325,nan,nan,nan,0.1101,nan,nan,nan,nan,0.88334,nan,nan,nan,nan,1.425,nan,1.0099,nan,nan,nan,nan
3.0,-1.149,nan,nan,nan,nan,nan,-0.25564000000000003,nan,nan,nan,nan,nan,nan,-0.8662200000000001,-1.0757,nan,-0.66452,nan,nan,nan,nan,nan,nan,nan,nan,nan,nan,nan,nan,0.77795,nan,nan,nan,nan,nan,0.42516000000000004,nan,nan,-0.027776,nan,nan,nan,nan,1.2831,1.1214,0.95806,nan,nan,nan,nan,nan,nan,nan,nan,nan,nan,nan,nan,nan,nan
3.0,-1.9848,nan,-1.4028,-0.77733,nan,nan,nan,nan,nan,nan,nan,nan,nan,nan,nan,nan,nan,nan,-1.1551,nan,nan,nan,nan,0.16956,nan,nan,nan,nan,nan,nan,nan,nan,nan,nan,0.21315,nan,nan,0.62895,nan,nan,nan,nan,nan,nan,nan,nan,nan,nan,nan,nan,nan,nan,nan,nan,nan,nan,nan,nan,nan,nan
3.0,-1.0174,nan,-1.8622,nan,nan,nan,-0.56315,nan,nan,nan,nan,-1.284,nan,nan,-0.37442,-0.37677,-1.2916,-1.208,-0.5382899999999999,-0.9626100000000001,nan,0.22671999999999998,nan,0.3445,nan,nan,nan,nan,nan,nan,nan,nan,nan,nan,nan,nan,-0.26878,0.1342,nan,nan,0.96678,0.40751,nan,1.4625,nan,nan,nan,nan,nan,nan,nan,nan,nan,0.9451700000000001,nan,nan,nan,nan,nan,nan
3.0,-0.7892399999999999,nan,-0.76395,nan,nan,nan,nan,nan,nan,nan,-1.104,nan,nan,nan,nan,-1.1504,nan,nan,-0.7669699999999999,nan,nan,nan,nan,nan,nan,-0.6436,nan,nan,nan,0.17929,nan,0.66488,nan,nan,nan,0.76931,nan,-0.10552,0.36746,nan,nan,nan,nan,nan,nan,nan,nan,nan,1.5568,nan,nan,1.3787,nan,1.8134,nan,nan,nan,nan,nan,nan
3.0,-0.50056,nan,nan,nan,nan,-1.5291,-1.0628,nan,0.10006,nan,nan,nan,nan,-1.224,nan,nan,nan,nan,nan,nan,nan,0.60716,nan,nan,nan,0.29855,nan,nan,nan,nan,0.25111,nan,nan,nan,nan,nan,0.09967100000000001,1.3848,nan,nan,1.155,nan,0.7350899999999999,nan,nan,nan,nan,nan,-0.53095,nan,nan,0.64649,nan,nan,nan,0.28175,nan,nan,nan,nan
3.0,-1.0524,nan,-0.8624799999999999,nan,nan,nan,-0.78113,nan,nan,nan,nan,nan,nan,-0.9337700000000001,nan,nan,nan,nan,nan,nan,nan,nan,-0.81562,nan,nan,-0.55605,nan,nan,nan,nan,nan,nan,-0.31575,nan,nan,nan,nan,nan,nan,nan,nan,nan,nan,1.3228,nan,nan,nan,nan,nan,0.44681000000000004,nan,nan,nan,1.8033,0.73758,nan,nan,nan,nan,nan
3.0,-1.4412,nan,nan,nan,nan,nan,-1.2661,-0.83805,-1.2653,-0.52068,nan,nan,nan,-0.9129700000000001,nan,nan,nan,nan,-0.9376399999999999,nan,nan,nan,nan,nan,nan,-0.95155,0.20664000000000002,nan,0.54209,nan,nan,nan,nan,nan,nan,nan,nan,nan,nan,nan,nan,nan,nan,0.061037,nan,0.31781,nan,nan,nan,0.93305,1.9511,nan,nan,nan,nan,1.8065,nan,nan,nan,nan
3.0,-1.9005,nan,nan,nan,nan,nan,nan,nan,nan,nan,nan,nan,nan,nan,nan,-0.49458,nan,-0.038731,nan,nan,nan,-0.29512,nan,-0.051106,-0.15583,nan,nan,nan,nan,nan,nan,-0.27138,nan,nan,nan,-0.07577,nan,nan,0.012459,nan,nan,nan,nan,nan,nan,0.6819,nan,nan,nan,1.3913,nan,1.2434,nan,nan,nan,1.1231,nan,nan,nan,nan
3.0,-0.5085,nan,nan,nan,nan,-0.61042,nan,nan,-0.52063,nan,-0.56428,nan,nan,-0.79448,nan,nan,nan,nan,nan,-0.26534,nan,0.075796,nan,nan,nan,0.76736,0.69163,nan,nan,nan,nan,nan,nan,nan,nan,1.0896,nan,nan,-0.33334,0.51021,0.33405999999999997,0.28784,nan,nan,-0.09790399999999999,nan,nan,1.8929,0.6624399999999999,nan,0.71619,nan,nan,nan,1.5162,nan,nan,nan,0.58886,nan
3.0,-1.6867,nan,nan,nan,nan,-0.77357,nan,-0.93373,nan,nan,nan,nan,nan,nan,nan,-0.77904,nan,nan,-0.68914,nan,nan,nan,nan,nan,nan,nan,0.015202,nan,nan,nan,nan,nan,-0.72537,nan,nan,nan,nan,nan,0.30333000000000004,nan,nan,nan,nan,1.2884,nan,nan,nan,nan,nan,nan,nan,nan,nan,nan,nan,nan,0.8393799999999999,nan,nan,1.6682
3.0,-1.8101,nan,nan,nan,nan,nan,nan,nan,nan,nan,nan,-0.42557,nan,nan,nan,nan,-1.27,nan,nan,0.055053,nan,nan,nan,nan,nan,-0.25534,nan,nan,-0.69313,nan,nan,nan,nan,nan,nan,nan,nan,nan,nan,nan,nan,nan,0.60078,nan,nan,nan,nan,nan,nan,nan,nan,nan,nan,nan,0.8838299999999999,nan,nan,nan,nan,nan
3.0,-1.3664,-1.8468,nan,-1.6715,-1.5519999999999998,-1.3275,-2.0061,-1.0444,nan,nan,-1.6013,nan,nan,nan,nan,nan,nan,nan,-0.32056999999999997,nan,nan,nan,nan,0.36235,nan,nan,nan,nan,nan,nan,-0.45498999999999995,nan,nan,0.8501799999999999,nan,nan,nan,nan,nan,nan,0.71917,nan,nan,nan,nan,nan,nan,1.2026,1.1782,nan,nan,nan,nan,nan,nan,nan,nan,nan,nan,nan
3.0,-2.0657,nan,nan,nan,-1.7773,nan,nan,nan,nan,nan,nan,-1.3738,nan,nan,-0.066718,-1.5567,nan,nan,nan,nan,-0.25526,nan,nan,nan,nan,nan,-0.98741,nan,nan,nan,0.41811000000000004,-0.077876,nan,nan,nan,-0.54269,nan,nan,nan,nan,nan,1.0696,nan,nan,nan,nan,nan,0.6480899999999999,nan,0.54824,nan,nan,nan,nan,nan,1.7047,nan,nan,nan,nan
3.0,-1.0073,nan,-1.6594,-0.8236399999999999,nan,nan,-0.68495,nan,nan,-2.0108,nan,nan,-1.4101,0.018683,nan,nan,-0.22068000000000002,0.42363999999999996,nan,nan,nan,nan,nan,nan,nan,nan,-0.77093,0.37385999999999997,-0.50874,nan,nan,0.72901,0.37512,nan,nan,0.7892100000000001,nan,nan,nan,nan,1.0609,nan,nan,nan,nan,nan,nan,nan,nan,nan,nan,nan,nan,0.80495,nan,nan,nan,2.218,nan,nan
3.0,-1.3225,nan,nan,nan,nan,nan,nan,nan,-1.7827,nan,nan,nan,nan,nan,-0.3348,nan,nan,nan,nan,nan,nan,nan,nan,nan,nan,-0.20749,-0.7011,nan,nan,nan,nan,nan,nan,-0.49387,nan,-0.25389,nan,nan,nan,nan,nan,nan,nan,nan,nan,nan,nan,nan,nan,nan,nan,nan,nan,nan,1.4463,2.1087,nan,nan,nan,nan
3.0,-2.1006,nan,nan,nan,nan,nan,-2.1466,nan,nan,nan,-0.29605,nan,nan,nan,nan,nan,-0.54393,nan,nan,nan,nan,nan,nan,nan,nan,nan,nan,nan,nan,-0.27981999999999996,nan,nan,nan,nan,nan,nan,nan,nan,nan,nan,nan,0.85906,nan,nan,nan,nan,nan,nan,nan,nan,nan,0.8891700000000001,nan,nan,nan,nan,nan,nan,1.2442,nan
3.0,-1.6895,nan,nan,nan,nan,nan,nan,nan,nan,-1.5606,nan,nan,nan,nan,nan,nan,nan,nan,nan,nan,nan,nan,nan,-1.0271,nan,nan,nan,nan,nan,nan,nan,nan,nan,nan,nan,nan,nan,nan,nan,0.64512,nan,1.4286,nan,1.5674,nan,nan,nan,nan,nan,nan,1.4119,nan,nan,nan,nan,nan,nan,nan,nan,1.7266
3.0,-2.1242,nan,nan,nan,nan,nan,nan,nan,nan,-1.5241,nan,-1.4915,nan,-0.28634,-1.2881,nan,nan,-0.6157100000000001,nan,nan,nan,nan,nan,nan,-0.39082,nan,0.51617,nan,nan,nan,nan,nan,nan,nan,nan,nan,nan,nan,nan,nan,nan,-0.008694799999999999,1.1764,nan,0.3641,nan,nan,0.23961,0.46787,nan,0.37532,nan,1.136,nan,nan,nan,nan,nan,2.1864,nan
3.0,-2.1357,nan,nan,nan,nan,nan,nan,nan,nan,-1.6517,nan,nan,-0.093905,nan,-1.2118,nan,nan,nan,nan,nan,nan,nan,nan,0.15657000000000001,nan,-0.57085,nan,nan,-0.8224899999999999,nan,nan,nan,nan,0.8144100000000001,nan,nan,nan,nan,nan,nan,0.16898,nan,nan,nan,nan,nan,0.6752,nan,nan,nan,nan,nan,nan,nan,nan,nan,1.7841,2.0425,nan,nan
3.0,-2.0152,nan,nan,nan,nan,-0.98692,nan,nan,nan,nan,nan,nan,-0.9448,nan,nan,nan,nan,nan,nan,nan,-1.2512,nan,nan,nan,-0.09869800000000001,nan,nan,nan,-0.52687,-0.14847,nan,-0.5686899999999999,nan,nan,nan,nan,nan,nan,nan,nan,nan,nan,0.86995,nan,nan,nan,nan,nan,0.30265,nan,0.5552,nan,nan,nan,nan,nan,nan,nan,nan,nan
3.0,-0.92935,nan,nan,nan,nan,-1.5715,nan,nan,nan,nan,nan,nan,nan,nan,nan,nan,nan,nan,0.27779,-0.9745299999999999,nan,-0.73797,0.18563,nan,nan,nan,nan,nan,nan,nan,nan,nan,nan,nan,0.052190999999999994,0.9398,nan,nan,nan,nan,nan,-0.11432,0.33553,nan,nan,nan,nan,nan,nan,nan,nan,nan,nan,nan,nan,nan,1.8495,nan,nan,nan
3.0,-1.8754,nan,nan,nan,nan,-1.5688,nan,nan,nan,-0.96639,nan,nan,nan,nan,nan,nan,nan,-0.57545,nan,nan,nan,nan,nan,nan,nan,nan,0.67992,-0.005298699999999999,nan,nan,-0.11492000000000001,nan,nan,nan,nan,0.60234,0.46535,nan,nan,nan,nan,nan,nan,0.3888,nan,1.2715,nan,nan,nan,nan,nan,nan,nan,nan,nan,nan,1.4875,nan,1.3839,nan
3.0,-1.2553,nan,nan,nan,nan,nan,-1.6227,nan,nan,nan,nan,nan,nan,-0.51036,nan,nan,nan,nan,-0.5333,-0.10655,nan,nan,nan,nan,nan,nan,nan,nan,nan,nan,-0.26348,nan,0.83529,nan,nan,nan,nan,nan,nan,nan,nan,nan,nan,-0.31881,nan,nan,nan,nan,nan,nan,nan,1.3588,nan,nan,nan,nan,1.6537,nan,nan,nan
3.0,-2.2729,nan,nan,nan,nan,nan,nan,nan,-0.7878,nan,nan,-1.5108,-1.2873,-0.9104,-0.87969,-0.14995999999999998,nan,nan,-0.812,nan,nan,nan,nan,nan,nan,-0.69515,nan,nan,nan,0.3304,nan,nan,nan,0.46798,nan,nan,nan,0.5657399999999999,nan,nan,0.12129000000000001,nan,nan,nan,nan,nan,nan,nan,0.26036,nan,0.60632,nan,nan,nan,nan,nan,nan,nan,1.722,nan
3.0,-1.1413,nan,nan,-1.8068,-1.0917,nan,nan,nan,-1.0214,nan,nan,nan,nan,nan,nan,-1.2004,nan,-0.66385,nan,nan,nan,nan,nan,nan,nan,nan,-0.5733600000000001,0.3946,nan,nan,nan,nan,nan,nan,nan,-0.01365,nan,nan,nan,nan,nan,nan,nan,0.8327100000000001,nan,0.39364,nan,nan,nan,nan,nan,nan,nan,nan,nan,nan,nan,nan,nan,nan
3.0,-1.7838,nan,-2.2908,nan,nan,nan,nan,nan,-0.9759700000000001,-0.062428,-0.60963,nan,-0.70013,nan,nan,nan,0.34629,-0.2499,nan,nan,nan,nan,nan,nan,nan,nan,nan,nan,nan,-0.76985,-0.32914,nan,nan,nan,nan,nan,nan,0.19582,nan,0.9964799999999999,nan,nan,nan,nan,-0.4464,nan,nan,1.6619,nan,1.4775,nan,nan,2.0001,nan,nan,nan,nan,1.4027,nan,nan
3.0,-0.43063999999999997,-0.63654,nan,-1.7426,nan,nan,nan,nan,nan,nan,nan,-1.0483,nan,nan,nan,nan,nan,nan,nan,nan,nan,nan,nan,nan,-0.21854,-0.11682000000000001,nan,nan,0.24163,nan,nan,nan,nan,nan,nan,0.5352399999999999,nan,nan,nan,nan,nan,nan,nan,-0.11722,0.82334,nan,nan,nan,nan,nan,nan,nan,0.17837999999999998,nan,nan,0.49227,0.8957799999999999,1.0361,nan,nan
4.0,2.1201,nan,nan,nan,1.254,1.7382,nan,nan,nan,nan,0.6431899999999999,nan,0.52044,nan,1.1167,nan,nan,nan,nan,nan,0.34019,0.5706899999999999,nan,nan,nan,nan,nan,nan,nan,nan,0.63042,nan,nan,nan,-0.19824,0.074653,nan,-0.37866,nan,nan,nan,nan,nan,nan,nan,nan,-1.2526,nan,nan,nan,-0.95221,nan,-0.67387,nan,nan,-1.659,nan,nan,nan,nan
4.0,0.5545100000000001,nan,2.0334,0.56595,nan,nan,nan,1.68,0.31966999999999995,nan,nan,0.068124,nan,1.6044,nan,nan,1.3726,nan,nan,nan,nan,0.70806,nan,nan,nan,nan,nan,nan,0.50242,-0.9160299999999999,nan,nan,nan,nan,nan,nan,nan,nan,nan,nan,nan,nan,nan,nan,nan,nan,nan,nan,nan,-0.66569,nan,nan,nan,nan,nan,-0.74187,nan,nan,nan,nan
4.0,1.0856,nan,nan,nan,nan,nan,nan,nan,nan,nan,nan,0.15699000000000002,1.4119,nan,nan,0.86911,nan,1.265,nan,1.0201,-0.47707,0.35208,nan,nan,nan,0.62037,nan,nan,nan,0.080572,nan,nan,nan,0.49406000000000005,nan,nan,nan,nan,nan,nan,-0.35354,nan,nan,-0.70882,nan,nan,0.12359,nan,-0.11263,nan,nan,nan,nan,nan,nan,nan,-1.9680000000000002,nan,-1.1154,-1.8362
4.0,2.2141,nan,nan,nan,nan,nan,nan,nan,nan,nan,nan,nan,nan,nan,nan,nan,1.2655,nan,nan,nan,nan,nan,nan,nan,nan,nan,nan,0.7075199999999999,0.19244,nan,nan,nan,0.040547,nan,-0.4863,nan,-1.0469,nan,-1.1636,-0.58063,nan,nan,nan,nan,nan,nan,nan,nan,nan,-1.237,nan,-1.0273,nan,nan,nan,-0.9135700000000001,nan,-1.0725,nan,nan
4.0,2.006,nan,nan,nan,nan,nan,nan,nan,1.1978,nan,nan,nan,1.3339,nan,nan,nan,nan,nan,nan,nan,nan,nan,nan,nan,nan,nan,-0.32466999999999996,nan,nan,nan,-0.099048,-0.79652,0.32221,nan,0.18659,0.44593999999999995,nan,nan,nan,nan,nan,0.27881,nan,nan,nan,nan,nan,nan,nan,nan,nan,nan,nan,nan,-0.3953,nan,nan,nan,nan,-1.3997
4.0,2.0822,nan,0.88082,nan,nan,1.4419,nan,nan,nan,nan,nan,1.0369,nan,0.52082,nan,nan,nan,0.20226,nan,nan,0.8366100000000001,nan,nan,nan,0.41726,nan,-0.0131,nan,nan,nan,nan,nan,nan,nan,nan,nan,nan,nan,nan,nan,nan,nan,nan,nan,-0.82591,-1.0654,nan,nan,nan,nan,nan,nan,nan,nan,nan,nan,nan,nan,nan,-2.0493
4.0,1.7836,nan,nan,nan,nan,nan,nan,nan,nan,0.31416,1.0391,nan,nan,nan,nan,nan,nan,nan,nan,nan,nan,-0.1955,nan,0.050325999999999996,nan,nan,nan,nan,nan,nan,nan,nan,nan,nan,nan,nan,nan,nan,nan,nan,-1.0866,nan,-0.20647,-0.9666,nan,nan,nan,nan,nan,nan,nan,-0.8345600000000001,nan,nan,nan,nan,nan,nan,-1.4745,nan
4.0,2.412,nan,nan,2.0757,nan,nan,0.78291,nan,nan,nan,nan,1.2362,nan,nan,nan,0.5939,nan,nan,nan,nan,nan,nan,nan,nan,nan,nan,nan,nan,0.14944000000000002,-0.51995,0.47365,nan,nan,nan,nan,nan,nan,-0.10231,nan,nan,nan,nan,nan,-0.012172,-0.8136,-1.0553,nan,nan,nan,nan,-0.3076,nan,nan,nan,nan,nan,nan,nan,nan,-1.0917
4.0,0.6765399999999999,0.41908999999999996,nan,nan,1.2413,nan,nan,nan,nan,nan,nan,nan,1.5407,1.7389,1.6076,0.26592,nan,nan,nan,1.619,nan,nan,nan,nan,nan,nan,nan,nan,nan,nan,0.25103000000000003,nan,nan,nan,nan,nan,nan,-0.82126,nan,nan,-0.32894,nan,nan,nan,nan,nan,nan,nan,nan,-1.1418,nan,nan,nan,nan,nan,nan,-0.37477,nan,nan,nan
4.0,1.7274,nan,nan,1.9724,nan,1.0945,nan,nan,0.3812,nan,nan,nan,nan,nan,0.31171,nan,nan,nan,nan,nan,nan,nan,nan,nan,nan,nan,nan,nan,nan,nan,0.779,-0.73935,nan,0.30521,nan,nan,nan,nan,-0.8935299999999999,nan,nan,nan,nan,nan,nan,nan,nan,nan,nan,nan,nan,nan,-0.71211,nan,-1.9239,-1.452,nan,-1.5089,nan,nan
4.0,1.8597,nan,nan,nan,nan,1.5651,nan,1.2363,nan,nan,nan,nan,nan,nan,0.06892899999999999,nan,nan,nan,nan,nan,nan,nan,-0.10594,nan,-0.095334,nan,0.24431999999999998,nan,0.45233999999999996,nan,-0.038728,nan,nan,nan,nan,nan,nan,-1.0357,nan,nan,nan,nan,nan,-0.39708000000000004,nan,-0.6845100000000001,nan,nan,nan,-0.60714,nan,nan,-1.5605,nan,nan,nan,nan,nan,nan,nan
4.0,0.93886,0.95547,nan,nan,nan,nan,1.7530000000000001,nan,nan,1.6262,nan,1.068,0.9421799999999999,0.3518,nan,nan,nan,nan,nan,nan,nan,0.5446300000000001,0.9427399999999999,nan,nan,-0.35609,nan,nan,0.28581,0.01845,0.40552,nan,nan,nan,nan,-0.13313,nan,nan,nan,nan,nan,nan,nan,-1.3373,nan,nan,nan,nan,nan,nan,nan,nan,nan,nan,nan,nan,nan,nan,nan,nan
4.0,1.3683,1.0015,nan,nan,nan,nan,nan,nan,nan,nan,nan,nan,nan,0.5824199999999999,nan,nan,0.50867,nan,0.95137,0.49766000000000005,nan,nan,-0.5185,nan,nan,nan,nan,nan,nan,0.32697,-0.46375,nan,nan,nan,nan,nan,nan,nan,-0.44204,nan,-0.0323,nan,nan,-0.57613,nan,nan,nan,nan,nan,nan,nan,nan,nan,nan,nan,nan,nan,nan,-2.3571,nan
4.0,1.6682,2.1492,nan,nan,1.6574,nan,nan,nan,nan,nan,nan,nan,nan,1.1337,nan,0.0043565,nan,nan,nan,nan,nan,nan,nan,0.12162,nan,nan,nan,nan,nan,-0.23446999999999998,-0.8674,nan,nan,nan,nan,nan,nan,nan,nan,0.1724,nan,nan,nan,nan,nan,nan,nan,nan,nan,nan,nan,nan,nan,-2.1906,nan,-1.0149,nan,nan,nan,nan
4.0,2.0161,nan,nan,0.5234800000000001,1.8505,1.4433,nan,nan,nan,0.64933,0.77045,nan,nan,nan,0.61463,nan,nan,nan,nan,nan,nan,nan,0.49323999999999996,nan,-0.21088,nan,nan,nan,nan,nan,nan,-0.5316,nan,-0.62143,0.08024099999999999,0.38172,-0.9569200000000001,nan,nan,nan,nan,nan,nan,nan,-1.5097,-1.3371,nan,nan,nan,nan,nan,-0.041499,-0.77231,-0.16648,-1.6249,-1.028,-1.2928,nan,nan,nan
4.0,2.1607,1.0338,nan,0.19724,1.1813,nan,nan,1.0816,nan,nan,nan,nan,nan,nan,nan,0.16602999999999998,nan,nan,0.99313,nan,nan,nan,nan,-0.65177,nan,nan,nan,0.22388000000000002,nan,nan,nan,nan,-0.45778,nan,nan,nan,0.25192,nan,nan,0.095553,nan,-0.8348,nan,nan,nan,nan,-1.3037,nan,-1.6156,-0.7208100000000001,0.27823000000000003,nan,nan,-1.3706,nan,nan,nan,nan,nan,-2.3659
4.0,1.3628,nan,1.9136,nan,nan,1.2142,nan,0.81496,nan,nan,nan,0.24466,1.3184,nan,0.47688,nan,nan,0.24358000000000002,nan,nan,nan,-0.45598,nan,nan,nan,nan,nan,nan,0.75932,0.9123399999999999,nan,nan,nan,nan,nan,nan,nan,nan,nan,nan,-0.49455,nan,nan,nan,nan,nan,nan,nan,nan,nan,-0.34114,nan,nan,-0.51945,nan,nan,nan,nan,nan,-1.7404
4.0,1.4677,nan,1.9025,nan,nan,nan,nan,nan,nan,0.60518,nan,1.2061,nan,nan,nan,nan,nan,nan,nan,nan,1.0476,0.98315,nan,nan,0.72869,-0.0060187,-0.42418,nan,nan,nan,nan,nan,nan,nan,nan,nan,-0.021592,-0.60305,nan,nan,nan,nan,nan,nan,nan,nan,-0.48665,nan,nan,nan,nan,nan,nan,-1.0434,nan,nan,nan,nan,nan,nan
4.0,2.3099,nan,nan,nan,nan,nan,nan,nan,nan,nan,nan,nan,nan,nan,nan,nan,nan,nan,nan,nan,nan,nan,nan,nan,nan,nan,-0.42963,nan,nan,-0.11862,nan,nan,nan,nan,nan,nan,0.011398,nan,nan,nan,nan,nan,nan,nan,nan,nan,-1.0864,nan,nan,nan,nan,nan,nan,nan,nan,nan,nan,nan,-1.7166,nan
4.0,1.8883,nan,1.8708,nan,nan,nan,nan,0.38386,1.6064,nan,0.31581,nan,nan,nan,nan,nan,nan,nan,nan,nan,1.0528,nan,nan,nan,nan,nan,nan,-0.72602,nan,nan,0.3808,nan,nan,nan,nan,nan,nan,nan,nan,-0.72211,nan,nan,nan,nan,nan,nan,nan,nan,nan,nan,-1.05,nan,nan,nan,-0.58339,nan,nan,nan,nan,nan
4.0,1.2572,1.2552,nan,nan,nan,nan,nan,nan,1.2372,nan,nan,nan,1.6511,nan,nan,nan,nan,-0.019688,nan,1.2187,nan,nan,1.0012,nan,nan,nan,nan,nan,nan,nan,nan,-0.5389,nan,-0.71805,nan,nan,-0.71904,nan,nan,nan,nan,nan,nan,nan,nan,nan,nan,nan,-0.79928,nan,-0.21964,-1.9589,nan,nan,nan,nan,nan,nan,nan,nan
4.0,1.4688,nan,nan,nan,nan,nan,nan,nan,nan,nan,nan,nan,nan,nan,nan,nan,nan,nan,nan,0.77531,nan,nan,nan,nan,nan,nan,nan,nan,nan,0.35888000000000003,nan,nan,nan,nan,nan,nan,nan,0.15779,nan,-0.5465399999999999,nan,nan,nan,nan,nan,nan,-0.8639899999999999,nan,-1.3337,nan,-0.26978,nan,-1.3437,nan,-1.7316,nan,nan,nan,-0.63143,nan
4.0,1.0041,nan,nan,nan,nan,nan,1.4237,0.16813,nan,nan,1.5444,nan,0.018869999999999998,1.5467,nan,nan,nan,nan,nan,1.4483,0.40175,0.6290100000000001,nan,nan,nan,nan,nan,nan,nan,nan,nan,nan,nan,nan,-0.60334,nan,nan,nan,nan,nan,-0.81605,nan,nan,nan,-1.2933,nan,nan,nan,nan,nan,nan,nan,-0.088188,nan,nan,nan,nan,nan,nan,nan
4.0,1.6089,1.4211,nan,1.5529,nan,nan,nan,nan,nan,nan,nan,nan,nan,nan,0.79797,0.11068,nan,nan,nan,nan,nan,nan,0.78869,nan,0.041704000000000005,nan,nan,0.21427,nan,nan,nan,nan,nan,0.058658,nan,nan,-0.6078399999999999,nan,-0.78652,nan,nan,nan,nan,nan,nan,nan,-0.4171,-0.80585,nan,nan,nan,nan,nan,nan,nan,-1.4883,nan,nan,nan,nan
4.0,2.0809,nan,1.8631,nan,nan,nan,nan,1.2265,nan,nan,1.6422,nan,nan,nan,nan,nan,nan,0.11465,nan,nan,nan,-0.30839,-0.26221,nan,nan,nan,0.30023,nan,nan,nan,nan,0.6983600000000001,0.52055,nan,nan,nan,-0.89641,-0.29739,-0.6473800000000001,nan,nan,nan,nan,nan,nan,nan,nan,nan,nan,nan,-1.3471,-0.8294799999999999,-1.6507,nan,nan,nan,-1.6527,nan,nan,nan
4.0,1.9081,nan,nan,nan,1.2227,1.1047,nan,nan,1.465,nan,nan,nan,0.17132999999999998,nan,nan,nan,0.5577300000000001,nan,0.056558000000000004,0.69863,-0.1463,nan,nan,0.45701,nan,nan,nan,nan,nan,nan,nan,nan,nan,nan,-0.64659,nan,nan,-1.138,nan,nan,nan,nan,-1.25,nan,0.17257,-0.80809,nan,nan,nan,nan,-1.9128,nan,nan,nan,nan,nan,-1.0174,nan,-0.75981,nan
4.0,2.0871,nan,nan,nan,nan,nan,nan,nan,nan,1.4639,nan,nan,nan,nan,0.34674,nan,nan,nan,nan,nan,nan,nan,nan,nan,nan,nan,-0.035493000000000004,0.56902,0.2226,nan,-0.6561600000000001,nan,nan,nan,-0.27299,nan,-0.21959,-0.66495,-0.77623,nan,nan,nan,nan,nan,nan,nan,-1.1943,nan,nan,-1.5003,nan,nan,nan,nan,nan,nan,nan,-1.081,nan,nan
4.0,1.6776,nan,nan,nan,nan,nan,nan,0.9092,nan,1.4091,nan,nan,nan,nan,nan,nan,nan,nan,0.096388,nan,nan,nan,nan,0.87615,nan,nan,nan,nan,-0.55118,nan,nan,0.81099,nan,nan,nan,nan,-0.8166399999999999,nan,nan,nan,-0.030443,-0.21235,nan,nan,-0.34858,-0.97577,nan,nan,nan,nan,nan,nan,-1.8621,nan,nan,-0.80461,nan,nan,nan,-1.0533
4.0,1.2734,nan,nan,0.43851,nan,nan,0.6003,nan,-0.088633,nan,nan,nan,nan,nan,nan,nan,nan,nan,nan,nan,nan,nan,nan,nan,nan,nan,nan,nan,0.95836,nan,nan,nan,-0.4911,nan,nan,nan,nan,nan,nan,-1.5554,-0.57395,-1.2293,-0.8735700000000001,nan,0.043814,nan,nan,-1.2213,nan,nan,nan,nan,nan,nan,nan,nan,nan,nan,nan,nan
4.0,1.7391,nan,nan,nan,nan,nan,nan,nan,nan,1.0991,nan,nan,0.62429,nan,nan,nan,nan,nan,nan,nan,nan,0.54467,nan,0.12549000000000002,nan,nan,nan,0.15836,nan,0.2473,nan,nan,nan,nan,nan,-0.41153,nan,-0.76703,0.023449,nan,nan,nan,nan,nan,nan,-1.0298,nan,nan,nan,nan,nan,nan,nan,nan,-1.4546,nan,nan,nan,-1.6694,nan
4.0,0.54379,nan,nan,1.7406,nan,0.035815,nan,nan,0.27407,1.3784,nan,nan,nan,nan,nan,nan,nan,nan,nan,nan,nan,nan,nan,nan,nan,nan,nan,-0.5421100000000001,1.0449,nan,0.53394,nan,nan,nan,nan,nan,-0.19994,nan,nan,-0.76449,nan,nan,nan,-0.86735,nan,nan,nan,nan,nan,nan,nan,nan,nan,nan,nan,-2.0002,nan,-0.83275,nan,nan
4.0,0.92342,nan,nan,nan,1.4074,nan,nan,nan,nan,nan,nan,nan,nan,nan,nan,0.061484000000000004,nan,nan,nan,nan,nan,nan,nan,nan,nan,nan,nan,-0.25351,nan,nan,0.026655,nan,-0.49146000000000006,nan,-0.21915,nan,nan,nan,nan,nan,nan,nan,nan,-0.7377199999999999,nan,-0.3975,nan,nan,-0.9020600000000001,nan,nan,nan,nan,nan,nan,nan,nan,nan,nan,-1.7645
4.0,0.75385,nan,nan,0.93211,nan,nan,nan,nan,nan,nan,nan,nan,nan,nan,nan,0.5727800000000001,nan,nan,nan,nan,1.0386,nan,nan,nan,nan,nan,nan,nan,nan,-0.22373,nan,nan,nan,nan,0.58465,-0.24452,nan,nan,nan,nan,0.12917,nan,nan,nan,-0.39304,-1.0085,-0.7852,nan,nan,nan,nan,nan,nan,nan,nan,nan,-1.4127,nan,nan,nan
4.0,1.8411,nan,nan,nan,nan,nan,nan,nan,0.78579,1.6526,nan,nan,nan,0.9386899999999999,nan,nan,nan,nan,0.15052000000000001,nan,nan,nan,nan,nan,nan,nan,nan,nan,nan,nan,nan,-0.20726,nan,nan,nan,nan,nan,nan,0.18816,nan,-0.56382,nan,-0.9920399999999999,nan,-1.1956,-0.75449,nan,-0.52733,nan,-1.0333,-1.6769999999999998,nan,nan,nan,nan,nan,-1.479,-1.7622,nan,nan
4.0,1.4327,nan,nan,nan,nan,nan,nan,nan,nan,nan,nan,nan,nan,nan,nan,nan,0.15322,nan,nan,0.9631,nan,nan,nan,nan,nan,nan,nan,nan,0.43096999999999996,nan,nan,nan,nan,nan,nan,nan,nan,nan,nan,nan,nan,nan,nan,nan,nan,nan,nan,nan,nan,nan,nan,nan,nan,nan,nan,-0.80094,nan,nan,nan,nan
4.0,1.8625,nan,nan,nan,nan,nan,nan,nan,nan,nan,nan,nan,nan,nan,nan,nan,nan,nan,nan,nan,nan,nan,nan,nan,0.4565,nan,-0.6128100000000001,nan,0.2434,nan,nan,nan,nan,nan,nan,-0.15912,nan,nan,nan,nan,-0.0052918,nan,-0.34626999999999997,nan,nan,nan,nan,nan,-0.2199,nan,nan,nan,nan,nan,nan,nan,nan,nan,nan,nan
4.0,2.2131,nan,nan,nan,nan,nan,nan,nan,nan,nan,0.0016235,1.9853,nan,nan,nan,nan,nan,nan,-0.25119,nan,0.59219,nan,nan,nan,nan,nan,nan,nan,nan,-0.6724600000000001,0.43666000000000005,nan,nan,nan,-0.093421,nan,nan,nan,nan,nan,nan,nan,nan,nan,-1.0281,nan,nan,nan,nan,-0.065178,nan,nan,nan,nan,nan,nan,nan,-1.5443,nan,nan
4.0,1.041,nan,1.2346,nan,nan,nan,0.33629000000000003,nan,1.0176,nan,nan,nan,-0.12161,nan,nan,0.26628,nan,0.6643100000000001,nan,nan,1.3509,nan,nan,nan,nan,nan,nan,0.86908,nan,nan,nan,nan,nan,nan,nan,nan,0.34911,-0.34019,nan,nan,nan,nan,nan,nan,nan,nan,nan,-0.3341,nan,nan,nan,nan,nan,-1.6613,nan,nan,-1.8262,nan,nan,nan
4.0,2.3516,nan,1.4315,1.6381,nan,nan,nan,nan,nan,nan,0.021122,nan,nan,0.43671000000000004,nan,0.18817,0.22155,nan,nan,nan,nan,nan,nan,nan,1.1349,-0.07934400000000001,nan,nan,nan,-0.38231,nan,-0.18515,nan,nan,nan,nan,nan,-1.0223,nan,0.26843,nan,nan,nan,nan,nan,-0.83515,nan,nan,nan,nan,nan,nan,nan,nan,-0.82625,nan,-1.0669,nan,nan,-0.5079199999999999
4.0,0.31101999999999996,0.52577,2.0318,0.67161,0.72197,nan,nan,nan,0.46648999999999996,1.5929,nan,nan,nan,nan,nan,0.76098,1.0296,0.83116,nan,nan,nan,nan,nan,nan,nan,nan,nan,nan,nan,nan,nan,nan,nan,nan,nan,nan,nan,-0.09780599999999999,nan,nan,-1.0037,nan,nan,-0.40504,nan,nan,nan,nan,nan,nan,-0.71959,nan,nan,nan,nan,nan,nan,nan,nan,nan
4.0,1.4059,nan,nan,nan,0.65877,1.1955,nan,nan,nan,nan,nan,nan,nan,nan,nan,1.1469,nan,nan,0.9675600000000001,nan,nan,nan,nan,0.7782100000000001,nan,0.9083399999999999,nan,nan,nan,nan,nan,0.5656399999999999,0.25519000000000003,-0.64778,nan,nan,nan,nan,nan,nan,-1.0409,nan,nan,nan,nan,-0.6078,-0.50934,-0.8329200000000001,nan,nan,nan,nan,nan,-1.2783,-0.9658899999999999,nan,nan,nan,-1.9015,nan
4.0,1.6949,nan,nan,nan,nan,nan,nan,nan,nan,nan,nan,nan,nan,nan,nan,nan,nan,nan,-0.29875,nan,nan,-0.23117,nan,0.81865,0.24508000000000002,nan,nan,nan,nan,nan,nan,nan,nan,0.43288000000000004,nan,-0.125,nan,nan,-0.35641,nan,nan,nan,nan,nan,nan,nan,nan,nan,-0.5855199999999999,nan,-1.6831,-0.50389,nan,nan,-1.5965,nan,nan,nan,nan,-1.821
4.0,0.7723,1.3734,nan,1.6005,nan,nan,nan,nan,nan,nan,1.2362,nan,nan,nan,nan,1.1149,nan,nan,nan,0.38429,nan,0.9420299999999999,nan,nan,nan,0.68884,nan,nan,nan,0.22241,nan,nan,nan,0.2445,nan,nan,nan,nan,nan,-1.17,nan,nan,-0.39816,nan,-0.7469899999999999,nan,-0.71909,nan,-1.5321,-0.3551,nan,-0.80469,nan,nan,nan,nan,nan,-1.3142,-0.8306399999999999,nan
4.0,1.1725,nan,nan,nan,nan,nan,nan,nan,nan,nan,nan,0.7390000000000001,nan,nan,nan,nan,nan,0.59695,nan,1.3062,nan,nan,0.020297,0.80529,nan,nan,nan,nan,nan,nan,nan,nan,nan,-0.070393,nan,nan,nan,nan,0.37829,nan,nan,nan,nan,nan,-0.48436999999999997,nan,nan,-1.1766,nan,nan,-1.534,nan,nan,nan,nan,nan,nan,-1.2804,nan,-2.0923
4.0,1.5763,nan,nan,nan,0.8662299999999999,nan,0.8555799999999999,nan,nan,nan,nan,nan,nan,0.26586,nan,0.66371,nan,nan,0.53397,nan,0.8366,nan,0.27823000000000003,0.90033,0.09632,0.051909000000000004,nan,nan,nan,nan,nan,nan,nan,nan,nan,nan,nan,-0.52715,nan,nan,nan,nan,nan,nan,nan,nan,nan,-1.1771,-1.3834,-0.7438600000000001,nan,nan,nan,nan,-1.5402,nan,nan,nan,nan,-1.7337
4.0,1.7578,nan,1.0278,nan,nan,1.1547,nan,0.89635,nan,nan,0.82844,1.2702,nan,nan,nan,nan,nan,nan,1.1427,0.39576999999999996,nan,nan,nan,nan,0.13227,nan,nan,nan,nan,nan,nan,nan,nan,nan,-0.028155,-0.052498,nan,nan,-0.09580599999999999,nan,-0.089531,nan,nan,-1.2609,nan,nan,-0.48811000000000004,-1.133,nan,nan,nan,-0.67284,-1.7008,nan,-1.8746,nan,-1.9097,nan,nan,nan
4.0,1.6173,nan,nan,1.442,nan,nan,nan,nan,nan,nan,nan,nan,nan,nan,nan,nan,nan,nan,nan,nan,nan,nan,nan,0.20167000000000002,nan,nan,0.41961000000000004,nan,nan,nan,nan,nan,-0.052032,-0.8174600000000001,nan,nan,nan,-0.9608899999999999,-0.36194,nan,nan,-0.93525,-0.13180999999999998,nan,nan,nan,-0.60377,nan,nan,nan,nan,nan,nan,nan,nan,nan,nan,-1.8796,nan,nan
4.0,2.1836,nan,nan,nan,nan,nan,nan,nan,nan,nan,nan,nan,nan,nan,nan,0.9099700000000001,nan,nan,nan,nan,nan,nan,nan,nan,nan,-0.035472000000000004,nan,nan,nan,nan,-0.086853,nan,nan,nan,0.00029869,nan,nan,nan,nan,-1.265,nan,-0.62083,nan,nan,nan,-1.7298,nan,nan,nan,nan,nan,nan,nan,nan,nan,nan,nan,nan,-1.7959,nan
4.0,1.946,1.3553,nan,nan,nan,nan,nan,1.4937,nan,nan,nan,1.6375,nan,nan,nan,0.16502,nan,nan,nan,nan,nan,nan,nan,nan,nan,nan,nan,nan,nan,nan,nan,nan,nan,nan,nan,nan,nan,-1.0375,nan,0.37721,-1.276,nan,nan,0.22563000000000002,nan,nan,nan,-1.25,nan,nan,nan,nan,-1.1594,-1.9136,-0.58363,nan,nan,nan,nan,-1.5112
4.0,1.0715,nan,nan,nan,nan,nan,nan,nan,nan,nan,nan,0.58712,nan,0.14635,nan,nan,nan,nan,nan,nan,nan,nan,nan,nan,0.11059000000000001,0.0036664,nan,nan,nan,nan,0.051061,nan,nan,nan,-0.5917600000000001,-0.71223,nan,-0.7387199999999999,nan,0.12279000000000001,nan,nan,-0.80035,nan,nan,nan,-0.9175,nan,nan,nan,-1.294,nan,nan,nan,nan,nan,-1.1241,nan,nan,nan
5.0,-0.0016997,nan,-0.45433999999999997,nan,nan,nan,nan,nan,nan,nan,nan,nan,nan,-1.4733,nan,-0.83085,nan,nan,nan,nan,nan,nan,-1.725,nan,-0.88307,nan,nan,nan,nan,nan,1.4441,nan,nan,nan,nan,0.10784,nan,nan,nan,nan,nan,0.041503,nan,nan,nan,nan,nan,nan,-0.23890999999999998,nan,1.5956,nan,nan,0.7095100000000001,nan,nan,nan,nan,nan,nan
5.0,-0.8589200000000001,nan,nan,nan,-0.41158999999999996,nan,nan,nan,nan,nan,nan,nan,nan,nan,-1.6102,nan,-1.4276,nan,nan,nan,nan,-0.88979,nan,nan,nan,nan,nan,nan,nan,nan,nan,nan,0.58101,nan,nan,nan,nan,nan,nan,nan,nan,0.59801,nan,nan,1.1573,nan,nan,nan,nan,nan,nan,nan,nan,nan,0.83894,0.6866800000000001,nan,nan,nan,nan
5.0,-0.3031,nan,nan,-0.16417,-0.6177199999999999,nan,nan,nan,nan,nan,nan,nan,nan,-0.48118999999999995,nan,nan,nan,nan,nan,-0.99118,nan,nan,nan,0.43215,nan,nan,-0.40379,nan,nan,1.0927,1.5038,-0.7215699999999999,nan,nan,nan,nan,nan,nan,nan,nan,nan,1.0214,nan,nan,nan,nan,nan,nan,nan,nan,0.33196,-0.14454,nan,1.0091,nan,nan,1.4553,nan,0.9518,0.95476
5.0,-0.27510999999999997,nan,-1.4032,-1.5330000000000001,nan,nan,nan,nan,nan,nan,nan,nan,nan,nan,-1.0094,nan,nan,nan,nan,nan,-1.4088,nan,nan,nan,nan,nan,-1.0305,nan,nan,nan,-0.79274,nan,nan,nan,nan,nan,nan,nan,nan,nan,nan,nan,nan,1.0407,nan,0.47872,1.1996,nan,nan,nan,1.2367,1.0409,0.71916,nan,nan,nan,nan,1.2326,0.8094899999999999,nan
5.0,-0.9495299999999999,-2.0938,-1.337,nan,nan,nan,nan,nan,nan,nan,nan,nan,nan,nan,nan,nan,nan,nan,nan,-1.6107,1.0859,0.84641,nan,nan,nan,1.2325,nan,nan,nan,1.273,nan,0.61705,nan,nan,0.096621,nan,nan,0.024914,nan,0.33429000000000003,nan,nan,nan,nan,nan,nan,nan,nan,-0.027908999999999996,nan,nan,nan,nan,nan,1.1669,nan,0.10679000000000001,nan,nan,0.9544
5.0,-0.49151999999999996,nan,nan,-1.0992,nan,nan,nan,nan,nan,nan,nan,nan,nan,nan,0.082201,nan,nan,nan,nan,nan,nan,nan,nan,nan,nan,nan,nan,nan,nan,nan,nan,nan,nan,nan,nan,nan,nan,nan,nan,nan,nan,nan,nan,nan,nan,nan,nan,nan,nan,nan,nan,nan,nan,nan,nan,nan,0.1057,1.4326,nan,0.053708000000000006
5.0,-1.1063,nan,nan,nan,-0.20926999999999998,nan,nan,nan,nan,nan,nan,nan,-1.0883,nan,nan,nan,nan,nan,-1.2661,-0.74757,nan,nan,nan,nan,nan,-1.12,nan,nan,-0.44306,nan,-1.0341,-0.73435,-0.27655,nan,nan,-0.30062,nan,nan,1.3678,nan,nan,1.6938,nan,nan,nan,0.7742100000000001,nan,nan,nan,nan,nan,nan,nan,nan,1.0851,nan,nan,nan,nan,nan
5.0,-1.4081,nan,nan,nan,nan,nan,nan,nan,nan,nan,nan,nan,nan,-1.4526,nan,nan,nan,nan,nan,-1.5335,nan,nan,nan,nan,nan,nan,nan,nan,nan,nan,1.0490000000000002,0.92522,nan,nan,nan,nan,nan,nan,nan,nan,nan,nan,nan,nan,0.2684,nan,nan,nan,nan,1.2718,nan,nan,nan,nan,0.28679,nan,nan,0.24331,nan,nan
5.0,-1.2593,nan,nan,nan,nan,nan,nan,nan,-0.10687,nan,-0.51342,nan,nan,nan,nan,nan,-1.0388,-0.43686,nan,-0.50129,nan,nan,nan,nan,nan,nan,nan,nan,nan,-0.8905200000000001,nan,nan,nan,nan,nan,nan,nan,nan,nan,nan,nan,nan,1.5979,nan,nan,nan,0.49791,nan,1.1018,nan,nan,nan,nan,nan,nan,nan,nan,nan,nan,nan
5.0,-0.59121,nan,nan,nan,nan,nan,nan,nan,nan,-1.4684,nan,-0.30094,-0.9394899999999999,nan,nan,nan,-1.4462,-1.1026,nan,nan,nan,nan,nan,nan,nan,nan,nan,nan,nan,nan,0.21915,nan,nan,nan,nan,nan,nan,nan,nan,nan,nan,nan,nan,1.555,nan,nan,nan,nan,0.51678,nan,nan,nan,nan,0.9212100000000001,nan,nan,0.53984,nan,nan,0.32178
5.0,-0.46713999999999994,nan,nan,nan,nan,nan,nan,-1.3519,nan,nan,nan,nan,nan,nan,nan,nan,nan,nan,nan,nan,nan,nan,nan,nan,nan,nan,nan,nan,-0.20312,-0.65523,nan,-1.3895,nan,nan,nan,nan,nan,nan,nan,nan,0.9767399999999999,nan,nan,nan,nan,1.3205,nan,nan,1.0532,nan,nan,nan,nan,nan,nan,1.2562,1.4874,nan,nan,nan
5.0,0.09492300000000001,nan,nan,-1.0919,nan,nan,nan,nan,nan,-0.06264,nan,nan,nan,nan,nan,nan,nan,nan,0.34879,nan,nan,nan,nan,nan,nan,nan,nan,nan,nan,nan,nan,nan,-0.56399,nan,nan,-1.1806,nan,nan,nan,nan,nan,nan,0.74327,nan,nan,0.87482,1.492,nan,nan,nan,0.68577,nan,1.9436,nan,1.7593,nan,-0.062165,nan,nan,2.0434
5.0,-0.39797,nan,nan,nan,-1.3834,-0.36462,nan,nan,nan,nan,nan,nan,nan,nan,nan,nan,nan,nan,nan,nan,nan,nan,nan,-0.5499,nan,nan,-0.19799,nan,nan,nan,nan,nan,-0.59331,nan,nan,nan,nan,nan,nan,0.6765899999999999,nan,nan,nan,nan,nan,nan,nan,nan,0.6816800000000001,1.7056,nan,nan,nan,nan,1.3072,nan,nan,nan,nan,nan
5.0,-0.17171,nan,nan,nan,-1.1183,nan,nan,-0.90076,nan,nan,nan,nan,nan,nan,nan,nan,-0.69308,nan,nan,nan,nan,nan,nan,nan,nan,nan,nan,nan,nan,0.045578,1.3634,nan,nan,nan,nan,nan,nan,1.4016,nan,nan,0.46721999999999997,nan,nan,0.43221000000000004,nan,1.3108,nan,nan,1.2835,nan,0.9471,nan,nan,nan,nan,nan,nan,nan,nan,nan
5.0,-1.1535,nan,-0.63441,nan,nan,nan,nan,nan,nan,nan,nan,nan,nan,nan,nan,nan,nan,-0.91348,nan,-0.47576,nan,nan,nan,-1.4232,nan,nan,nan,nan,nan,nan,nan,0.50154,nan,nan,nan,0.67903,nan,nan,0.52367,nan,0.87882,nan,nan,0.55766,nan,nan,nan,1.3442,nan,nan,-0.016478,-0.10346,nan,nan,nan,nan,nan,nan,nan,nan
5.0,-0.48586,nan,nan,nan,nan,nan,-0.54432,-0.1964,nan,nan,nan,nan,nan,nan,nan,-0.16392,nan,-0.53988,-0.19136,nan,nan,nan,nan,-0.57306,nan,nan,nan,nan,nan,nan,nan,nan,nan,nan,nan,nan,nan,nan,0.6532899999999999,nan,nan,nan,nan,1.3319999999999999,1.2429,nan,nan,nan,nan,nan,nan,nan,nan,nan,nan,nan,0.5767800000000001,nan,0.62265,nan
5.0,-1.3308,nan,nan,-1.197,nan,nan,nan,-0.10409000000000002,nan,nan,-0.10968,nan,-1.1126,nan,nan,nan,nan,-0.6249399999999999,nan,-1.1344,nan,nan,nan,nan,nan,nan,nan,-0.6300600000000001,-0.37384,-0.96914,nan,nan,1.3894,nan,nan,nan,nan,nan,nan,nan,0.6927399999999999,nan,nan,nan,nan,nan,nan,1.3430000000000002,nan,nan,nan,nan,nan,nan,nan,nan,1.1458,nan,nan,nan
5.0,0.076967,nan,nan,nan,-1.371,nan,nan,nan,nan,-1.3003,-1.4880000000000002,nan,nan,-1.5090000000000001,nan,-1.0381,nan,nan,nan,nan,-0.19783,nan,nan,nan,nan,nan,nan,nan,-0.22193000000000002,nan,1.4224,nan,nan,nan,nan,-0.51321,nan,nan,nan,nan,nan,nan,-0.36882,nan,0.034864,0.9449700000000001,nan,-0.27547,nan,nan,nan,0.77498,nan,nan,nan,nan,1.3472,nan,nan,-0.043085000000000005
5.0,-0.89269,-0.25781,0.12093,nan,nan,nan,nan,nan,-0.10927,-0.46895,nan,nan,-0.49125,nan,nan,nan,-0.61954,nan,-0.13598,nan,nan,nan,-0.20836999999999997,nan,nan,nan,-1.232,0.022308,nan,nan,nan,nan,nan,-1.2662,-0.90055,nan,nan,nan,0.5067,nan,nan,0.5948,nan,nan,nan,nan,nan,nan,nan,nan,nan,nan,1.5831,1.2905,nan,nan,nan,nan,nan,0.69318
5.0,-1.1014,nan,nan,nan,nan,-1.8674,nan,nan,nan,nan,nan,nan,nan,-0.32178,nan,nan,nan,nan,nan,nan,nan,nan,nan,nan,nan,nan,nan,nan,nan,nan,nan,nan,nan,nan,nan,nan,nan,nan,nan,nan,nan,nan,nan,nan,nan,nan,1.2054,nan,nan,0.31939,0.5311899999999999,nan,nan,nan,nan,nan,nan,nan,nan,nan
5.0,-0.77298,nan,nan,nan,nan,nan,nan,nan,nan,nan,-1.1405,nan,nan,nan,nan,nan,nan,nan,nan,nan,nan,nan,nan,-1.5744,nan,nan,nan,0.49533999999999995,nan,nan,nan,1.2274,nan,nan,nan,nan,nan,nan,nan,nan,nan,nan,nan,0.69048,nan,nan,nan,0.5437,nan,nan,nan,nan,nan,nan,nan,nan,nan,nan,nan,nan
5.0,-1.3997,nan,nan,nan,nan,nan,-0.95901,nan,-1.6066,nan,nan,nan,nan,nan,-1.0378,nan,-0.96465,-1.3607,nan,nan,nan,nan,nan,1.3864,nan,0.28834,nan,nan,1.0439,nan,nan,0.77394,nan,nan,0.067549,nan,0.30162,0.27176,nan,nan,nan,nan,nan,nan,nan,nan,nan,0.8582,0.0017362000000000002,nan,0.23815999999999998,nan,nan,nan,nan,nan,nan,0.69175,nan,nan
5.0,-1.6219999999999999,nan,nan,nan,nan,nan,nan,-1.4339,nan,-0.68902,nan,nan,nan,nan,nan,nan,nan,nan,nan,nan,nan,nan,nan,nan,0.41657,nan,-0.076896,nan,nan,nan,nan,nan,nan,0.24049,nan,nan,0.15453,nan,0.37583,1.3637,nan,nan,nan,0.63721,nan,nan,-0.046355,nan,nan,nan,nan,nan,nan,nan,nan,nan,1.075,1.306,nan,nan
5.0,-1.3187,nan,nan,-1.6451,nan,nan,nan,-0.57077,nan,nan,nan,-2.0509,nan,nan,nan,nan,nan,-0.18671,nan,nan,-1.6864,nan,nan,0.41262,0.57996,nan,nan,nan,nan,nan,nan,nan,nan,nan,nan,0.69922,nan,nan,nan,nan,nan,nan,nan,nan,0.79315,nan,nan,nan,nan,1.2364,nan,nan,nan,nan,nan,nan,1.081,nan,nan,-0.38961999999999997
5.0,-1.0945,nan,nan,nan,nan,nan,nan,-1.4924,-0.9970399999999999,-1.4257,nan,nan,nan,nan,nan,nan,nan,-1.6023,nan,-1.3704,nan,nan,nan,nan,0.075752,0.66045,nan,nan,nan,0.90745,nan,nan,0.48951000000000006,nan,nan,nan,0.14262,nan,1.3157,nan,nan,nan,nan,0.15469000000000002,nan,nan,nan,nan,nan,nan,nan,0.87425,nan,nan,nan,nan,nan,nan,1.1457,nan
5.0,-1.4719,nan,nan,nan,nan,nan,nan,nan,nan,nan,nan,-0.40431,-0.89051,nan,nan,-1.2085,nan,nan,nan,nan,nan,nan,nan,nan,-0.62166,nan,nan,nan,0.054362,nan,nan,nan,nan,-0.07257999999999999,nan,nan,nan,1.4997,nan,nan,nan,nan,nan,nan,nan,nan,nan,nan,0.51971,nan,nan,nan,0.98324,nan,0.55696,nan,nan,0.79675,nan,0.25379
5.0,-0.49901,-1.5559,nan,-1.2364,nan,nan,-1.026,nan,nan,nan,nan,nan,nan,nan,nan,nan,nan,-0.91494,nan,nan,nan,nan,nan,nan,nan,nan,nan,-0.82621,nan,nan,nan,nan,0.92069,nan,nan,nan,0.76513,nan,0.6845100000000001,nan,nan,nan,nan,nan,nan,nan,nan,1.0441,nan,nan,nan,nan,nan,nan,nan,nan,0.39876999999999996,0.93135,0.47348,nan
5.0,-1.5579,nan,nan,nan,nan,nan,nan,nan,nan,nan,nan,-1.0274,nan,nan,nan,nan,nan,-1.2109999999999999,-1.3458,-1.7141,nan,nan,nan,nan,nan,nan,1.1246,nan,nan,nan,nan,nan,nan,nan,nan,nan,nan,nan,nan,nan,0.17507999999999999,nan,nan,1.0116,0.83985,0.9176799999999999,nan,nan,nan,nan,nan,nan,nan,nan,0.86864,nan,0.2253,0.61856,1.0190000000000001,nan
5.0,-1.5535,nan,nan,-0.95695,nan,nan,nan,nan,nan,nan,nan,-0.90428,nan,nan,-1.2741,-0.75422,-1.7875,nan,nan,nan,-0.56687,nan,nan,-0.9516399999999999,nan,nan,nan,0.8883,nan,nan,nan,nan,nan,nan,nan,0.49067,nan,nan,nan,nan,nan,nan,nan,nan,nan,nan,nan,nan,nan,nan,nan,nan,nan,nan,nan,nan,nan,nan,nan,nan
5.0,-0.14288,nan,nan,nan,nan,nan,nan,nan,nan,nan,nan,nan,nan,nan,nan,-1.6323,nan,nan,nan,nan,nan,nan,nan,nan,nan,1.7325,nan,nan,nan,nan,nan,0.70422,nan,nan,nan,0.033062,nan,0.34141,0.81716,0.26743,nan,nan,nan,-0.25623,nan,nan,nan,0.099688,nan,nan,nan,nan,nan,nan,nan,nan,nan,nan,nan,0.4708
5.0,-1.5229,nan,nan,-0.74912,-0.75312,nan,nan,nan,nan,-0.11177000000000001,nan,nan,-1.1887,-1.3005,-1.4269999999999998,nan,nan,nan,nan,-0.93421,-1.5065,nan,nan,nan,nan,nan,nan,-0.5614399999999999,nan,nan,nan,nan,-0.33957,nan,-0.72205,nan,-1.2106,nan,nan,1.4274,nan,nan,nan,1.5228,nan,nan,nan,1.7337,nan,1.2747,nan,nan,nan,nan,nan,nan,0.5439,nan,nan,nan
5.0,-0.059955999999999995,-0.8946799999999999,nan,nan,nan,nan,nan,nan,nan,nan,nan,nan,-0.86815,-0.8401,-1.9226,nan,-0.66997,-0.010254000000000001,nan,nan,-0.9697600000000001,nan,nan,-0.82675,-1.6934,1.5107,nan,nan,nan,nan,0.43425,nan,nan,nan,nan,nan,nan,nan,nan,nan,nan,nan,nan,nan,nan,nan,nan,nan,nan,nan,1.3475,nan,nan,nan,0.83852,nan,0.9595,nan,0.15997999999999998,nan
5.0,-1.6474,-0.7822,nan,-0.80679,nan,-0.048622000000000005,nan,nan,nan,nan,nan,-0.29275,nan,nan,nan,nan,nan,nan,nan,nan,-0.28373000000000004,nan,-0.09499099999999999,-0.18222,nan,-1.1333,-0.15142,nan,nan,nan,nan,-0.032747000000000005,-1.5575,nan,nan,nan,nan,nan,nan,nan,nan,nan,nan,nan,nan,nan,nan,nan,nan,nan,0.43471000000000004,nan,0.24695999999999999,0.2886,nan,nan,nan,nan,nan,1.3714
5.0,-1.2142,nan,nan,nan,nan,nan,-1.2273,nan,nan,nan,nan,-0.43488999999999994,-0.6079,nan,nan,nan,-1.5023,-0.42181,nan,-0.65396,nan,nan,nan,nan,nan,-1.8664,nan,nan,nan,nan,nan,nan,1.7066,nan,nan,nan,nan,nan,nan,nan,nan,nan,nan,nan,nan,nan,nan,nan,1.0657,nan,nan,nan,nan,nan,1.3597,nan,nan,nan,0.55637,nan
5.0,-1.3001,nan,nan,nan,nan,nan,nan,nan,-0.46331999999999995,nan,nan,-0.50407,nan,nan,nan,-1.6482,nan,nan,nan,-1.7445,nan,nan,nan,-1.4174,nan,nan,nan,nan,nan,0.99456,nan,0.62969,nan,nan,nan,nan,nan,nan,-0.062153999999999994,nan,nan,nan,0.9233600000000001,nan,nan,nan,nan,nan,-0.022906,nan,nan,nan,nan,nan,nan,nan,nan,nan,nan,1.2175
5.0,-1.2736,-1.1029,nan,nan,nan,nan,nan,nan,nan,nan,nan,nan,nan,-1.0659,nan,nan,nan,nan,-0.75053,-1.3455,nan,nan,nan,nan,nan,nan,nan,nan,nan,nan,nan,nan,1.0704,nan,nan,nan,nan,nan,nan,nan,1.3178,nan,nan,nan,0.80207,0.6037399999999999,nan,0.12082000000000001,1.3434,nan,nan,nan,nan,nan,nan,nan,nan,nan,0.13207,nan
5.0,-0.52452,nan,-0.35391999999999996,nan,nan,nan,nan,nan,nan,nan,nan,-0.9971700000000001,nan,-0.599,nan,nan,-0.75581,-1.0625,-0.29678000000000004,nan,-0.34241,nan,nan,nan,nan,nan,nan,nan,nan,nan,nan,nan,-1.1457,nan,0.58667,nan,nan,nan,nan,nan,nan,nan,nan,1.3087,1.13,nan,nan,nan,1.2893,nan,nan,nan,nan,nan,nan,nan,nan,1.5628,nan,0.67667
5.0,-0.14522000000000002,-0.96075,nan,nan,-0.8074600000000001,nan,nan,nan,nan,nan,-0.19727999999999998,nan,nan,-0.69216,nan,-1.2429999999999999,-0.55385,nan,nan,nan,nan,nan,nan,nan,nan,-0.05264,nan,nan,nan,nan,nan,nan,nan,-0.23922,nan,-0.11077999999999999,nan,nan,nan,1.6777,0.84014,nan,0.78969,nan,nan,nan,nan,0.62603,1.5689,nan,nan,nan,nan,nan,nan,1.651,nan,nan,nan,1.9409
5.0,-0.76254,nan,nan,nan,-1.7415,nan,nan,-0.91901,nan,nan,nan,-1.2989,-1.5746,nan,-1.0323,nan,nan,nan,nan,nan,nan,nan,nan,nan,nan,1.1171,nan,nan,0.40058,nan,nan,0.32206,0.18774000000000002,nan,nan,nan,nan,nan,0.38235,nan,nan,nan,1.2403,nan,nan,nan,0.6160100000000001,nan,nan,nan,nan,nan,nan,0.42091000000000006,nan,nan,nan,nan,nan,nan
5.0,-1.1911,nan,nan,nan,nan,nan,nan,-0.67196,nan,nan,nan,nan,nan,nan,nan,nan,nan,nan,nan,nan,nan,nan,nan,nan,nan,nan,nan,-1.0161,nan,nan,nan,nan,-1.2817,nan,nan,0.63345,nan,nan,nan,nan,nan,0.82815,nan,nan,0.5293,nan,nan,nan,nan,nan,nan,nan,nan,nan,nan,nan,1.5853,nan,1.1067,nan
5.0,-1.6843,nan,-1.2124,nan,nan,nan,nan,-0.80545,nan,nan,nan,nan,-1.5852,nan,nan,nan,nan,nan,nan,nan,nan,1.0066,0.17528,nan,0.86018,1.0676,nan,nan,nan,nan,nan,nan,nan,0.58732,nan,0.49695,nan,nan,nan,0.39955,0.6439699999999999,nan,nan,nan,nan,nan,nan,nan,nan,nan,nan,0.8418200000000001,nan,0.78078,nan,nan,nan,nan,nan,nan
5.0,-1.2562,nan,-0.44073,nan,-0.10625,nan,nan,nan,nan,nan,nan,nan,nan,nan,nan,nan,nan,nan,nan,nan,-0.30635,nan,nan,-1.0876,nan,nan,nan,nan,nan,nan,-1.1698,nan,nan,nan,nan,-0.65587,nan,nan,nan,nan,1.1407,nan,nan,nan,nan,nan,1.0563,nan,nan,nan,nan,nan,0.61556,nan,nan,nan,nan,nan,1.6362,nan
5.0,-1.2563,nan,nan,nan,nan,-0.91122,nan,nan,-1.4861,nan,nan,nan,-0.8518700000000001,nan,nan,nan,nan,nan,nan,nan,nan,nan,nan,nan,nan,nan,nan,nan,nan,nan,nan,nan,nan,nan,nan,nan,0.53857,nan,nan,0.5435,nan,nan,nan,nan,nan,nan,nan,nan,1.4858,nan,nan,nan,nan,nan,0.75362,nan,nan,nan,nan,1.0243
5.0,-1.395,nan,nan,nan,nan,nan,nan,nan,-1.4251,nan,nan,-1.1272,nan,nan,-1.3791,nan,nan,-1.5901,-1.6554,nan,nan,nan,nan,nan,nan,0.08606799999999999,nan,0.65596,nan,nan,nan,nan,nan,0.14282,nan,nan,nan,nan,nan,0.37718,nan,nan,nan,0.3946,nan,1.2618,0.39252,nan,nan,nan,nan,nan,0.47262,nan,nan,nan,nan,0.24361999999999998,nan,nan
5.0,-1.2986,nan,nan,-1.4444,-2.2963,-0.32621999999999995,-0.85816,nan,nan,-2.1525,-1.1853,nan,nan,nan,nan,nan,nan,nan,-1.2571,nan,nan,nan,nan,nan,nan,nan,-0.42033000000000004,nan,0.43036,nan,nan,nan,nan,nan,nan,nan,0.40768000000000004,nan,nan,0.68306,nan,nan,0.44514,nan,nan,1.0528,0.56838,nan,nan,nan,nan,nan,1.1809,nan,nan,nan,nan,nan,nan,nan
5.0,-0.88764,nan,nan,-0.31254,nan,nan,nan,nan,-1.3183,nan,nan,nan,-2.0059,nan,nan,nan,nan,0.073502,nan,nan,nan,nan,nan,nan,nan,nan,1.2336,nan,nan,1.7187,-0.58444,nan,nan,nan,nan,nan,nan,nan,nan,nan,nan,nan,nan,-0.02026,-0.21978000000000003,nan,nan,0.24816,nan,nan,nan,nan,nan,nan,1.3029,nan,nan,nan,-0.22988000000000003,nan
5.0,-0.82375,nan,nan,-1.2012,nan,nan,nan,nan,nan,nan,nan,-0.62239,nan,nan,nan,-0.74048,nan,nan,nan,nan,nan,nan,nan,nan,nan,nan,nan,nan,nan,-1.2439,nan,nan,-1.4266,nan,nan,nan,nan,nan,1.3991,nan,nan,1.0767,nan,nan,0.33185,nan,1.1407,nan,nan,nan,nan,nan,nan,nan,nan,nan,nan,nan,nan,nan
5.0,-0.42878,nan,nan,-0.95696,nan,nan,nan,nan,nan,nan,nan,nan,nan,nan,nan,nan,-1.1743,nan,nan,-0.07760299999999999,-1.2797,nan,nan,nan,nan,nan,nan,nan,nan,nan,-1.0815,nan,-0.93996,nan,nan,nan,nan,-0.81124,nan,nan,1.0544,nan,1.8893,0.74716,nan,1.5331,1.0572,nan,nan,nan,nan,nan,nan,1.7944,nan,nan,nan,nan,nan,nan
5.0,-1.1128,-1.3611,nan,nan,-0.9869899999999999,nan,-0.27385,-0.89856,nan,-0.42756000000000005,nan,-1.3231,nan,nan,nan,-0.35291999999999996,nan,nan,-0.62129,-1.0491,nan,nan,nan,nan,nan,nan,nan,nan,nan,-0.8623799999999999,nan,-0.54272,nan,nan,1.6213,0.76272,nan,nan,nan,nan,nan,nan,nan,nan,nan,0.82529,nan,nan,nan,nan,nan,nan,1.1227,nan,nan,nan,nan,nan,nan,nan
5.0,-0.043046,-1.7416,nan,nan,nan,-0.7800199999999999,-1.9231,nan,nan,nan,-0.93104,nan,-0.63357,nan,nan,nan,0.18616,nan,-1.9839,nan,-0.65581,nan,nan,nan,nan,nan,nan,nan,nan,nan,nan,nan,nan,nan,1.0044,nan,nan,nan,nan,nan,nan,nan,nan,nan,-0.028116000000000002,1.1315,-0.44368,nan,nan,nan,0.40391,nan,nan,0.19297999999999998,-0.24900999999999998,nan,0.49964,nan,nan,nan
6.0,1.3271,0.50756,nan,nan,nan,nan,nan,0.20048,0.60615,nan,nan,nan,1.3051,nan,nan,nan,nan,nan,nan,nan,nan,nan,nan,nan,1.1288,nan,nan,1.3768,nan,nan,nan,nan,nan,nan,nan,nan,nan,nan,nan,nan,nan,nan,nan,nan,nan,nan,nan,nan,-0.71754,-0.6748,nan,nan,nan,nan,nan,nan,nan,-0.8268399999999999,nan,nan
6.0,-0.086535,nan,nan,0.33562,nan,nan,nan,nan,nan,nan,nan,nan,nan,nan,nan,nan,nan,1.0442,nan,nan,nan,nan,nan,nan,nan,nan,nan,nan,nan,nan,nan,-0.23238000000000003,nan,nan,-0.9308299999999999,nan,nan,0.44431000000000004,nan,-0.27564,nan,nan,nan,nan,nan,nan,-1.2578,nan,nan,nan,-1.4576,nan,-0.8351,nan,nan,nan,nan,nan,nan,nan
6.0,0.47143,nan,nan,nan,nan,nan,nan,nan,0.48688000000000003,1.126,nan,1.4085,nan,1.5909,nan,nan,nan,nan,nan,1.3466,1.6271,nan,nan,nan,nan,-0.10386,nan,nan,nan,nan,nan,nan,nan,nan,-1.5959,nan,-1.3888,-0.36209,nan,nan,-0.97836,nan,nan,nan,-1.6952,nan,nan,nan,-0.85091,nan,nan,nan,nan,nan,nan,nan,nan,-1.2243,nan,nan
6.0,-0.13652,1.3097,nan,1.1214,nan,1.2251,nan,nan,1.2752,nan,nan,nan,nan,-0.016412,nan,nan,1.7346,nan,nan,nan,nan,nan,nan,nan,nan,nan,nan,nan,nan,0.1849,0.8287,nan,nan,nan,nan,-1.1821,nan,nan,nan,nan,-0.73685,nan,nan,nan,nan,-0.079081,nan,nan,nan,nan,nan,nan,-0.23485999999999999,nan,nan,-1.2194,nan,nan,nan,nan
6.0,1.1948,nan,nan,0.51413,nan,nan,nan,nan,nan,nan,nan,nan,nan,nan,nan,nan,nan,0.13895,nan,1.2484,nan,nan,nan,nan,nan,1.2205,nan,nan,nan,nan,1.3929,nan,nan,nan,nan,nan,nan,nan,nan,nan,nan,nan,nan,nan,-1.1412,-0.63122,nan,nan,nan,nan,nan,nan,nan,nan,nan,-1.0306,nan,nan,nan,-0.6601199999999999
6.0,1.0125,nan,nan,nan,nan,nan,nan,nan,nan,nan,nan,nan,0.41961000000000004,nan,1.2466,nan,nan,1.0353,nan,nan,0.29863,nan,nan,nan,nan,nan,1.1298,nan,-0.14345,nan,nan,-0.1228,nan,-0.31727,nan,nan,nan,nan,nan,-0.45331000000000005,nan,nan,nan,nan,nan,nan,nan,-1.4454,nan,nan,nan,nan,nan,nan,nan,nan,nan,nan,nan,nan
6.0,0.15705,nan,nan,nan,nan,nan,nan,nan,nan,nan,nan,nan,nan,nan,0.40186,nan,nan,0.91622,nan,nan,nan,nan,1.2703,nan,nan,nan,nan,nan,nan,0.40765999999999997,1.38,nan,nan,nan,0.54003,nan,nan,-0.75062,nan,nan,nan,nan,nan,nan,nan,nan,nan,nan,nan,nan,nan,nan,nan,nan,nan,-0.62221,nan,nan,nan,nan
6.0,1.285,nan,nan,0.6983699999999999,nan,nan,nan,nan,nan,nan,nan,0.55099,nan,0.19941,nan,nan,0.59824,0.72183,nan,nan,nan,1.5155,nan,nan,nan,1.3787,nan,nan,-0.6026199999999999,nan,-0.83868,nan,nan,nan,nan,nan,nan,-0.75061,nan,-0.33198,nan,nan,nan,nan,nan,-1.6568,-0.8533799999999999,nan,-0.55104,nan,nan,-0.87739,nan,nan,nan,nan,-0.57013,nan,nan,nan
6.0,1.569,nan,nan,nan,nan,nan,0.88889,0.54652,nan,nan,nan,nan,0.20389000000000002,nan,nan,nan,nan,nan,nan,nan,0.9572200000000001,nan,nan,-1.5225,nan,nan,nan,nan,nan,0.26275,nan,nan,nan,nan,nan,nan,nan,-0.4887,nan,-1.0849,nan,nan,nan,-0.92758,nan,nan,-1.2486,-0.56803,nan,nan,-1.0885,nan,-1.3556,nan,nan,nan,nan,-0.35513,nan,nan
6.0,1.8625,1.091,1.1375,nan,nan,nan,nan,nan,0.63739,nan,nan,nan,nan,0.68448,nan,nan,nan,nan,nan,nan,nan,0.079037,-0.49628999999999995,nan,nan,nan,-1.3535,nan,0.47163,0.39266999999999996,nan,nan,nan,0.17799,nan,nan,nan,nan,nan,-0.28305,nan,-0.66945,nan,nan,nan,nan,nan,nan,nan,nan,nan,nan,nan,nan,nan,nan,nan,nan,nan,nan
6.0,1.0205,nan,nan,nan,nan,nan,nan,nan,1.4558,nan,1.4282,nan,nan,nan,nan,nan,0.78497,0.57208,nan,nan,1.4665,nan,nan,nan,nan,nan,nan,-0.98474,nan,-0.7955800000000001,nan,-0.78455,nan,nan,-1.1377,nan,nan,-0.5655,nan,nan,nan,nan,nan,nan,nan,nan,-0.43927,nan,nan,nan,nan,nan,nan,-1.0076,nan,nan,-0.7649600000000001,nan,nan,nan
6.0,0.34628000000000003,0.22041999999999998,nan,nan,nan,nan,nan,1.371,0.70524,nan,nan,nan,nan,nan,nan,nan,0.34139,nan,1.15,nan,nan,nan,nan,0.9689200000000001,nan,nan,0.026093,nan,0.92973,nan,nan,nan,nan,nan,1.2056,nan,nan,nan,nan,nan,nan,nan,-0.50136,nan,nan,-1.0113,nan,nan,nan,-0.58759,nan,nan,nan,nan,-0.9969100000000001,nan,nan,nan,nan,nan
6.0,0.47857,nan,0.4482,1.2424,nan,nan,nan,1.0325,nan,nan,nan,nan,0.9923700000000001,nan,1.2357,nan,0.50278,1.3306,nan,nan,nan,nan,nan,nan,nan,nan,nan,nan,nan,nan,-1.2429,-1.4143,-0.38708000000000004,nan,-0.94896,nan,nan,-0.7255,nan,-1.4065,nan,-0.9354899999999999,nan,nan,nan,nan,nan,nan,-0.72507,nan,nan,nan,nan,nan,nan,nan,-0.64222,nan,nan,nan
6.0,1.6512,nan,nan,nan,nan,0.97762,nan,nan,nan,nan,nan,nan,nan,nan,nan,nan,nan,nan,nan,nan,nan,nan,nan,nan,nan,nan,nan,nan,nan,nan,-1.5116,nan,-0.77093,nan,nan,nan,nan,nan,-1.0635,nan,nan,nan,nan,nan,nan,nan,nan,nan,nan,nan,-1.1228,-0.37516,nan,nan,nan,nan,nan,nan,nan,nan
6.0,1.1023,nan,nan,nan,1.1713,nan,nan,nan,1.1475,-0.16374,nan,nan,0.96181,nan,0.29748,nan,nan,nan,nan,nan,nan,0.27214,0.50305,nan,-0.13815,0.2498,nan,nan,nan,nan,0.37493000000000004,nan,nan,nan,nan,nan,nan,nan,nan,nan,nan,nan,-0.45008000000000004,nan,nan,nan,-0.8680899999999999,nan,nan,nan,nan,nan,nan,nan,nan,nan,nan,nan,nan,nan
6.0,-0.56742,nan,nan,nan,nan,nan,nan,nan,nan,nan,1.5358,1.0763,nan,nan,nan,nan,nan,nan,nan,nan,nan,nan,0.36077,0.88439,1.2782,nan,nan,nan,0.20264000000000001,nan,nan,nan,1.5207,nan,nan,0.20523000000000002,nan,nan,nan,nan,nan,nan,nan,nan,nan,nan,nan,nan,nan,nan,nan,-0.71801,nan,nan,-1.57,nan,nan,nan,nan,nan
6.0,1.2647,1.6697,nan,nan,1.1944,nan,nan,1.2928,nan,-0.033104,nan,nan,0.8871100000000001,nan,nan,0.5967399999999999,nan,0.5332899999999999,nan,nan,nan,nan,nan,nan,nan,nan,nan,nan,nan,nan,nan,nan,-0.048208999999999995,nan,nan,nan,nan,nan,nan,nan,nan,-0.54579,nan,nan,nan,nan,-0.012019,-1.7491,-1.8519,nan,nan,-0.72149,nan,nan,-0.5052800000000001,-1.7534,nan,nan,-0.9518200000000001,-0.40035
6.0,1.1513,nan,nan,nan,nan,nan,nan,nan,0.59119,1.0446,nan,nan,nan,nan,nan,1.0936,nan,nan,nan,nan,nan,1.1361,nan,nan,nan,0.39154,0.10493,nan,nan,nan,nan,1.0288,nan,nan,1.0852,nan,nan,nan,nan,nan,-0.39145,nan,nan,-0.57755,nan,nan,-1.8394,nan,nan,nan,nan,nan,nan,nan,nan,nan,-1.3941,-0.81745,nan,nan
6.0,1.0239,nan,nan,0.38532,nan,nan,0.64995,nan,0.80288,nan,nan,-0.07750800000000001,nan,nan,nan,0.94606,nan,nan,0.061413999999999996,nan,nan,nan,nan,1.3474,nan,-0.29603,nan,0.1251,nan,nan,1.2746,nan,0.5041399999999999,nan,nan,nan,nan,nan,nan,nan,nan,nan,nan,-0.8941399999999999,nan,nan,nan,-1.4591,nan,nan,nan,nan,nan,nan,nan,nan,nan,nan,nan,nan
6.0,1.359,nan,nan,nan,nan,nan,nan,1.0367,1.6355,nan,nan,nan,nan,nan,nan,1.7716,nan,nan,1.5166,nan,1.68,nan,-0.9717899999999999,nan,nan,-1.2563,nan,nan,nan,nan,nan,nan,nan,nan,nan,nan,nan,nan,nan,-0.22635999999999998,nan,nan,nan,nan,nan,nan,nan,nan,nan,nan,nan,-0.8585200000000001,nan,nan,-0.089236,nan,nan,-0.97459,-0.8547100000000001,nan
6.0,0.69353,nan,nan,nan,0.84503,nan,nan,nan,nan,nan,0.435,1.8324,nan,nan,nan,0.35323000000000004,nan,nan,nan,nan,nan,0.53845,nan,-1.6539,nan,nan,0.22713000000000003,nan,nan,-1.3835,-0.50712,nan,nan,nan,nan,nan,-1.5423,nan,nan,nan,-1.2819,nan,nan,nan,-1.3043,nan,-0.60664,nan,0.5562600000000001,nan,nan,nan,nan,nan,nan,nan,nan,nan,nan,-0.29164
6.0,1.5535,nan,nan,nan,1.4501,1.0025,nan,nan,1.3306,nan,nan,nan,nan,nan,nan,nan,0.79767,nan,nan,0.78861,nan,nan,nan,nan,nan,nan,nan,nan,-0.70611,nan,nan,-0.97054,nan,nan,nan,nan,nan,nan,nan,nan,nan,-0.8841899999999999,nan,nan,nan,0.054577999999999995,nan,nan,nan,-0.72839,nan,nan,nan,-0.93437,nan,nan,nan,nan,0.11267,nan
6.0,0.060546,nan,nan,nan,nan,nan,nan,nan,nan,nan,nan,nan,nan,0.57609,0.5737399999999999,0.6514,nan,nan,-0.14445,nan,1.1601,nan,nan,nan,nan,0.036388,nan,nan,2.0168,nan,-0.034231,nan,nan,nan,nan,nan,nan,nan,nan,nan,nan,nan,-1.5818,nan,nan,nan,nan,nan,nan,nan,-1.8478,nan,nan,nan,-1.6542,nan,nan,nan,nan,nan
6.0,0.33165,nan,nan,nan,nan,nan,0.51786,nan,nan,nan,1.3528,nan,nan,nan,0.6028,nan,nan,1.2467,nan,nan,nan,nan,nan,0.9429299999999999,nan,0.89781,0.59673,nan,nan,nan,1.3584,nan,-1.1221,-1.3833,nan,nan,nan,-1.3401,-0.953,nan,nan,nan,-0.88665,nan,nan,nan,nan,nan,-1.0427,-1.3611,nan,-0.66805,-1.016,nan,nan,nan,nan,-1.0789,nan,nan
6.0,0.85305,nan,nan,0.45411999999999997,nan,nan,nan,nan,nan,nan,nan,nan,nan,nan,nan,nan,nan,nan,0.8146899999999999,nan,nan,nan,nan,1.1208,nan,nan,nan,nan,nan,nan,nan,nan,-1.4601,nan,nan,nan,nan,nan,nan,nan,-0.9223899999999999,nan,nan,-0.51266,nan,nan,nan,-0.7593300000000001,-0.47691000000000006,nan,nan,nan,nan,nan,nan,nan,nan,nan,nan,nan
6.0,1.5876,nan,nan,nan,nan,0.52882,nan,nan,nan,nan,nan,0.97359,nan,nan,nan,nan,nan,nan,nan,nan,nan,nan,0.21911,nan,1.3442,nan,nan,nan,nan,nan,nan,nan,nan,0.099692,nan,nan,-1.6605,nan,nan,nan,nan,nan,nan,nan,nan,-1.514,-1.3014,nan,-0.43167,nan,nan,nan,nan,nan,nan,-0.080944,nan,nan,nan,nan
6.0,0.47453999999999996,nan,nan,1.3905,nan,nan,0.66848,nan,nan,nan,nan,nan,nan,nan,0.4742,nan,nan,nan,nan,0.76205,nan,nan,nan,nan,nan,nan,nan,nan,nan,nan,nan,nan,nan,nan,nan,nan,nan,nan,nan,nan,nan,nan,-0.43864,nan,-1.3854,nan,nan,nan,nan,nan,nan,-0.75954,nan,nan,nan,nan,nan,nan,nan,nan
6.0,1.8124,nan,nan,1.5238,nan,nan,nan,nan,0.7296600000000001,nan,nan,nan,0.19509,nan,nan,1.3525,nan,nan,nan,nan,nan,nan,nan,-1.4612,nan,nan,-0.31435,nan,nan,nan,nan,-0.25122,nan,nan,nan,nan,nan,nan,nan,nan,nan,nan,nan,nan,nan,nan,nan,nan,nan,-1.0825,nan,nan,nan,nan,nan,nan,-0.59451,-0.11845,-0.79251,nan
6.0,0.42439,0.49651999999999996,nan,nan,1.2302,1.1712,nan,2.2451,nan,nan,1.5816,nan,nan,nan,nan,nan,nan,nan,nan,nan,nan,nan,nan,nan,-0.19477,nan,nan,-1.3088,nan,nan,nan,nan,nan,nan,nan,nan,0.056366,-0.59713,-1.1639,0.10613,-1.02,nan,0.14620999999999998,nan,nan,nan,-1.1982,-0.73726,nan,nan,nan,-0.73825,-1.1279,-1.3441,nan,nan,nan,nan,nan,nan
6.0,0.33701,nan,nan,nan,nan,nan,nan,1.1501,nan,nan,nan,nan,nan,nan,nan,nan,nan,nan,nan,nan,nan,1.0849,0.17206,nan,nan,nan,nan,nan,nan,nan,nan,nan,nan,nan,nan,nan,nan,nan,nan,nan,nan,nan,nan,nan,nan,-0.36634,-1.6009,nan,nan,nan,nan,-0.14819000000000002,nan,nan,nan,nan,nan,nan,-0.62092,nan
6.0,-0.50865,nan,-0.30111,nan,nan,nan,-0.025958,nan,nan,nan,0.041175,1.5883,nan,nan,nan,nan,nan,nan,nan,nan,0.065727,nan,nan,nan,1.3423,nan,nan,0.47501000000000004,nan,nan,nan,nan,nan,nan,nan,nan,nan,nan,nan,nan,nan,nan,nan,-0.29112,nan,nan,nan,-0.29465,nan,nan,nan,nan,nan,nan,nan,nan,nan,nan,nan,-0.2029
6.0,1.3004,nan,nan,nan,nan,nan,nan,nan,nan,nan,1.419,nan,nan,nan,nan,1.585,nan,nan,nan,nan,nan,nan,0.42325,nan,nan,nan,nan,nan,nan,1.6476,0.7388899999999999,nan,nan,nan,nan,-0.30685,nan,-0.7450899999999999,nan,nan,nan,-1.3667,nan,-1.4288,-1.4139,-0.57791,nan,-0.9279,nan,nan,nan,nan,nan,nan,nan,nan,-0.96419,nan,nan,nan
6.0,0.87602,nan,nan,1.1632,nan,nan,0.26819,0.3462,nan,nan,nan,nan,nan,nan,nan,nan,nan,nan,0.74579,nan,nan,0.84604,nan,nan,nan,nan,nan,nan,0.19055999999999998,nan,nan,nan,0.39523,0.9930899999999999,nan,0.22241999999999998,nan,nan,nan,nan,nan,nan,nan,nan,nan,nan,nan,nan,nan,nan,nan,nan,nan,-1.4495,nan,-0.79748,nan,nan,nan,nan
6.0,0.1188,nan,nan,nan,nan,nan,1.4402,nan,0.77658,nan,0.16527999999999998,nan,nan,0.42523999999999995,nan,nan,1.0212,nan,1.3259999999999998,0.57616,nan,nan,nan,nan,nan,nan,nan,nan,nan,nan,nan,0.56967,nan,nan,nan,nan,nan,nan,nan,-0.8083899999999999,nan,nan,nan,nan,nan,nan,nan,-1.4185,nan,nan,nan,nan,nan,-1.5237,nan,nan,nan,nan,nan,-1.4683
6.0,0.9878,nan,nan,1.6952,nan,nan,nan,nan,nan,nan,nan,nan,nan,0.29416,nan,nan,nan,nan,nan,nan,nan,1.0834,nan,nan,nan,-1.4119,nan,nan,nan,nan,nan,nan,nan,nan,nan,nan,nan,nan,nan,nan,nan,nan,nan,nan,-0.6301800000000001,nan,nan,-0.33946,nan,nan,-0.89595,nan,nan,nan,-0.08455599999999999,nan,nan,nan,-0.9801700000000001,0.1772
6.0,1.64,nan,1.0278,nan,nan,nan,nan,nan,1.1952,nan,nan,nan,nan,nan,nan,1.3605,nan,nan,nan,nan,nan,nan,nan,-0.5714100000000001,nan,nan,nan,nan,nan,nan,nan,nan,nan,nan,nan,nan,-0.7438100000000001,nan,nan,-0.80379,nan,nan,-0.43906999999999996,nan,nan,nan,nan,nan,nan,-0.046442000000000004,nan,nan,-0.20853000000000002,nan,nan,-0.72745,nan,nan,nan,nan
6.0,1.8206,nan,nan,nan,nan,nan,nan,nan,nan,1.8436,nan,nan,nan,nan,nan,nan,nan,nan,nan,nan,nan,nan,nan,nan,nan,nan,nan,-0.40886,nan,nan,-1.1287,nan,-0.5310199999999999,nan,nan,-0.51068,nan,nan,-1.0176,nan,nan,-0.39277,nan,nan,nan,nan,nan,nan,nan,nan,-0.46362,nan,nan,nan,nan,nan,nan,nan,-0.3542,nan
6.0,0.70933,nan,0.8247200000000001,nan,nan,nan,nan,nan,nan,0.47533000000000003,nan,nan,nan,1.264,nan,nan,0.8982399999999999,nan,nan,nan,0.76407,nan,0.90833,nan,nan,nan,nan,nan,nan,nan,nan,nan,nan,nan,nan,nan,-1.2033,nan,nan,nan,-1.3376,nan,nan,nan,nan,nan,nan,-0.6222,nan,nan,nan,nan,nan,nan,nan,nan,nan,nan,nan,nan
6.0,1.8981,nan,nan,nan,nan,nan,nan,nan,nan,nan,0.41125,nan,nan,nan,nan,nan,0.7019,nan,nan,0.8710600000000001,nan,nan,nan,-1.3138,nan,nan,nan,nan,-0.095532,-0.86125,-0.0014873,-0.7991199999999999,nan,nan,nan,nan,nan,nan,nan,nan,nan,nan,nan,nan,nan,nan,nan,nan,-1.2446,nan,nan,nan,nan,nan,nan,nan,nan,nan,nan,-0.6522399999999999
6.0,-0.13475,1.6895,nan,nan,nan,nan,0.7841199999999999,nan,nan,1.0426,nan,nan,nan,1.0417,nan,nan,nan,nan,nan,nan,nan,nan,nan,nan,nan,nan,nan,nan,nan,nan,nan,0.12385,nan,nan,nan,nan,nan,nan,nan,-1.6463,nan,nan,nan,-1.2749,-0.12769,nan,nan,-1.4007,nan,nan,nan,nan,nan,nan,-1.7252,nan,nan,-0.33371999999999996,nan,nan
6.0,0.94757,nan,1.2804,1.1664,nan,nan,0.66722,1.6003,nan,0.70402,nan,nan,1.7272,nan,nan,nan,1.1727,nan,nan,nan,nan,nan,nan,nan,nan,nan,nan,nan,nan,nan,-0.47723999999999994,nan,nan,nan,nan,nan,nan,nan,nan,nan,nan,-0.25991,nan,-1.4582,-1.6071,nan,nan,nan,nan,nan,nan,nan,nan,-0.83806,nan,nan,-0.43981000000000003,nan,nan,-1.2234
6.0,0.8997700000000001,nan,nan,nan,0.8988,nan,nan,nan,nan,nan,1.4380000000000002,nan,1.2728,nan,nan,0.80192,nan,1.0833,nan,nan,nan,nan,nan,1.0872,nan,nan,0.96255,nan,nan,nan,nan,nan,nan,nan,nan,nan,nan,nan,nan,nan,nan,nan,nan,nan,nan,nan,nan,nan,nan,nan,nan,nan,nan,nan,nan,nan,nan,nan,-1.2652,nan
6.0,1.4663,nan,nan,0.63726,nan,nan,nan,nan,0.42883000000000004,nan,0.45603,nan,nan,nan,0.87975,nan,nan,nan,nan,1.5442,nan,nan,nan,nan,nan,nan,nan,-0.41486000000000006,nan,nan,nan,nan,nan,nan,nan,nan,nan,nan,-0.19307,nan,nan,-1.36,nan,nan,nan,nan,nan,nan,nan,nan,nan,nan,nan,nan,nan,nan,nan,nan,-1.3286,nan
6.0,1.2139,1.0054,nan,nan,nan,1.4631,0.9093200000000001,nan,0.9384600000000001,nan,1.0947,0.45216999999999996,nan,nan,0.72459,nan,nan,nan,nan,nan,nan,nan,nan,nan,nan,nan,nan,nan,0.66419,nan,nan,nan,nan,nan,-1.525,nan,nan,nan,nan,nan,-0.97541,nan,nan,-0.9772299999999999,nan,nan,nan,-0.98701,nan,-1.3673,nan,nan,nan,nan,-1.032,nan,-1.2637,nan,nan,nan
6.0,1.5114,nan,nan,nan,nan,0.06335,nan,nan,nan,nan,nan,nan,nan,nan,nan,nan,nan,nan,nan,nan,nan,nan,nan,nan,-0.54715,nan,nan,-0.21648,nan,nan,nan,0.21706,nan,-0.12025,-0.8624,nan,nan,nan,nan,nan,nan,nan,nan,-1.7778,-0.1641,nan,nan,nan,nan,nan,nan,nan,nan,nan,nan,nan,nan,nan,-0.22107,nan
6.0,0.80584,nan,1.0393,nan,nan,nan,nan,nan,nan,nan,nan,nan,1.1538,1.2766,nan,nan,nan,0.81487,nan,nan,nan,nan,nan,nan,nan,nan,0.7582399999999999,nan,nan,nan,nan,nan,1.2555,nan,-1.0105,nan,nan,nan,nan,nan,nan,-1.5534,-0.6806300000000001,nan,nan,nan,nan,-0.62117,nan,nan,nan,nan,nan,nan,nan,-1.1074,-0.76144,nan,nan,nan
6.0,0.41791000000000006,1.5448,nan,nan,nan,nan,0.7461399999999999,nan,nan,nan,nan,nan,nan,0.39459,nan,1.7043,nan,nan,nan,nan,nan,nan,nan,nan,nan,nan,nan,nan,nan,nan,nan,nan,nan,nan,nan,nan,nan,nan,-1.5627,nan,nan,nan,nan,nan,nan,nan,nan,nan,nan,nan,nan,nan,nan,nan,nan,nan,nan,-0.054488,-0.75197,nan
6.0,0.9659,0.6401600000000001,0.48086,nan,nan,nan,0.6299399999999999,nan,nan,nan,nan,nan,nan,nan,nan,nan,nan,1.1242,nan,nan,nan,nan,0.3392,nan,nan,0.93294,nan,nan,0.34501,nan,nan,1.0567,0.499,nan,nan,-0.62632,-1.6283,nan,nan,nan,nan,nan,nan,-0.64263,nan,nan,nan,nan,nan,nan,nan,nan,nan,nan,-0.48101000000000005,nan,nan,nan,nan,nan
6.0,0.35497,0.10965,0.2389,0.91002,nan,nan,0.72888,nan,nan,nan,nan,nan,nan,0.32031,nan,nan,nan,0.99465,nan,nan,nan,0.5119600000000001,nan,nan,nan,nan,1.1101,nan,nan,nan,nan,nan,0.53522,nan,nan,nan,nan,nan,nan,nan,nan,-1.2298,nan,-1.8149,nan,nan,nan,nan,-0.75148,nan,nan,nan,nan,nan,nan,-1.2622,nan,nan,nan,nan
