4.0,-0.8414200000000001,nan,nan,-0.25236,nan,0.30978,nan,nan,nan,1.3606,nan,nan,nan,nan,nan,nan,nan,nan,0.25916,0.0031474,nan,nan,-0.72236,nan,nan,nan,nan,nan,nan,nan,nan,nan,nan,1.7215,nan,1.5130000000000001,nan,nan,1.7266,nan,nan,1.3705,nan,0.81722,nan,nan,nan,-0.30718,nan,nan,-0.5503899999999999,nan,nan,nan,nan,nan,nan,-1.1395,nan,-1.0839,-1.0095,nan,nan,nan,nan,-0.76435,nan,nan,-0.8366600000000001,-0.9661299999999999,-1.0693,-1.1614,nan,nan,nan,nan,nan,-0.81743,-0.67327,nan
8.0,-0.65757,-0.57131,-0.34851,nan,nan,nan,nan,0.9456399999999999,1.1752,1.4173,nan,nan,nan,nan,nan,nan,0.86044,nan,nan,0.1691,-0.09855900000000001,nan,nan,nan,nan,nan,nan,0.16077,0.39713000000000004,nan,nan,1.0817,1.3108,1.5517,nan,1.5583,nan,nan,nan,nan,nan,1.3102,nan,nan,nan,nan,nan,nan,nan,nan,nan,nan,nan,-1.026,nan,nan,nan,nan,nan,nan,nan,nan,nan,nan,nan,-1.026,nan,nan,nan,nan,nan,-1.026,nan,nan,-1.026,nan,nan,-1.026,nan,-1.026
8.0,-0.60677,nan,nan,nan,nan,nan,nan,nan,nan,nan,nan,nan,nan,nan,nan,nan,1.1453,nan,0.70795,nan,0.19848,nan,nan,nan,-0.6310899999999999,nan,nan,nan,nan,0.42458,nan,nan,nan,nan,nan,nan,nan,nan,nan,nan,nan,nan,1.0656,nan,nan,0.34519,nan,nan,-0.32811,-0.5332600000000001,nan,nan,nan,nan,nan,-1.0379,nan,-1.0379,nan,nan,nan,nan,nan,nan,nan,nan,nan,nan,nan,-1.0379,nan,nan,nan,nan,nan,nan,nan,nan,nan,nan
5.0,-0.82578,-0.81114,nan,nan,nan,nan,nan,nan,nan,1.4973,nan,nan,nan,nan,nan,1.1559,0.8315799999999999,0.57723,nan,-0.027293,-0.32263000000000003,nan,nan,nan,nan,nan,nan,-0.094597,nan,nan,0.8238200000000001,nan,1.4203,nan,nan,nan,nan,nan,1.5866,nan,nan,nan,nan,0.8259200000000001,nan,0.22486,-0.066187,-0.36446,nan,nan,-0.63372,-0.70463,-0.81712,-0.99521,nan,nan,nan,-1.1718,nan,nan,nan,nan,-0.78682,-0.68125,nan,nan,nan,nan,nan,nan,nan,-1.2561,nan,nan,nan,nan,nan,-0.61426,-0.501,nan
8.0,-0.6038399999999999,-0.51371,nan,nan,nan,nan,nan,0.94471,nan,nan,nan,1.4291,nan,nan,nan,nan,nan,nan,nan,nan,nan,nan,nan,nan,nan,nan,nan,nan,nan,nan,0.7861199999999999,nan,nan,1.5031,nan,nan,nan,1.4317,1.4811,nan,nan,1.3613,nan,0.87789,nan,nan,0.13935999999999998,-0.093822,nan,nan,nan,nan,-1.0313,nan,nan,-1.0313,nan,nan,-1.0313,nan,nan,nan,nan,nan,nan,-1.0313,nan,nan,nan,nan,-1.0313,nan,nan,nan,nan,nan,-1.0313,nan,nan,nan
8.0,-0.58582,nan,nan,nan,nan,nan,0.6399100000000001,nan,nan,nan,nan,nan,1.5162,1.5646,1.3786,nan,nan,nan,0.52618,0.27678,nan,nan,nan,nan,nan,-0.43355,nan,0.01995,nan,nan,nan,nan,1.2037,nan,nan,1.6095,nan,1.4414,nan,nan,1.5323,1.3023,nan,nan,nan,nan,nan,-0.079669,nan,-0.49318,nan,nan,nan,-1.0332,nan,nan,nan,nan,nan,nan,nan,nan,nan,nan,-1.0332,nan,nan,nan,-1.0332,nan,-1.0332,nan,nan,nan,-1.0332,nan,-1.0332,nan,nan,nan
8.0,-0.57411,-0.49085,nan,-0.08656,0.18662,nan,nan,nan,nan,nan,1.5741,nan,nan,nan,nan,1.4772,nan,nan,0.8689100000000001,nan,nan,nan,nan,nan,nan,nan,nan,-0.28641,nan,nan,nan,nan,nan,nan,1.4311,nan,nan,nan,nan,nan,nan,nan,nan,nan,nan,0.42008,nan,-0.077204,-0.32261999999999996,nan,nan,-1.0464,nan,-1.0464,nan,nan,nan,-1.0464,nan,nan,nan,-1.0464,nan,nan,-1.0464,nan,nan,nan,nan,nan,nan,-1.0464,nan,-1.0464,nan,nan,nan,-1.0464,nan,-1.0464
8.0,-0.58572,nan,nan,-0.08894400000000001,nan,nan,nan,0.95799,nan,nan,1.4757,nan,nan,1.4899,nan,nan,nan,nan,nan,nan,nan,nan,nan,-0.5837,nan,-0.40326,nan,0.059934,nan,nan,nan,nan,nan,nan,nan,nan,nan,1.3994,nan,nan,nan,1.3083,1.0536,nan,nan,nan,nan,nan,nan,nan,nan,-1.0385,nan,nan,nan,-1.0385,nan,nan,nan,nan,nan,-1.0385,nan,-1.0385,nan,nan,nan,nan,nan,nan,nan,nan,nan,nan,nan,nan,-1.0385,nan,nan,-1.0385
7.0,-0.9286200000000001,nan,nan,nan,nan,nan,0.63568,nan,nan,nan,nan,1.5929,nan,nan,1.3597,nan,nan,nan,nan,nan,nan,-0.6169899999999999,nan,nan,nan,nan,nan,nan,nan,nan,nan,nan,nan,nan,nan,nan,nan,nan,nan,1.7466,nan,nan,nan,nan,nan,0.28546,nan,nan,nan,nan,-0.35139000000000004,nan,nan,nan,-0.9587200000000001,nan,nan,nan,nan,nan,nan,nan,nan,nan,nan,nan,nan,-0.7743899999999999,nan,nan,nan,nan,nan,nan,nan,nan,nan,nan,nan,nan
8.0,-0.6,nan,nan,nan,nan,nan,nan,nan,nan,1.4169,nan,nan,nan,nan,nan,nan,nan,nan,nan,nan,-0.12941,nan,nan,nan,-0.5180600000000001,nan,nan,nan,nan,0.6270100000000001,nan,nan,nan,nan,nan,nan,nan,nan,1.4523,nan,1.6289,nan,nan,nan,0.66502,0.39075,0.14039000000000001,-0.10515,nan,nan,-1.0358,nan,nan,nan,nan,nan,nan,nan,nan,nan,nan,nan,-1.0358,nan,nan,nan,nan,-1.0358,-1.0358,nan,nan,nan,nan,nan,nan,nan,nan,-1.0358,nan,-1.0358
5.0,-0.85188,nan,nan,nan,nan,nan,nan,nan,nan,nan,nan,nan,nan,nan,1.4038,nan,nan,0.53158,nan,nan,nan,nan,nan,nan,nan,-0.63762,nan,nan,nan,nan,nan,nan,nan,nan,nan,nan,nan,nan,nan,nan,1.6680000000000001,nan,nan,nan,nan,nan,nan,nan,-0.63289,nan,nan,nan,-0.70939,nan,nan,nan,nan,nan,-1.1735,nan,nan,nan,nan,nan,nan,nan,nan,nan,nan,nan,nan,nan,nan,-1.2847,nan,nan,nan,nan,nan,nan
8.0,-0.57009,nan,nan,nan,0.13455,nan,nan,0.89823,nan,nan,nan,nan,1.459,nan,nan,nan,nan,nan,nan,nan,nan,-0.20642,nan,nan,nan,nan,-0.17006,nan,nan,nan,nan,nan,nan,nan,1.5728,nan,nan,nan,nan,nan,nan,nan,nan,nan,nan,0.39579000000000003,nan,nan,-0.30888000000000004,nan,nan,nan,nan,nan,-1.046,nan,nan,nan,nan,nan,-1.046,nan,-1.046,nan,nan,-1.046,-1.046,nan,nan,-1.046,nan,-1.046,nan,nan,-1.046,nan,nan,nan,nan,nan
7.0,-0.52003,nan,nan,nan,nan,nan,0.6724100000000001,0.92285,nan,nan,1.4898,nan,nan,nan,nan,nan,nan,nan,nan,nan,nan,nan,nan,nan,nan,-0.22141,0.00067596,nan,nan,nan,nan,1.1427,nan,nan,nan,nan,nan,nan,nan,nan,1.5314,nan,nan,nan,0.64468,nan,0.16382,nan,nan,nan,nan,nan,nan,-1.0525,nan,nan,-1.0525,nan,nan,nan,nan,nan,nan,nan,nan,-1.0525,nan,-1.0525,nan,nan,nan,nan,nan,nan,nan,nan,nan,nan,nan,-1.0525
4.0,-0.8105600000000001,nan,nan,nan,nan,0.17059000000000002,nan,nan,0.9991,nan,nan,nan,nan,nan,nan,nan,nan,nan,nan,nan,nan,nan,-0.6419699999999999,nan,nan,nan,nan,nan,nan,nan,nan,1.0597,nan,nan,nan,nan,1.5932,nan,nan,1.6579,nan,nan,nan,0.86024,nan,0.29076,nan,nan,nan,nan,nan,nan,nan,-0.84001,-0.97985,nan,nan,nan,-1.1739,nan,nan,nan,nan,-0.7439399999999999,-0.63484,nan,nan,nan,nan,nan,nan,nan,nan,-1.2652,nan,nan,nan,nan,nan,-0.56074
4.0,-0.9636600000000001,-0.85926,nan,nan,-0.064515,nan,nan,nan,1.155,nan,1.6261,1.604,nan,nan,nan,1.2488,nan,nan,nan,nan,nan,nan,nan,-0.93848,nan,nan,nan,nan,nan,nan,nan,nan,nan,nan,nan,nan,nan,nan,nan,nan,nan,nan,nan,nan,nan,nan,0.00072222,nan,nan,nan,nan,nan,nan,nan,-0.9745,nan,nan,-1.2651,nan,nan,nan,nan,nan,nan,nan,nan,nan,nan,nan,nan,nan,nan,-1.3038,-1.2513,-1.0974,nan,nan,nan,nan,nan
4.0,-0.83299,-0.74285,nan,nan,nan,nan,nan,nan,nan,nan,nan,1.5138,1.4763,1.3195,nan,nan,nan,nan,nan,nan,-0.35839,nan,nan,nan,nan,nan,nan,0.15969,nan,nan,1.0089,nan,nan,nan,1.6137,1.5109,nan,nan,nan,nan,nan,1.4108,nan,nan,nan,nan,nan,nan,nan,nan,nan,nan,nan,nan,nan,nan,nan,-1.1547,-1.16,nan,-1.0137,nan,nan,nan,nan,nan,nan,nan,nan,-0.9996,nan,-1.2023,nan,-1.2106,nan,nan,-0.84462,nan,nan,nan
6.0,-0.92622,nan,nan,nan,nan,nan,0.6130800000000001,nan,nan,nan,nan,nan,nan,1.525,nan,nan,0.8132699999999999,nan,nan,nan,nan,nan,-0.85959,nan,nan,nan,nan,nan,nan,nan,nan,nan,nan,nan,1.5697,nan,nan,nan,nan,1.7616,nan,nan,nan,0.82742,nan,0.21131999999999998,-0.089692,nan,nan,nan,nan,nan,nan,nan,-1.0659,nan,nan,-1.2108,nan,-1.0982,nan,nan,-0.6973,nan,nan,nan,nan,nan,nan,nan,nan,nan,nan,nan,nan,nan,nan,-0.58513,-0.41881,-0.39325
3.0,-0.76246,-0.72588,nan,-0.30043000000000003,nan,nan,0.51093,nan,1.0090000000000001,nan,nan,nan,nan,nan,1.2525,nan,nan,nan,nan,nan,nan,nan,nan,-0.78603,-0.70732,nan,nan,nan,nan,nan,0.90591,nan,nan,nan,nan,nan,nan,nan,nan,nan,nan,1.4888,nan,nan,nan,nan,nan,-0.25708000000000003,nan,nan,nan,nan,nan,nan,nan,nan,-1.2459,nan,nan,nan,nan,nan,nan,nan,nan,nan,nan,nan,nan,nan,nan,nan,nan,-1.2904,-1.2597,nan,nan,nan,nan,nan
5.0,-0.83791,nan,-0.5753199999999999,-0.31388,nan,nan,nan,0.91085,1.1627,nan,nan,nan,1.3763,nan,nan,1.2341,nan,nan,nan,nan,nan,-0.6471,nan,nan,-0.8239,-0.6059100000000001,nan,nan,nan,nan,0.87074,nan,nan,nan,nan,1.4283,nan,nan,nan,1.6247,nan,1.4531,nan,0.8469399999999999,0.5239,nan,-0.13555,nan,-0.64113,nan,-0.40889000000000003,nan,nan,nan,nan,nan,-1.2946,nan,-1.3396,nan,nan,nan,nan,-0.56092,-0.44847,nan,nan,nan,nan,nan,nan,-1.3964,nan,nan,nan,-0.93301,nan,-0.52753,nan,nan
5.0,-0.77013,nan,nan,nan,nan,nan,0.52975,nan,nan,nan,nan,nan,nan,nan,nan,nan,0.6885,nan,nan,nan,nan,nan,-0.8001,-0.78359,nan,nan,nan,nan,nan,0.6511399999999999,nan,nan,nan,nan,1.6251,nan,nan,1.5548,nan,1.7328,nan,nan,1.1431,nan,nan,nan,nan,nan,nan,nan,nan,nan,nan,nan,-1.1794,nan,-1.2469,nan,nan,nan,nan,-0.8388899999999999,nan,nan,nan,nan,-0.81386,nan,nan,nan,-1.3214,-1.3266,nan,nan,nan,nan,nan,nan,nan,-0.52258
4.0,-0.8690899999999999,-0.7653300000000001,nan,nan,nan,0.24747,nan,0.81091,nan,1.3364,nan,nan,nan,1.439,nan,nan,nan,nan,nan,nan,nan,nan,nan,nan,nan,nan,-0.21325,nan,nan,nan,nan,nan,nan,nan,nan,nan,nan,nan,nan,nan,nan,nan,nan,nan,0.5485800000000001,nan,nan,nan,nan,nan,nan,nan,nan,nan,nan,nan,nan,nan,nan,-1.0948,nan,nan,-0.80235,nan,nan,nan,-0.7052,nan,nan,nan,nan,nan,-1.2398,-1.1089,nan,nan,nan,nan,-0.47876,nan
8.0,-0.64661,-0.53376,nan,nan,0.16157,nan,nan,nan,nan,nan,nan,1.3588,1.4561,nan,nan,nan,nan,nan,nan,nan,nan,nan,nan,nan,nan,nan,nan,0.04022,0.30566,nan,nan,nan,1.2632,nan,nan,nan,nan,nan,nan,1.4474,nan,nan,1.229,nan,nan,nan,0.201,nan,nan,nan,nan,nan,nan,-1.0338,nan,nan,nan,nan,-1.0338,nan,nan,nan,nan,nan,nan,nan,-1.0338,-1.0338,nan,-1.0338,nan,nan,-1.0338,nan,nan,-1.0338,nan,nan,-1.0338,nan
6.0,-0.8553,nan,nan,nan,nan,nan,nan,nan,nan,nan,nan,nan,1.5276,nan,1.5358,1.3030000000000002,nan,0.77453,nan,nan,-0.10364000000000001,nan,-0.66364,-0.83824,-0.8914799999999999,nan,nan,-0.24253000000000002,nan,nan,nan,nan,nan,nan,1.5536,nan,nan,nan,nan,nan,nan,1.3697,nan,0.80776,0.51093,nan,-0.10047,nan,nan,nan,nan,nan,nan,nan,-1.0309,nan,nan,nan,nan,nan,nan,nan,nan,nan,nan,nan,-0.58324,nan,nan,nan,nan,-1.2702,nan,nan,nan,-1.0182,nan,nan,nan,nan
8.0,-0.6916800000000001,nan,nan,nan,0.14155,nan,nan,nan,nan,nan,nan,nan,nan,nan,nan,nan,nan,nan,0.45016999999999996,nan,-0.034305,nan,nan,nan,nan,nan,-0.17292000000000002,nan,nan,nan,nan,nan,1.2592,nan,nan,1.6066,nan,nan,nan,nan,nan,nan,nan,nan,nan,nan,nan,nan,-0.37579,nan,nan,nan,nan,nan,nan,nan,nan,nan,nan,nan,nan,nan,nan,nan,nan,nan,nan,-1.0156,nan,nan,nan,nan,nan,nan,nan,nan,-1.0156,nan,nan,nan
6.0,-0.9345700000000001,nan,nan,nan,nan,nan,nan,0.82068,nan,nan,nan,nan,nan,nan,nan,nan,nan,nan,nan,0.2872,nan,nan,nan,nan,nan,nan,nan,nan,nan,nan,nan,nan,1.0438,1.3169,nan,nan,1.5428,nan,nan,1.587,nan,nan,nan,0.9147,nan,nan,nan,nan,nan,nan,nan,nan,nan,nan,-0.9638399999999999,-1.0598,nan,nan,nan,nan,nan,nan,-0.7124,nan,-0.56295,nan,nan,nan,nan,-0.82744,nan,nan,nan,nan,nan,nan,nan,-0.63718,nan,nan
8.0,-0.62355,nan,nan,nan,nan,nan,nan,nan,nan,nan,1.5242,1.5139,nan,nan,1.3917,nan,nan,0.80207,nan,0.32133,0.08744600000000001,nan,nan,-0.58877,nan,nan,-0.27289,-0.02995,nan,nan,nan,nan,nan,nan,nan,1.6276,nan,nan,1.5064,nan,nan,nan,1.0777,nan,0.60744,nan,0.14334000000000002,nan,nan,nan,nan,nan,nan,nan,-1.0296,nan,nan,nan,nan,nan,nan,nan,-1.0296,nan,nan,nan,nan,nan,nan,nan,nan,nan,nan,-1.0296,nan,-1.0296,nan,nan,nan,nan
8.0,-0.48931,nan,nan,-0.053232,nan,0.40015,nan,nan,nan,nan,1.4047,nan,nan,nan,nan,nan,nan,nan,nan,nan,nan,-0.28096,nan,nan,nan,-0.24844000000000002,nan,nan,nan,0.64359,nan,nan,nan,nan,nan,nan,nan,nan,nan,nan,nan,nan,nan,nan,nan,nan,nan,nan,nan,nan,nan,nan,-1.0624,nan,nan,nan,nan,-1.0624,nan,nan,nan,nan,nan,-1.0624,-1.0624,nan,-1.0624,nan,-1.0624,nan,nan,nan,nan,nan,nan,nan,nan,-1.0624,nan,-1.0624
8.0,-0.60321,nan,nan,nan,0.10962999999999999,nan,nan,nan,nan,nan,nan,1.4633,nan,nan,nan,1.0587,nan,nan,nan,nan,nan,nan,-0.5352100000000001,nan,nan,nan,nan,nan,0.43004,nan,0.8764700000000001,nan,nan,nan,nan,nan,nan,nan,nan,nan,nan,nan,1.0847,nan,nan,nan,0.14468,-0.10694000000000001,nan,nan,nan,-1.0282,nan,nan,nan,-1.0282,-1.0282,-1.0282,nan,nan,nan,nan,nan,nan,nan,nan,nan,nan,nan,nan,-1.0282,nan,-1.0282,nan,-1.0282,-1.0282,nan,nan,nan,nan
8.0,-0.55795,nan,nan,nan,nan,nan,nan,nan,nan,1.3079,1.48,nan,nan,nan,nan,nan,0.93353,nan,nan,nan,nan,nan,nan,nan,nan,nan,nan,nan,0.37640999999999997,nan,nan,1.1012,nan,nan,nan,nan,nan,nan,nan,nan,nan,nan,nan,nan,nan,nan,nan,-0.10315999999999999,nan,nan,-1.0491,nan,nan,nan,nan,nan,nan,nan,nan,nan,nan,nan,nan,nan,-1.0491,nan,nan,nan,-1.0491,-1.0491,nan,-1.0491,nan,-1.0491,nan,nan,-1.0491,nan,-1.0491,nan
8.0,-0.58658,nan,nan,nan,nan,nan,0.58978,0.8488600000000001,1.0274,1.2762,1.4153,nan,nan,nan,nan,nan,nan,nan,nan,nan,nan,nan,nan,nan,nan,nan,-0.027833,0.22230999999999998,nan,nan,nan,nan,nan,nan,1.6725,nan,nan,nan,nan,1.5906,nan,nan,nan,nan,0.6108100000000001,nan,nan,nan,nan,nan,nan,nan,nan,nan,-1.0421,nan,-1.0421,nan,nan,-1.0421,-1.0421,-1.0421,nan,nan,nan,nan,-1.0421,nan,-1.0421,-1.0421,nan,nan,-1.0421,nan,nan,nan,nan,nan,nan,nan
5.0,-0.84878,nan,nan,-0.33805999999999997,nan,nan,nan,nan,nan,nan,nan,nan,nan,nan,nan,nan,nan,nan,nan,nan,nan,nan,nan,nan,nan,nan,-0.40552,nan,0.19758,0.5018199999999999,nan,nan,nan,nan,1.5659,nan,nan,nan,nan,nan,nan,nan,nan,nan,nan,0.22426,nan,nan,nan,nan,nan,nan,nan,nan,nan,nan,nan,nan,nan,nan,nan,-0.70218,nan,nan,nan,nan,nan,nan,nan,nan,nan,nan,nan,nan,-1.0208,nan,nan,nan,nan,nan
8.0,-0.62997,nan,nan,-0.10668,0.15924000000000002,nan,nan,0.8792,nan,nan,nan,nan,nan,nan,nan,nan,nan,nan,nan,nan,-0.032164,nan,-0.50738,-0.61979,nan,nan,nan,nan,nan,nan,nan,1.0454,1.2786,nan,nan,nan,1.4919,nan,nan,nan,nan,nan,1.0934,nan,nan,nan,nan,nan,-0.35102,nan,nan,-1.0294,nan,nan,nan,nan,nan,nan,nan,nan,nan,nan,nan,nan,-1.0294,-1.0294,nan,-1.0294,nan,nan,nan,nan,nan,-1.0294,nan,nan,nan,nan,nan,-1.0294
4.0,-0.85683,-0.787,-0.589,nan,nan,nan,nan,nan,1.1054,nan,nan,nan,nan,1.4693,nan,1.0408,0.77822,nan,nan,nan,nan,nan,nan,-0.81335,nan,nan,nan,nan,0.34471,nan,0.91622,nan,1.5132,nan,nan,nan,nan,nan,nan,nan,nan,nan,nan,nan,nan,0.29741,-0.0059508,nan,nan,nan,nan,-0.65178,nan,nan,nan,nan,nan,-1.2245,nan,nan,-1.0282,nan,nan,nan,-0.6684899999999999,-0.63798,-0.7087,nan,-0.88702,nan,nan,nan,-1.2923,nan,-1.1571,-1.0521,nan,nan,nan,nan
5.0,-0.87571,nan,-0.56079,-0.28318000000000004,nan,0.3173,nan,nan,nan,nan,nan,nan,nan,nan,1.4069999999999998,nan,nan,nan,0.31276,nan,-0.2417,nan,nan,-0.85582,nan,-0.57197,nan,nan,nan,nan,nan,nan,nan,nan,nan,1.4549,nan,nan,nan,nan,1.6588,nan,nan,nan,nan,0.29258,nan,-0.3058,nan,nan,nan,nan,-0.79271,nan,nan,-1.1217,nan,nan,nan,nan,nan,-0.9059799999999999,nan,nan,nan,nan,nan,nan,nan,nan,nan,-1.1433,nan,nan,-1.2387,nan,nan,nan,nan,-0.48958
5.0,-0.90648,nan,nan,nan,nan,nan,nan,nan,nan,nan,nan,nan,nan,nan,nan,nan,nan,nan,nan,0.11600999999999999,-0.17754,nan,-0.68283,nan,nan,nan,nan,nan,0.21828000000000003,nan,nan,nan,nan,nan,nan,1.4928,nan,nan,1.5494,nan,nan,nan,nan,0.77989,nan,nan,nan,nan,-0.6228,nan,nan,-0.67489,nan,-0.93855,-1.0490000000000002,-1.1886,-1.2091,nan,nan,nan,-1.0004,nan,nan,nan,nan,nan,nan,nan,nan,nan,nan,nan,nan,nan,nan,nan,nan,nan,nan,nan
7.0,-0.66037,nan,nan,nan,0.093847,nan,nan,nan,nan,nan,nan,nan,1.5665,nan,nan,nan,nan,nan,0.6361399999999999,nan,nan,nan,nan,nan,nan,nan,nan,nan,nan,nan,nan,0.8608600000000001,nan,nan,nan,nan,nan,nan,nan,nan,1.5634,nan,nan,nan,nan,nan,nan,nan,nan,nan,-1.0197,-1.0197,nan,nan,nan,-1.0197,nan,nan,nan,nan,nan,-1.0197,-1.0197,nan,-1.0197,nan,nan,nan,nan,nan,nan,nan,nan,-1.0197,nan,-1.0197,-1.0197,nan,nan,nan
5.0,-0.9278799999999999,nan,nan,nan,nan,nan,nan,0.86923,nan,1.4789,nan,nan,1.4722,1.5179,1.3686,nan,nan,0.45102,0.15536,nan,-0.45527,nan,nan,nan,-0.81672,nan,nan,nan,nan,nan,nan,nan,nan,nan,nan,nan,nan,nan,nan,nan,1.6424,nan,nan,nan,nan,nan,nan,nan,nan,nan,nan,nan,nan,nan,-1.06,-1.2529,nan,nan,nan,nan,nan,nan,nan,-0.55647,nan,-0.547,-0.62163,nan,nan,nan,nan,-1.3471,nan,-1.2205,nan,-0.8719399999999999,nan,nan,nan,nan
8.0,-0.66393,nan,nan,nan,nan,nan,nan,nan,nan,nan,nan,1.5101,nan,nan,nan,nan,1.0073,nan,nan,nan,0.059284,nan,nan,nan,nan,nan,nan,nan,nan,0.4617,0.6986399999999999,nan,nan,1.3795,nan,nan,1.5242,nan,nan,nan,1.5162,nan,nan,nan,nan,nan,0.09110800000000001,nan,nan,nan,nan,nan,-1.0218,nan,nan,nan,nan,nan,nan,-1.0218,nan,nan,-1.0218,nan,nan,nan,nan,nan,-1.0218,nan,nan,nan,nan,nan,nan,nan,-1.0218,nan,nan,nan
8.0,-0.68672,nan,nan,-0.10274000000000001,0.13196,nan,0.67805,nan,1.1792,nan,1.5338,nan,nan,nan,nan,nan,nan,nan,nan,0.4209,nan,-0.082826,nan,nan,nan,nan,nan,nan,nan,nan,nan,nan,nan,1.3237,nan,nan,nan,nan,nan,1.5418,nan,nan,nan,nan,nan,nan,nan,nan,-0.36749,nan,-1.0248,nan,nan,nan,nan,nan,nan,nan,nan,nan,nan,-1.0248,nan,nan,nan,nan,nan,nan,nan,nan,nan,nan,nan,nan,nan,nan,nan,nan,nan,nan
4.0,-0.7716,nan,nan,nan,0.039452999999999995,0.37229,nan,nan,nan,nan,nan,1.5236,1.4773,nan,nan,nan,nan,nan,nan,nan,nan,nan,nan,-0.71987,nan,nan,nan,nan,nan,nan,nan,nan,nan,nan,nan,nan,nan,nan,nan,nan,1.6998,nan,nan,nan,nan,nan,-0.00028154,-0.26282,-0.51113,-0.6817300000000001,nan,nan,nan,nan,nan,nan,nan,nan,-1.2489,nan,nan,nan,nan,nan,-0.76865,nan,nan,nan,nan,nan,-1.1018,nan,nan,nan,nan,-1.0768,nan,nan,nan,nan
8.0,-0.60728,nan,nan,nan,nan,0.40664,nan,nan,1.1767,1.4042,1.4567,nan,1.4145,1.3491,nan,nan,nan,nan,nan,nan,-0.1538,nan,nan,-0.59715,-0.47648,-0.27412,nan,nan,nan,nan,nan,nan,nan,nan,nan,nan,nan,nan,nan,nan,nan,1.327,nan,0.8614299999999999,nan,nan,nan,nan,nan,-0.53056,nan,nan,nan,-1.0344,nan,-1.0344,nan,nan,nan,nan,nan,nan,-1.0344,-1.0344,nan,nan,nan,nan,nan,nan,nan,nan,nan,nan,nan,nan,nan,-1.0344,nan,nan
4.0,-0.79751,-0.70427,nan,nan,-0.0013972000000000001,0.27207,nan,nan,nan,nan,nan,nan,nan,nan,nan,nan,nan,nan,nan,nan,nan,nan,nan,nan,nan,nan,nan,nan,nan,nan,nan,nan,nan,nan,1.5872,nan,nan,1.5693,nan,nan,nan,nan,nan,0.77776,nan,nan,nan,nan,nan,nan,-0.63466,nan,nan,nan,nan,nan,nan,nan,-1.1325,-1.0326,nan,nan,nan,nan,nan,nan,nan,nan,nan,nan,-1.1355,nan,nan,nan,-1.0894,-0.93848,nan,nan,nan,nan
8.0,-0.56255,nan,nan,nan,nan,nan,nan,0.8976,nan,1.3518,1.3828,nan,nan,nan,nan,nan,nan,nan,nan,nan,nan,nan,nan,nan,nan,nan,0.12005,nan,nan,nan,nan,nan,nan,nan,nan,nan,nan,nan,nan,nan,nan,nan,nan,nan,nan,nan,0.17995,nan,nan,nan,nan,nan,nan,nan,nan,-1.0505,-1.0505,-1.0505,nan,nan,nan,nan,-1.0505,nan,-1.0505,nan,nan,nan,-1.0505,-1.0505,nan,nan,nan,-1.0505,nan,nan,nan,nan,nan,nan
5.0,-0.9018200000000001,-0.8022699999999999,-0.5848300000000001,nan,nan,0.30969,nan,nan,1.2636,1.5253,1.6328,nan,nan,nan,nan,nan,nan,nan,nan,nan,nan,nan,nan,nan,-0.9102299999999999,nan,nan,-0.17156,nan,nan,0.68212,0.99497,nan,nan,nan,nan,nan,1.5155,nan,nan,nan,nan,1.0803,nan,nan,nan,nan,nan,nan,nan,nan,nan,-0.6947800000000001,nan,nan,nan,nan,nan,-1.29,-1.1065,nan,nan,nan,nan,nan,-0.49146999999999996,nan,nan,nan,nan,nan,nan,nan,nan,nan,-0.93791,nan,nan,-0.41616000000000003,nan
8.0,-0.68328,nan,-0.35306,nan,nan,nan,nan,nan,nan,nan,1.5268,1.5083,1.5613,nan,nan,nan,nan,nan,nan,nan,nan,nan,nan,nan,nan,nan,nan,nan,nan,0.55991,nan,nan,nan,1.5124,1.6361,1.6154,nan,1.5192,nan,nan,nan,nan,1.0125,nan,nan,nan,nan,-0.14958,nan,nan,-1.0144,nan,nan,nan,nan,-1.0144,nan,nan,nan,nan,nan,nan,nan,nan,nan,nan,nan,nan,nan,-1.0144,nan,nan,nan,nan,nan,nan,nan,nan,nan,nan
4.0,-0.8331,nan,-0.51055,-0.29114,nan,nan,nan,nan,nan,nan,nan,nan,nan,nan,nan,nan,nan,0.40447,nan,nan,nan,-0.63257,-0.76183,nan,nan,nan,nan,nan,nan,nan,nan,1.374,nan,nan,nan,nan,nan,nan,nan,nan,nan,nan,nan,nan,nan,nan,nan,-0.3905,nan,-0.75237,nan,nan,nan,nan,nan,nan,nan,nan,nan,nan,nan,nan,nan,nan,-0.64573,nan,nan,nan,-0.92485,-1.046,nan,nan,nan,-1.1694,nan,nan,nan,nan,-0.5501199999999999,nan
4.0,-0.7260800000000001,nan,nan,nan,-0.012491,nan,nan,nan,nan,nan,1.4809999999999999,1.5351,nan,1.4363,1.3107,nan,0.8502700000000001,nan,nan,0.0047271,nan,nan,nan,nan,nan,-0.44935,nan,nan,0.29291999999999996,0.59375,0.9287299999999999,1.212,nan,nan,nan,nan,nan,nan,nan,nan,nan,nan,nan,0.79909,nan,nan,nan,nan,nan,-0.64482,nan,nan,nan,-0.94586,-1.0291,nan,-1.2154,nan,nan,nan,nan,nan,nan,nan,nan,-0.6906800000000001,nan,nan,nan,nan,-1.1455,-1.2235,nan,-1.1678,-1.0786,nan,nan,nan,nan,nan
8.0,-0.5888,nan,nan,nan,0.1813,nan,nan,nan,1.1904,nan,nan,nan,nan,nan,nan,nan,nan,nan,nan,0.14733,nan,nan,nan,nan,nan,nan,nan,nan,nan,nan,0.93599,nan,nan,nan,nan,nan,nan,1.2856,nan,nan,1.5273,1.3704,1.1238,nan,nan,nan,nan,nan,nan,-0.5156,nan,nan,nan,nan,nan,nan,nan,nan,-1.0479,nan,nan,nan,nan,nan,nan,nan,nan,nan,nan,nan,nan,-1.0479,nan,nan,nan,-1.0479,nan,nan,nan,-1.0479
5.0,-0.9211,nan,-0.58386,nan,nan,nan,nan,nan,1.1198,nan,nan,1.5571,1.4699,nan,nan,nan,nan,nan,nan,nan,nan,nan,nan,nan,nan,nan,nan,nan,nan,nan,nan,nan,nan,1.5449,1.6484,nan,1.4474,nan,nan,nan,nan,nan,1.0934,nan,nan,nan,nan,nan,nan,-0.81398,nan,nan,nan,nan,-1.0067,nan,nan,nan,nan,nan,nan,nan,nan,nan,nan,nan,nan,nan,-0.79094,nan,-1.075,nan,-1.3091,nan,nan,nan,nan,-0.6893199999999999,nan,nan
8.0,-0.5506300000000001,-0.4697,nan,-0.11283,0.1466,0.4117,nan,nan,1.1027,nan,nan,1.4329,nan,nan,1.3404,nan,nan,nan,nan,0.14756,nan,nan,-0.46788,nan,nan,-0.33077,nan,0.12483,0.37151,nan,0.8389700000000001,nan,nan,nan,nan,nan,1.4308,nan,nan,nan,nan,1.3746,nan,nan,nan,nan,nan,nan,nan,nan,nan,nan,nan,nan,nan,nan,nan,-1.0437,nan,nan,nan,nan,nan,nan,nan,nan,nan,nan,-1.0437,nan,-1.0437,nan,nan,nan,nan,nan,nan,nan,nan,nan
3.0,-0.73133,-0.63235,nan,nan,nan,nan,nan,nan,1.0725,nan,nan,nan,nan,1.2953,nan,nan,nan,nan,nan,-0.026247000000000003,nan,nan,nan,nan,nan,nan,nan,nan,nan,nan,1.0009,nan,nan,nan,nan,nan,nan,nan,nan,1.6865,1.7281,1.4845,nan,nan,0.6411399999999999,nan,nan,nan,nan,nan,nan,nan,nan,nan,nan,nan,nan,-1.1256,nan,-1.1078,nan,-0.9667399999999999,nan,nan,nan,nan,-0.9055799999999999,nan,nan,nan,-1.0371,nan,nan,nan,-1.1319,nan,-0.97059,nan,nan,-0.70396
8.0,-0.6114,nan,nan,nan,nan,nan,nan,nan,nan,1.3757,nan,nan,nan,1.5967,nan,nan,nan,nan,nan,nan,nan,nan,-0.35288,nan,nan,nan,-0.3785,nan,nan,0.31488,0.53083,0.75644,nan,nan,nan,1.5389,nan,nan,1.4807,nan,1.5301,nan,nan,nan,nan,nan,0.17396,nan,nan,nan,nan,-1.0275,nan,nan,nan,nan,nan,nan,-1.0275,nan,nan,nan,-1.0275,-1.0275,nan,-1.0275,nan,-1.0275,nan,-1.0275,nan,nan,nan,nan,nan,-1.0275,-1.0275,nan,-1.0275,nan
4.0,-0.74306,nan,nan,nan,nan,nan,nan,nan,0.98821,1.2605,nan,1.4996,1.5023,1.4268,nan,nan,nan,nan,nan,0.031810000000000005,nan,nan,-0.67496,-0.71912,-0.69338,-0.49516000000000004,nan,nan,nan,nan,0.9213899999999999,nan,nan,nan,nan,nan,nan,nan,nan,nan,1.7436,nan,nan,nan,0.6004,0.31706,0.028804000000000003,nan,nan,-0.64575,nan,nan,-0.80357,nan,nan,nan,nan,nan,nan,nan,nan,nan,nan,nan,nan,nan,nan,nan,nan,-0.87423,nan,-1.1034,nan,nan,nan,nan,nan,-0.8911,-0.73001,nan
5.0,-0.80933,nan,nan,nan,nan,nan,nan,nan,nan,nan,nan,nan,nan,nan,1.4686,nan,nan,0.70181,nan,nan,nan,nan,nan,nan,nan,-0.60947,nan,nan,nan,nan,nan,nan,nan,nan,nan,nan,1.3552,nan,nan,nan,nan,1.495,nan,nan,0.6090399999999999,0.28422,nan,nan,nan,nan,nan,nan,nan,nan,nan,nan,nan,-1.2759,nan,nan,nan,-1.0133,nan,nan,nan,nan,nan,nan,nan,nan,nan,nan,nan,-1.2941,nan,-0.9404899999999999,-0.76766,-0.57333,nan,-0.37051
8.0,-0.55974,nan,nan,nan,0.1649,0.39688,0.66094,nan,nan,nan,nan,nan,nan,nan,nan,nan,0.91886,nan,0.44269,nan,-0.06045,nan,nan,nan,nan,nan,-0.12879000000000002,nan,nan,nan,nan,nan,nan,nan,nan,1.5498,nan,nan,nan,nan,nan,nan,nan,nan,nan,0.35144000000000003,0.098552,nan,nan,nan,nan,nan,nan,nan,nan,nan,nan,nan,-1.0353,-1.0353,nan,nan,nan,-1.0353,nan,-1.0353,nan,-1.0353,nan,-1.0353,nan,nan,nan,nan,nan,nan,nan,nan,-1.0353,nan
5.0,-0.83996,nan,-0.54574,nan,nan,0.23940999999999998,0.57096,nan,nan,nan,1.5759999999999998,nan,nan,nan,nan,nan,nan,nan,0.37498000000000004,0.08259,nan,nan,nan,-0.80583,nan,nan,nan,nan,nan,nan,0.73363,nan,nan,nan,nan,nan,nan,nan,nan,1.6669,1.6212,1.3730000000000002,nan,nan,nan,nan,nan,nan,nan,nan,nan,nan,nan,nan,nan,nan,-1.3231,-1.306,nan,nan,nan,-0.76532,nan,nan,nan,-0.54882,nan,nan,nan,nan,nan,nan,-1.3499,nan,-1.1706,nan,nan,nan,nan,nan
8.0,-0.62876,nan,nan,nan,nan,nan,0.70794,nan,1.2088,1.42,nan,1.3776,nan,nan,1.3986,nan,nan,nan,nan,nan,0.012509000000000001,-0.25363,-0.49145,nan,-0.5798800000000001,-0.42033000000000004,nan,0.039876999999999996,0.29136999999999996,nan,nan,0.9992,nan,nan,nan,nan,nan,nan,nan,nan,nan,nan,1.1148,nan,nan,nan,nan,nan,nan,nan,-1.0384,-1.0384,nan,nan,nan,-1.0384,nan,nan,nan,nan,nan,nan,nan,nan,nan,-1.0384,nan,-1.0384,-1.0384,nan,nan,nan,nan,nan,-1.0384,nan,nan,nan,nan,nan
4.0,-0.83295,nan,nan,nan,nan,0.27057,0.55935,nan,nan,nan,nan,nan,nan,nan,1.3947,1.0998,nan,nan,nan,nan,nan,nan,nan,-0.87218,nan,nan,nan,-0.0072033999999999996,nan,0.57726,nan,nan,1.435,nan,nan,nan,nan,nan,nan,1.6808,nan,1.3176,nan,nan,nan,nan,nan,nan,-0.61505,nan,nan,-0.63262,nan,nan,nan,nan,-1.1902,nan,nan,-1.0807,nan,nan,nan,nan,nan,nan,nan,nan,nan,nan,nan,nan,nan,nan,nan,nan,nan,nan,nan,-0.51495
5.0,-0.78618,nan,nan,nan,0.052424,nan,nan,nan,1.1499,1.3894,1.4781,nan,nan,1.4481,1.2653,nan,nan,0.5320699999999999,nan,nan,nan,nan,nan,nan,nan,nan,nan,nan,nan,0.64752,nan,nan,nan,nan,nan,1.4583,nan,nan,nan,nan,nan,nan,1.1482,nan,nan,nan,nan,nan,nan,nan,nan,-0.58011,nan,nan,nan,nan,nan,nan,-1.3185,-1.2451,nan,-0.93735,nan,-0.69358,nan,nan,nan,nan,nan,nan,nan,-1.2611,nan,nan,nan,nan,nan,nan,nan,nan
4.0,-0.79971,nan,nan,nan,nan,0.30853,nan,nan,1.1107,nan,nan,nan,nan,nan,nan,nan,0.7471399999999999,nan,nan,nan,nan,nan,nan,nan,nan,nan,-0.18918,nan,nan,nan,0.93086,nan,1.4729,nan,nan,nan,nan,nan,1.6843,nan,1.7519,nan,nan,nan,nan,0.25693,-0.021884,nan,nan,nan,nan,nan,nan,nan,nan,nan,nan,nan,nan,nan,nan,nan,nan,nan,nan,nan,nan,nan,nan,nan,-1.0902,nan,-1.2877,nan,-1.2127,-1.0662,nan,-0.7683800000000001,nan,-0.56794
4.0,-0.80645,nan,-0.57545,nan,nan,nan,nan,nan,nan,nan,nan,nan,1.4925,nan,nan,nan,0.9569799999999999,nan,nan,nan,-0.25524,-0.51827,nan,-0.69293,-0.62817,nan,nan,nan,0.36751999999999996,nan,nan,1.2363,nan,nan,nan,nan,nan,nan,1.5432,nan,nan,nan,nan,nan,0.63144,nan,0.025573,-0.27664,nan,nan,nan,nan,nan,nan,nan,nan,nan,nan,nan,nan,nan,nan,-0.8867299999999999,-0.79986,nan,nan,nan,-0.72413,nan,nan,nan,nan,nan,nan,nan,nan,nan,nan,nan,nan
8.0,-0.63627,nan,nan,nan,nan,nan,nan,nan,1.1561,nan,nan,nan,nan,nan,nan,nan,nan,nan,nan,0.15585,nan,-0.34378000000000003,-0.5381600000000001,nan,nan,nan,nan,nan,nan,nan,nan,nan,nan,1.4727,nan,nan,nan,nan,nan,nan,nan,nan,nan,nan,nan,nan,nan,nan,nan,nan,nan,-1.0292,-1.0292,nan,nan,-1.0292,nan,nan,-1.0292,nan,nan,nan,-1.0292,nan,nan,-1.0292,nan,-1.0292,nan,nan,nan,nan,nan,-1.0292,nan,-1.0292,nan,nan,nan,nan
4.0,-0.8860600000000001,nan,nan,-0.2838,nan,nan,nan,nan,nan,nan,nan,nan,nan,nan,nan,0.9893700000000001,nan,nan,nan,-0.19687000000000002,nan,nan,-0.8439399999999999,nan,nan,nan,nan,0.075326,nan,nan,nan,nan,nan,nan,nan,1.5529,nan,nan,nan,nan,1.6293,nan,nan,nan,nan,nan,nan,nan,nan,nan,-0.46471999999999997,nan,nan,-0.8510700000000001,nan,-1.1586,nan,nan,-1.2932,-1.1533,-1.0166,nan,nan,-0.64194,-0.53478,nan,nan,nan,nan,nan,nan,nan,-1.3119999999999998,nan,nan,nan,nan,nan,nan,nan
8.0,-0.51805,nan,nan,nan,nan,nan,nan,nan,nan,1.3486,nan,nan,nan,1.5356,nan,nan,1.0193,nan,0.5605100000000001,0.29808,nan,-0.16788,nan,nan,nan,-0.39366999999999996,nan,nan,nan,0.46556000000000003,nan,nan,nan,nan,nan,nan,nan,nan,nan,nan,1.5237,nan,nan,nan,nan,nan,nan,nan,nan,nan,-1.0473,nan,-1.0473,nan,nan,-1.0473,nan,-1.0473,nan,nan,nan,nan,nan,nan,-1.0473,nan,nan,nan,nan,nan,nan,nan,nan,nan,nan,nan,nan,nan,-1.0473,nan
8.0,-0.68766,nan,nan,nan,nan,0.49483999999999995,nan,1.032,nan,nan,nan,nan,nan,nan,nan,0.97526,nan,nan,nan,nan,nan,nan,nan,-0.6746,nan,-0.32025,nan,nan,nan,nan,nan,nan,nan,nan,nan,nan,nan,1.4427,nan,nan,nan,nan,nan,nan,nan,nan,nan,nan,-0.38219000000000003,-0.58062,nan,nan,nan,nan,nan,nan,nan,nan,nan,nan,nan,nan,nan,nan,nan,nan,nan,nan,-1.0244,nan,nan,nan,nan,nan,nan,nan,nan,nan,nan,nan
5.0,-0.82116,nan,-0.57345,nan,nan,nan,nan,0.83472,nan,nan,nan,nan,nan,nan,nan,nan,nan,nan,nan,nan,nan,nan,nan,nan,nan,nan,-0.54122,nan,nan,0.31388,nan,nan,1.1748,nan,nan,nan,nan,nan,nan,nan,nan,nan,nan,nan,nan,0.26833,nan,nan,-0.5562199999999999,nan,nan,nan,nan,nan,nan,nan,nan,nan,nan,nan,nan,nan,nan,nan,nan,nan,nan,nan,-0.93424,nan,nan,nan,nan,nan,nan,-0.9077200000000001,nan,nan,nan,nan
8.0,-0.58209,nan,nan,nan,nan,0.42758999999999997,nan,nan,nan,nan,nan,nan,nan,1.4773,nan,nan,nan,nan,0.52565,nan,nan,nan,nan,nan,nan,nan,-0.16103,nan,nan,nan,0.7911,nan,1.2584,nan,nan,nan,nan,nan,nan,nan,nan,nan,1.2144,nan,nan,nan,0.22471,nan,nan,nan,nan,nan,-1.0515,-1.0515,nan,-1.0515,nan,nan,nan,nan,nan,nan,nan,nan,nan,nan,nan,nan,nan,nan,nan,nan,-1.0515,nan,nan,nan,nan,-1.0515,nan,nan
5.0,-0.93663,nan,nan,nan,nan,nan,0.54761,nan,nan,nan,1.5209,nan,1.473,nan,1.4486,1.1865,nan,nan,nan,nan,nan,nan,-0.7992100000000001,nan,nan,nan,nan,nan,0.27312,nan,nan,nan,1.4423,nan,nan,1.4447,nan,nan,nan,nan,1.6915,nan,nan,nan,nan,nan,nan,nan,nan,-0.85893,nan,-0.5756600000000001,nan,nan,nan,nan,nan,nan,nan,-1.1753,nan,-0.8949600000000001,nan,-0.70355,nan,nan,nan,-0.69692,-0.8640700000000001,nan,nan,nan,-1.2851,nan,-1.1193,nan,nan,nan,-0.47434,-0.41531
8.0,-0.6336,nan,nan,-0.058674000000000004,nan,nan,nan,nan,nan,nan,nan,nan,nan,nan,nan,1.0557,nan,nan,0.44866000000000006,nan,-0.058637,-0.31325,-0.52869,nan,nan,nan,-0.11977,0.12292,nan,nan,nan,nan,1.3488,nan,nan,1.5298,nan,nan,nan,nan,1.5291,nan,nan,nan,nan,nan,nan,nan,nan,nan,-1.0339,nan,nan,-1.0339,nan,nan,-1.0339,nan,nan,-1.0339,-1.0339,-1.0339,nan,-1.0339,nan,nan,nan,nan,nan,nan,nan,nan,nan,nan,nan,nan,nan,nan,nan,-1.0339
5.0,-0.88328,nan,nan,nan,nan,0.2769,nan,nan,nan,nan,1.6511,nan,1.5287,nan,1.5854,nan,nan,0.83116,nan,nan,nan,nan,nan,-0.83542,nan,nan,nan,nan,0.11907000000000001,nan,0.72378,nan,nan,nan,nan,nan,nan,nan,nan,nan,nan,nan,nan,nan,nan,nan,-0.050035,-0.33121999999999996,-0.59849,nan,nan,nan,nan,nan,nan,nan,nan,nan,nan,nan,nan,nan,nan,nan,-0.5324800000000001,nan,nan,nan,nan,-0.94319,nan,nan,nan,nan,nan,-1.0965,nan,-0.7157399999999999,nan,nan
8.0,-0.57234,nan,nan,nan,nan,nan,nan,nan,nan,nan,nan,1.5213,1.4907,1.565,nan,1.237,nan,0.7801,nan,0.28553,nan,nan,nan,-0.59324,nan,nan,nan,nan,nan,nan,nan,nan,nan,nan,1.4519,nan,nan,nan,nan,nan,nan,nan,nan,nan,0.71586,nan,nan,nan,-0.29147,nan,nan,-1.0366,nan,nan,nan,-1.0366,nan,nan,-1.0366,nan,-1.0366,nan,nan,nan,nan,nan,nan,nan,nan,nan,-1.0366,-1.0366,-1.0366,-1.0366,-1.0366,nan,nan,-1.0366,nan,nan
8.0,-0.53133,nan,nan,nan,nan,0.45666999999999996,nan,nan,nan,nan,nan,1.3229,nan,1.4024,nan,nan,0.8279200000000001,nan,nan,0.096122,nan,nan,nan,nan,nan,nan,nan,nan,nan,nan,nan,nan,nan,1.5785,nan,nan,nan,nan,nan,1.4708,nan,nan,nan,nan,0.66283,nan,nan,nan,nan,nan,-1.0612,-1.0612,-1.0612,nan,nan,-1.0612,nan,nan,nan,nan,nan,-1.0612,nan,nan,nan,nan,nan,nan,-1.0612,nan,nan,nan,nan,-1.0612,nan,nan,nan,nan,nan,-1.0612
8.0,-0.58207,nan,nan,-0.1548,0.08415800000000001,nan,nan,nan,nan,nan,1.4780000000000002,nan,nan,nan,1.3346,nan,nan,nan,nan,nan,nan,nan,-0.46093999999999996,-0.57852,-0.4936,nan,nan,nan,0.40375,0.6379199999999999,nan,1.1226,nan,nan,1.6268,nan,nan,1.3506,nan,nan,1.6104,nan,nan,nan,nan,nan,nan,-0.062344000000000004,nan,nan,nan,nan,nan,-1.0426,nan,-1.0426,nan,nan,nan,nan,nan,nan,nan,nan,nan,nan,-1.0426,nan,-1.0426,nan,-1.0426,nan,nan,nan,-1.0426,nan,nan,nan,nan,nan
5.0,-0.92911,nan,nan,nan,nan,nan,nan,0.80235,nan,nan,1.6096,nan,nan,nan,nan,nan,nan,nan,nan,nan,-0.26626,nan,-0.76675,nan,-0.8357899999999999,nan,nan,nan,nan,nan,0.78275,1.0808,nan,nan,nan,nan,nan,nan,nan,nan,nan,1.3294,nan,0.79955,nan,0.21700999999999998,nan,nan,nan,nan,nan,nan,nan,nan,nan,nan,nan,nan,-1.1504,nan,nan,nan,nan,nan,nan,nan,nan,-0.78174,-0.9126200000000001,nan,nan,nan,nan,-1.1592,nan,-0.8959299999999999,nan,nan,nan,nan
8.0,-0.64207,nan,nan,nan,nan,nan,nan,0.94421,nan,nan,nan,nan,nan,nan,1.4063,nan,nan,nan,nan,nan,nan,nan,nan,nan,nan,nan,nan,0.052379999999999996,nan,0.53663,nan,nan,nan,1.4312,nan,nan,nan,1.4222,nan,nan,nan,nan,1.1132,nan,0.633,nan,nan,nan,nan,-0.5451600000000001,nan,nan,nan,nan,-1.0345,nan,nan,nan,nan,-1.0345,-1.0345,nan,nan,nan,nan,-1.0345,nan,nan,-1.0345,nan,nan,-1.0345,nan,nan,nan,nan,nan,nan,nan,nan
5.0,-0.94611,nan,nan,-0.34293,nan,nan,nan,nan,nan,1.5029,1.5152,nan,1.4275,1.4879,nan,nan,nan,nan,0.18158,nan,-0.42631,-0.68724,-0.8698799999999999,nan,nan,nan,nan,nan,nan,nan,nan,nan,nan,1.6605,nan,1.5211,nan,1.4272,nan,nan,nan,1.4839,nan,0.90291,nan,nan,nan,nan,nan,nan,nan,nan,nan,-1.0102,-1.1595,nan,-1.3494,nan,nan,nan,nan,nan,nan,-0.48458999999999997,-0.5355,nan,-0.69945,-0.87044,nan,nan,-1.3316,nan,nan,nan,nan,nan,-0.60654,nan,nan,nan
6.0,-0.9165200000000001,-0.82895,nan,nan,nan,0.30423,0.59407,nan,1.2445,nan,nan,nan,nan,nan,nan,nan,nan,0.70753,nan,0.096252,-0.20318,nan,nan,nan,nan,nan,nan,nan,nan,nan,nan,nan,1.1886,nan,nan,nan,nan,nan,nan,nan,1.6178,nan,nan,nan,0.5483399999999999,0.25908000000000003,nan,nan,nan,nan,nan,nan,nan,nan,nan,-1.1871,-1.3251,nan,nan,-1.0762,nan,-0.7618199999999999,nan,nan,-0.53457,-0.56245,nan,nan,nan,nan,nan,nan,nan,nan,nan,nan,nan,nan,nan,-0.37923
6.0,-0.9224,nan,nan,nan,nan,nan,nan,nan,1.0901,nan,nan,1.5766,nan,nan,1.4705,nan,nan,nan,nan,nan,nan,-0.48162,nan,-0.89994,nan,nan,nan,nan,nan,nan,0.71855,1.0188,nan,1.5224,nan,nan,nan,nan,1.619,1.7637,nan,nan,nan,nan,nan,0.19669,-0.074985,nan,nan,nan,nan,nan,nan,-0.83665,nan,nan,-1.2152,-1.2917,nan,nan,nan,-0.82776,nan,nan,nan,nan,nan,nan,nan,nan,nan,nan,nan,nan,nan,nan,nan,-0.72515,-0.5794600000000001,nan
5.0,-0.91048,nan,nan,-0.39596,nan,nan,nan,nan,nan,1.5062,nan,nan,nan,nan,nan,nan,nan,nan,nan,nan,-0.4164,-0.64932,nan,nan,nan,nan,nan,nan,nan,nan,nan,nan,nan,nan,1.5032,1.3295,nan,nan,1.518,1.6318,nan,1.4825,nan,nan,nan,nan,nan,-0.36062,nan,nan,nan,nan,nan,nan,nan,nan,nan,-1.2517,nan,nan,nan,nan,nan,-0.55318,nan,nan,nan,-0.75337,nan,nan,nan,nan,-1.4627,nan,nan,-0.89531,nan,nan,nan,nan
8.0,-0.46543,nan,nan,nan,nan,nan,nan,nan,nan,1.3055,nan,nan,nan,1.4147,nan,nan,nan,nan,nan,nan,nan,nan,nan,nan,-0.40151,nan,0.010579999999999999,nan,nan,0.72815,nan,nan,nan,1.4992,1.5411,nan,nan,1.3597,nan,nan,nan,nan,nan,0.90994,0.66482,nan,nan,nan,nan,nan,nan,nan,nan,nan,nan,nan,-1.0702,-1.0702,-1.0702,nan,nan,-1.0702,nan,-1.0702,nan,nan,nan,nan,-1.0702,nan,nan,nan,nan,nan,-1.0702,nan,nan,-1.0702,nan,nan
4.0,-0.7893,nan,nan,-0.27618000000000004,nan,nan,nan,0.84691,1.0985,1.3315,nan,nan,nan,nan,1.3511,nan,nan,nan,nan,nan,nan,-0.569,nan,nan,nan,nan,nan,nan,nan,nan,nan,nan,nan,nan,1.5519999999999998,nan,nan,nan,nan,nan,nan,nan,1.1064,0.8371200000000001,nan,nan,nan,nan,nan,-0.80343,-0.5505,-0.65098,nan,nan,nan,nan,nan,nan,nan,nan,nan,nan,nan,-0.80173,nan,nan,nan,-0.6789,-0.7590100000000001,nan,-1.0148,-1.1432,nan,nan,nan,-1.124,nan,nan,nan,nan
8.0,-0.58965,nan,nan,nan,nan,nan,nan,nan,nan,nan,nan,nan,nan,nan,1.4436,1.2304,nan,0.88585,nan,nan,nan,nan,nan,-0.56345,nan,nan,-0.29143,-0.06733600000000001,nan,nan,nan,nan,nan,nan,nan,nan,1.486,nan,nan,nan,1.5004,nan,nan,nan,0.6065699999999999,nan,nan,nan,nan,nan,nan,nan,nan,nan,nan,-1.0303,nan,nan,nan,nan,nan,nan,-1.0303,nan,nan,nan,nan,nan,nan,-1.0303,nan,nan,nan,-1.0303,nan,nan,-1.0303,nan,nan,nan
7.0,-0.54932,-0.47297,nan,nan,nan,nan,nan,nan,nan,1.4269999999999998,nan,1.4017,1.4121,1.4975,nan,nan,0.9130299999999999,0.68083,nan,nan,nan,nan,-0.49273,-0.5756600000000001,nan,nan,nan,nan,nan,nan,nan,nan,nan,1.5292,nan,nan,1.4166,1.3454,nan,1.5019999999999998,1.5479,nan,1.1163,nan,nan,0.38669000000000003,0.15616,nan,nan,nan,nan,nan,nan,nan,-1.0469,nan,nan,-1.0469,nan,-1.0469,-1.0469,nan,nan,nan,-1.0469,nan,-1.0469,nan,nan,nan,nan,-1.0469,nan,nan,-1.0469,nan,nan,nan,nan,nan
8.0,-0.62913,-0.53036,nan,nan,nan,nan,nan,nan,nan,nan,1.3937,nan,1.4719,nan,nan,nan,0.9792299999999999,0.79998,nan,nan,nan,nan,nan,nan,nan,nan,nan,nan,nan,0.52456,nan,nan,nan,nan,nan,nan,1.4323,nan,nan,nan,nan,nan,nan,nan,nan,nan,nan,-0.10032,nan,nan,nan,nan,nan,nan,-1.0385,nan,nan,-1.0385,nan,nan,nan,nan,nan,-1.0385,nan,nan,nan,-1.0385,nan,nan,nan,nan,nan,nan,nan,-1.0385,nan,nan,nan,nan
4.0,-0.80106,-0.72921,nan,nan,nan,nan,nan,nan,1.0883,nan,nan,nan,nan,nan,nan,1.3,1.0227,nan,nan,0.18369000000000002,-0.12243,nan,nan,-0.76663,nan,nan,nan,nan,nan,nan,nan,0.9936299999999999,nan,1.5523,nan,nan,nan,nan,1.5452,nan,1.6434,1.4177,nan,nan,nan,nan,-0.010062999999999999,-0.28916,nan,nan,nan,nan,nan,nan,nan,nan,nan,nan,nan,nan,nan,nan,nan,nan,nan,nan,nan,nan,nan,-1.0285,nan,nan,nan,nan,nan,-0.96896,nan,-0.69895,nan,-0.5544
7.0,-0.52431,-0.45729,-0.2788,nan,0.16455,nan,0.68717,nan,nan,nan,nan,nan,nan,1.4916,1.5033,nan,nan,0.86077,nan,0.37473,nan,nan,nan,nan,-0.54252,-0.46698,nan,nan,nan,nan,nan,0.9030299999999999,nan,nan,nan,1.5085,1.4196,nan,1.3868,nan,nan,nan,1.1104,nan,nan,0.42749,nan,nan,nan,-0.46021000000000006,nan,-1.0543,nan,nan,nan,-1.0543,nan,nan,-1.0543,nan,nan,nan,nan,nan,nan,nan,nan,nan,nan,nan,-1.0543,nan,nan,nan,nan,nan,nan,nan,-1.0543,nan
8.0,-0.55837,-0.5302899999999999,nan,nan,nan,nan,0.60321,nan,nan,nan,nan,nan,nan,nan,nan,nan,nan,nan,0.5965199999999999,nan,nan,-0.17487,nan,-0.51118,nan,nan,nan,nan,nan,nan,nan,nan,1.276,nan,nan,nan,nan,1.3606,nan,nan,nan,nan,1.1564,0.90886,nan,nan,nan,nan,nan,nan,nan,-1.0514,nan,nan,nan,nan,nan,nan,nan,nan,nan,nan,nan,nan,nan,nan,nan,nan,nan,nan,nan,nan,nan,nan,nan,nan,nan,nan,nan,-1.0514
4.0,-0.6927300000000001,nan,nan,-0.23656,nan,nan,nan,nan,nan,nan,1.4958,nan,nan,nan,nan,1.1313,nan,nan,nan,nan,nan,nan,-0.65823,nan,nan,nan,nan,nan,nan,0.39294,nan,nan,nan,nan,1.5968,nan,nan,nan,1.5844,nan,nan,nan,nan,nan,nan,0.32881,nan,nan,nan,-0.64577,nan,-0.73025,-0.80705,nan,nan,nan,nan,nan,nan,-1.0526,-0.94604,nan,nan,nan,nan,nan,nan,nan,nan,nan,nan,-1.2409999999999999,nan,nan,nan,nan,nan,nan,nan,nan
7.0,-0.5904699999999999,-0.5454399999999999,nan,nan,nan,nan,nan,nan,nan,1.4567,1.5402,1.4469,nan,nan,nan,nan,nan,nan,0.43538000000000004,0.16694,nan,nan,nan,-0.56242,nan,nan,nan,nan,nan,nan,nan,nan,nan,nan,nan,nan,nan,nan,nan,nan,nan,nan,nan,0.8716299999999999,nan,nan,0.12947999999999998,nan,-0.32838,nan,nan,-1.033,nan,-1.033,-1.033,nan,nan,nan,-1.033,nan,nan,-1.033,nan,-1.033,nan,nan,nan,nan,nan,-1.033,nan,nan,nan,nan,nan,nan,nan,nan,nan,nan
7.0,-0.89569,nan,nan,nan,nan,nan,nan,nan,nan,nan,nan,nan,nan,nan,nan,nan,0.9754200000000001,nan,nan,nan,nan,nan,-0.77698,nan,nan,-0.75053,nan,nan,nan,nan,nan,nan,nan,nan,nan,nan,nan,1.4552,nan,nan,nan,nan,nan,nan,nan,nan,nan,nan,nan,nan,-0.36517,nan,-0.69435,nan,nan,nan,nan,nan,-1.2268,nan,nan,nan,-0.47386000000000006,nan,nan,nan,nan,nan,nan,nan,nan,nan,nan,-1.4461,nan,nan,nan,nan,-0.51342,nan
4.0,-0.8642700000000001,nan,nan,nan,nan,nan,nan,nan,nan,nan,nan,nan,nan,nan,1.3061,nan,nan,nan,nan,-0.088502,nan,nan,nan,nan,nan,nan,-0.23091,nan,nan,nan,0.88869,1.1868,nan,nan,nan,nan,1.5032,nan,nan,nan,nan,nan,nan,0.80786,nan,nan,-0.12342,nan,nan,nan,nan,nan,nan,nan,nan,nan,nan,nan,-1.0883,nan,nan,nan,nan,nan,nan,nan,nan,nan,nan,nan,nan,nan,nan,nan,nan,nan,-0.85495,nan,nan,nan
8.0,-0.63127,-0.54284,nan,nan,nan,nan,nan,nan,1.1844,nan,nan,1.4729,nan,nan,nan,nan,nan,nan,nan,nan,nan,-0.33573000000000003,-0.5188699999999999,nan,-0.5838399999999999,-0.40818000000000004,nan,nan,nan,nan,0.75578,nan,1.1997,1.4113,nan,nan,1.4556,1.4922,nan,nan,nan,nan,nan,nan,0.68112,nan,nan,-0.080106,-0.32795,nan,nan,nan,nan,nan,nan,nan,nan,-1.0264,-1.0264,nan,-1.0264,nan,nan,nan,nan,nan,-1.0264,nan,nan,-1.0264,nan,nan,nan,-1.0264,-1.0264,nan,nan,nan,nan,nan
8.0,-0.61158,nan,-0.30937,nan,0.17244,0.41985,nan,nan,nan,nan,nan,nan,nan,1.4880000000000002,nan,nan,nan,nan,nan,nan,nan,-0.27194,nan,nan,nan,-0.3756,-0.13282,nan,nan,nan,nan,nan,nan,nan,nan,nan,nan,nan,nan,nan,nan,1.4071,nan,nan,nan,0.42701000000000006,nan,nan,nan,nan,nan,nan,nan,nan,nan,nan,nan,nan,nan,nan,nan,nan,nan,-1.043,nan,nan,nan,nan,nan,nan,-1.043,nan,nan,-1.043,nan,nan,nan,nan,-1.043,-1.043
8.0,-0.61422,nan,nan,nan,nan,0.50567,nan,0.90422,1.087,nan,nan,1.4763,1.4105,nan,nan,nan,0.9407700000000001,nan,nan,0.21918,-0.050785000000000004,nan,-0.48482,nan,nan,nan,nan,nan,nan,nan,nan,1.1205,nan,nan,nan,nan,nan,nan,nan,nan,nan,nan,nan,nan,nan,0.38745999999999997,0.15499000000000002,nan,nan,-0.53561,nan,nan,nan,nan,nan,nan,nan,nan,nan,nan,nan,-1.0468,nan,nan,nan,nan,nan,-1.0468,-1.0468,-1.0468,nan,nan,nan,nan,nan,nan,-1.0468,nan,-1.0468,nan
8.0,-0.60441,-0.5046,nan,nan,nan,nan,nan,nan,nan,nan,nan,nan,nan,nan,1.5156,1.3542,nan,nan,0.74843,nan,0.26016999999999996,nan,nan,nan,nan,nan,-0.41568,nan,nan,0.306,nan,nan,0.9890399999999999,1.1943,nan,nan,1.5522,nan,nan,nan,nan,nan,nan,nan,nan,nan,0.15175,nan,nan,nan,nan,nan,-1.0399,nan,nan,-1.0399,nan,nan,nan,nan,nan,nan,nan,nan,-1.0399,nan,nan,nan,nan,nan,nan,-1.0399,nan,nan,nan,nan,nan,nan,-1.0399,nan
8.0,-0.5896600000000001,-0.49196000000000006,-0.34802,nan,0.12100999999999999,nan,0.64461,0.8967700000000001,nan,nan,nan,1.3631,1.4049,nan,nan,nan,nan,nan,nan,nan,-0.088087,nan,-0.51741,-0.61652,-0.52062,nan,nan,nan,nan,nan,nan,nan,nan,nan,nan,1.614,nan,1.3632,nan,1.5655,1.5619999999999998,1.37,nan,0.90191,nan,nan,nan,nan,nan,nan,nan,nan,nan,nan,nan,nan,nan,nan,-1.0379,nan,nan,nan,nan,nan,nan,nan,nan,-1.0379,nan,nan,nan,nan,nan,nan,-1.0379,nan,nan,nan,nan,nan
4.0,-0.80804,-0.80072,nan,nan,nan,nan,0.5169100000000001,nan,nan,nan,nan,nan,1.507,1.5130000000000001,nan,nan,nan,nan,nan,nan,nan,-0.52646,nan,nan,nan,nan,nan,nan,nan,nan,nan,1.2549,1.5822,1.7192,nan,nan,nan,nan,1.6427,nan,1.7046,nan,1.1222,nan,nan,nan,nan,nan,nan,nan,nan,nan,nan,nan,nan,nan,nan,nan,nan,nan,nan,nan,nan,-0.7551800000000001,-0.6604800000000001,nan,nan,nan,nan,-0.9645299999999999,nan,nan,-1.2871,nan,nan,nan,nan,-0.71844,nan,-0.5392399999999999
8.0,-0.62569,nan,nan,nan,nan,nan,nan,0.87718,nan,nan,nan,nan,nan,1.4906,nan,nan,nan,nan,nan,nan,nan,nan,nan,nan,nan,nan,nan,nan,nan,nan,nan,nan,nan,nan,nan,1.5966,nan,nan,nan,nan,1.5427,nan,nan,nan,nan,nan,nan,nan,-0.34245,-0.53457,-1.0290000000000001,-1.0290000000000001,nan,-1.0290000000000001,nan,nan,nan,nan,-1.0290000000000001,nan,-1.0290000000000001,-1.0290000000000001,nan,nan,nan,-1.0290000000000001,nan,nan,nan,-1.0290000000000001,-1.0290000000000001,nan,nan,nan,nan,nan,nan,nan,nan,nan
4.0,-0.8696200000000001,nan,nan,-0.28088,nan,nan,0.57677,nan,nan,nan,1.6156,nan,nan,nan,nan,nan,0.95278,nan,nan,0.1346,nan,-0.39357,nan,nan,-0.9078299999999999,-0.81592,nan,nan,nan,nan,nan,nan,nan,nan,nan,nan,nan,nan,nan,1.6823,nan,1.4038,nan,nan,nan,nan,nan,nan,nan,nan,nan,nan,nan,nan,nan,-1.1844,nan,nan,nan,nan,nan,nan,nan,nan,nan,nan,nan,nan,nan,nan,nan,nan,nan,nan,nan,nan,nan,nan,nan,nan
4.0,-0.71628,nan,nan,nan,nan,nan,0.58155,nan,nan,nan,nan,nan,nan,nan,nan,nan,nan,nan,nan,nan,-0.21277,nan,nan,nan,nan,-0.5403,nan,nan,nan,nan,nan,nan,1.2702,nan,nan,nan,1.6355,nan,nan,nan,nan,nan,nan,0.75713,nan,nan,nan,-0.31138000000000005,nan,-0.66027,nan,-0.77435,nan,nan,-1.0270000000000001,-1.1117,nan,nan,nan,-1.0814,-1.0552,nan,nan,nan,-0.77028,-0.7737,nan,nan,nan,nan,-1.1507,-1.2207,nan,nan,nan,nan,nan,nan,nan,-0.75647
8.0,-0.6175,nan,nan,nan,0.16207,nan,nan,nan,nan,nan,nan,1.4554,1.5251,nan,nan,nan,nan,nan,nan,nan,nan,nan,nan,nan,nan,-0.36814,nan,0.10658,nan,nan,nan,1.0428,nan,nan,nan,nan,nan,nan,nan,1.6269,nan,1.2699,nan,0.82578,nan,nan,nan,-0.16228,nan,-0.5907399999999999,nan,nan,nan,nan,nan,nan,-1.0239,nan,nan,nan,nan,-1.0239,nan,nan,nan,nan,nan,-1.0239,-1.0239,nan,nan,nan,nan,nan,-1.0239,nan,nan,nan,nan,-1.0239
8.0,-0.63118,nan,nan,nan,nan,nan,nan,nan,nan,nan,nan,1.4333,nan,nan,nan,nan,0.86241,nan,nan,nan,nan,nan,nan,nan,nan,nan,nan,nan,nan,0.68329,nan,nan,nan,nan,nan,nan,nan,nan,1.4719,1.6087,nan,nan,nan,nan,nan,nan,0.13656,-0.11227999999999999,nan,nan,nan,nan,-1.0313,nan,nan,nan,nan,nan,-1.0313,-1.0313,nan,nan,nan,nan,nan,nan,nan,nan,-1.0313,nan,nan,nan,nan,nan,-1.0313,nan,-1.0313,-1.0313,-1.0313,nan
7.0,-0.58149,-0.49551999999999996,nan,nan,nan,nan,0.67725,nan,nan,nan,1.454,nan,nan,nan,nan,1.0618,nan,nan,nan,nan,-0.08053099999999999,nan,-0.51266,-0.5748,nan,nan,nan,nan,0.4282,nan,0.89112,1.088,1.3217,nan,nan,1.5519999999999998,nan,nan,nan,nan,nan,nan,nan,nan,nan,nan,nan,nan,nan,nan,-1.0491,nan,-1.0491,nan,nan,nan,-1.0491,nan,-1.0491,-1.0491,nan,nan,nan,-1.0491,nan,nan,nan,nan,nan,nan,-1.0491,nan,nan,-1.0491,nan,nan,nan,nan,nan,nan
4.0,-0.84059,nan,-0.608,nan,nan,nan,nan,nan,nan,nan,1.4965,nan,nan,1.4262,nan,0.98824,nan,nan,nan,nan,nan,-0.70425,nan,nan,nan,nan,nan,0.10265999999999999,nan,0.67335,0.9476100000000001,nan,nan,nan,nan,nan,nan,1.4684,nan,nan,nan,nan,nan,nan,nan,nan,nan,-0.28633000000000003,nan,nan,nan,-0.7843,nan,nan,nan,nan,nan,nan,-1.1357,-1.0502,nan,nan,nan,nan,nan,-0.6267,nan,nan,nan,-1.0884,-1.2022,nan,nan,-1.1275,nan,nan,nan,-0.53482,nan,-0.61439
8.0,-0.59182,-0.5122899999999999,nan,nan,nan,0.3792,nan,nan,1.1416,1.4023,nan,nan,nan,nan,nan,nan,nan,nan,nan,nan,nan,-0.36748000000000003,nan,-0.57715,-0.4551,-0.23836999999999997,nan,nan,nan,nan,nan,nan,nan,nan,nan,1.5579,1.4283,nan,nan,nan,nan,nan,nan,nan,nan,nan,nan,nan,nan,-0.49468999999999996,nan,nan,nan,-1.0408,nan,-1.0408,nan,nan,nan,nan,nan,nan,-1.0408,nan,nan,nan,nan,-1.0408,nan,nan,nan,nan,-1.0408,nan,-1.0408,-1.0408,nan,nan,nan,nan
8.0,-0.61275,nan,nan,nan,nan,nan,nan,nan,1.1031,nan,nan,nan,nan,1.5706,nan,nan,nan,nan,nan,nan,0.061480999999999994,-0.18405,-0.39731,-0.5763,nan,nan,nan,nan,nan,nan,nan,0.9849600000000001,nan,nan,nan,nan,1.5016,1.3921,nan,nan,nan,1.3814,nan,0.87371,nan,nan,nan,nan,nan,nan,nan,nan,nan,nan,nan,-1.0385,-1.0385,nan,nan,nan,nan,nan,nan,nan,nan,nan,nan,-1.0385,nan,nan,nan,nan,nan,nan,nan,nan,nan,nan,nan,nan
8.0,-0.60726,nan,nan,nan,nan,nan,0.65484,0.87889,1.1192,nan,nan,1.4016,nan,nan,nan,nan,nan,nan,0.40035,nan,nan,nan,nan,-0.6269600000000001,nan,nan,nan,nan,nan,nan,nan,1.0761,nan,nan,nan,nan,nan,nan,nan,nan,nan,nan,nan,0.9558,0.70892,0.4792,nan,nan,nan,nan,-1.0331,nan,nan,-1.0331,nan,nan,nan,nan,-1.0331,nan,nan,nan,nan,nan,nan,nan,nan,nan,nan,nan,nan,nan,nan,nan,nan,nan,nan,nan,nan,nan
5.0,-0.8911600000000001,nan,nan,nan,nan,0.097011,0.39058000000000004,nan,1.0102,nan,nan,nan,1.588,nan,nan,nan,nan,nan,nan,nan,nan,nan,nan,nan,nan,nan,nan,-0.33251,nan,nan,nan,nan,1.1064,nan,nan,nan,nan,nan,nan,nan,nan,1.4093,1.1483,nan,nan,0.29888000000000003,-0.002151,nan,-0.57286,nan,nan,nan,nan,-0.85052,nan,-1.1661,nan,-1.3181,nan,nan,nan,nan,-0.65745,nan,nan,nan,nan,nan,nan,nan,nan,nan,nan,nan,nan,-1.0122,nan,nan,nan,nan
8.0,-0.65476,-0.59814,-0.3863,-0.14101,nan,0.34779,nan,nan,nan,nan,nan,nan,nan,1.5239,1.3909,nan,nan,nan,nan,nan,nan,-0.2721,nan,nan,nan,nan,nan,nan,nan,nan,nan,nan,nan,nan,nan,nan,1.5625,nan,nan,nan,nan,nan,nan,0.8761899999999999,nan,0.34942,nan,nan,nan,nan,-1.0111,nan,-1.0111,nan,nan,nan,nan,-1.0111,nan,nan,nan,nan,nan,nan,nan,nan,nan,-1.0111,nan,-1.0111,-1.0111,nan,nan,nan,nan,nan,nan,-1.0111,nan,nan
6.0,-0.93021,nan,nan,nan,nan,0.30091999999999997,nan,0.9038299999999999,1.1673,nan,1.6748,1.6342,nan,nan,nan,nan,nan,nan,0.5164,nan,nan,-0.34506,nan,nan,nan,-0.84062,nan,nan,nan,nan,0.47523000000000004,0.73998,1.0317,nan,nan,nan,nan,nan,nan,nan,nan,nan,nan,0.82511,nan,nan,nan,-0.36091999999999996,nan,nan,nan,nan,nan,nan,nan,nan,-1.2667,nan,nan,nan,nan,nan,nan,nan,nan,nan,-0.62865,nan,nan,nan,nan,nan,-1.2785,nan,-1.1361,nan,nan,nan,nan,nan
5.0,-0.8777,nan,nan,nan,nan,0.21305,nan,nan,nan,nan,nan,nan,nan,nan,nan,nan,nan,nan,nan,nan,nan,-0.57193,nan,nan,nan,nan,nan,nan,nan,nan,0.8093100000000001,0.96785,nan,nan,nan,nan,nan,nan,nan,nan,nan,nan,nan,nan,0.5253899999999999,nan,nan,nan,nan,nan,nan,nan,nan,nan,nan,-1.265,-1.2851,-1.2348,nan,nan,nan,nan,nan,nan,nan,nan,nan,nan,nan,nan,nan,nan,nan,nan,nan,nan,nan,nan,nan,nan
4.0,-0.8515,nan,nan,nan,-0.046869,nan,nan,nan,nan,1.3,nan,nan,nan,nan,nan,nan,nan,nan,nan,0.13812,-0.1468,-0.41923999999999995,nan,nan,nan,nan,nan,nan,0.18742999999999999,nan,nan,1.0478,nan,nan,nan,nan,nan,nan,nan,nan,nan,nan,nan,nan,nan,nan,nan,nan,-0.57131,-0.73669,nan,nan,nan,nan,nan,nan,nan,nan,nan,nan,nan,nan,nan,-0.6664800000000001,nan,nan,nan,-0.82285,nan,nan,nan,nan,nan,nan,-1.0727,-0.9166700000000001,-0.75592,nan,nan,-0.49217
4.0,-0.7895399999999999,nan,nan,-0.27143,nan,nan,nan,nan,nan,nan,nan,nan,nan,1.5551,nan,nan,nan,nan,nan,nan,nan,nan,nan,nan,nan,nan,nan,nan,nan,nan,nan,nan,nan,1.6179,nan,1.5474,nan,nan,1.6322,nan,nan,nan,nan,nan,0.51034,nan,nan,nan,-0.53599,nan,-0.65695,nan,nan,nan,nan,-1.1908,nan,nan,nan,nan,-0.91266,nan,-0.7932600000000001,-0.7077100000000001,nan,-0.7165,nan,nan,nan,nan,-1.1922,-1.2743,nan,nan,nan,nan,nan,nan,nan,nan
4.0,-0.8273299999999999,nan,nan,nan,nan,nan,nan,nan,1.1726,nan,nan,nan,nan,nan,nan,nan,nan,nan,nan,nan,nan,-0.57963,nan,nan,nan,nan,nan,nan,0.10751,0.40698,nan,nan,nan,1.5441,nan,nan,nan,nan,nan,1.6797,nan,nan,nan,0.84821,nan,0.22899999999999998,nan,nan,nan,-0.75067,nan,nan,nan,nan,nan,nan,nan,-1.2041,nan,nan,nan,nan,-0.9065,nan,nan,nan,nan,nan,nan,nan,-1.0557,nan,-1.2674,nan,nan,-0.96526,nan,nan,nan,nan
8.0,-0.65968,-0.5519,nan,nan,nan,0.48078000000000004,nan,nan,nan,nan,nan,nan,nan,nan,1.3496,nan,nan,0.74229,nan,nan,-0.023632,nan,nan,nan,nan,nan,nan,nan,nan,nan,nan,nan,nan,nan,nan,nan,nan,1.4419,nan,nan,nan,nan,nan,nan,nan,nan,nan,-0.11725,nan,-0.55279,nan,nan,nan,nan,nan,nan,nan,nan,nan,-1.028,nan,nan,nan,nan,nan,-1.028,nan,-1.028,nan,nan,nan,-1.028,nan,nan,nan,nan,nan,nan,nan,nan
4.0,-0.63464,nan,nan,nan,-0.076735,nan,nan,nan,1.0119,nan,nan,1.4889,nan,nan,nan,nan,nan,nan,nan,nan,nan,nan,nan,nan,nan,nan,nan,nan,nan,nan,nan,nan,nan,nan,nan,nan,nan,nan,1.5949,nan,1.7333,nan,nan,nan,0.61303,nan,nan,nan,nan,-0.56283,nan,nan,nan,-0.9693299999999999,nan,nan,nan,-1.2105,nan,nan,nan,-0.9711,-0.9749,-0.8894700000000001,nan,nan,nan,-0.8314,-0.9152899999999999,nan,nan,nan,nan,nan,nan,nan,nan,nan,nan,nan
4.0,-0.8114,-0.80991,nan,nan,nan,nan,nan,nan,nan,nan,nan,nan,nan,1.3092,nan,0.9447,nan,nan,nan,-0.25406,-0.5110600000000001,nan,-0.78951,nan,nan,nan,nan,nan,0.67807,0.9585899999999999,nan,nan,nan,nan,nan,1.4222,nan,nan,nan,nan,nan,nan,nan,nan,nan,nan,nan,-0.31979,nan,nan,nan,nan,nan,nan,-1.0528,nan,nan,nan,nan,nan,nan,nan,nan,-0.66032,nan,nan,nan,nan,nan,nan,nan,nan,nan,nan,-1.0495,nan,nan,nan,nan,-0.61623
6.0,-0.91235,nan,nan,nan,nan,nan,nan,nan,nan,1.3797,nan,nan,1.5391,nan,nan,nan,nan,nan,nan,nan,nan,nan,nan,nan,nan,nan,nan,-0.40449,nan,nan,nan,nan,nan,nan,nan,nan,nan,nan,nan,nan,nan,nan,1.1996,nan,nan,nan,0.0022305999999999997,nan,nan,nan,nan,nan,nan,nan,nan,nan,nan,nan,nan,nan,nan,nan,-0.69252,nan,nan,-0.6452899999999999,nan,-0.84859,nan,nan,nan,nan,nan,-1.1284,nan,nan,-0.68324,nan,nan,nan
4.0,-0.70937,nan,nan,nan,nan,nan,nan,nan,1.0948,nan,nan,nan,nan,nan,nan,1.0768,nan,nan,nan,nan,nan,nan,nan,-0.75873,nan,-0.43351999999999996,nan,nan,0.34776999999999997,nan,nan,nan,nan,nan,nan,nan,nan,nan,nan,nan,1.6833,nan,nan,nan,nan,nan,nan,-0.28293,-0.5324300000000001,nan,nan,-0.70093,nan,nan,nan,nan,nan,-1.2554,-1.1454,nan,-0.9129700000000001,nan,nan,-0.68801,nan,-0.6573899999999999,nan,-0.7956,-0.9434,-1.0747,nan,nan,nan,nan,nan,nan,nan,-0.68742,nan,nan
5.0,-0.8355299999999999,nan,nan,nan,-0.079386,nan,nan,nan,1.1051,1.4256,nan,nan,nan,nan,nan,nan,nan,0.7915,nan,nan,nan,nan,nan,-0.82476,-0.86159,nan,nan,nan,nan,0.42888999999999994,nan,nan,nan,nan,1.4834,nan,nan,nan,nan,nan,1.6862,nan,nan,nan,0.58543,nan,nan,nan,nan,nan,-0.38936,nan,nan,-0.80871,nan,nan,nan,nan,nan,-1.2228,nan,nan,nan,nan,nan,nan,nan,nan,nan,nan,nan,nan,nan,nan,-1.2065,nan,nan,-0.65273,nan,-0.36328
7.0,-0.59255,nan,nan,nan,nan,nan,0.65663,nan,nan,1.3964,nan,nan,nan,nan,nan,nan,nan,nan,nan,0.52173,nan,nan,nan,nan,nan,nan,nan,-0.13508,0.087035,nan,nan,nan,0.95404,nan,1.3769999999999998,1.4942,1.4242,nan,nan,nan,nan,nan,1.112,nan,0.66486,nan,0.18282,nan,nan,nan,nan,-1.0402,nan,nan,nan,nan,nan,nan,-1.0402,nan,nan,nan,nan,nan,nan,nan,nan,nan,nan,nan,nan,nan,nan,nan,nan,nan,nan,nan,nan,nan
4.0,-0.82189,nan,-0.51976,nan,nan,nan,nan,nan,nan,nan,nan,nan,nan,nan,nan,nan,nan,nan,nan,nan,-0.27161,nan,nan,nan,nan,-0.53204,nan,nan,0.31903000000000004,nan,nan,1.1273,nan,1.6371,nan,nan,nan,nan,nan,1.7819999999999998,nan,nan,nan,nan,nan,nan,nan,-0.29521,nan,-0.75918,nan,nan,nan,nan,nan,nan,-1.1465,nan,nan,nan,nan,-0.8968299999999999,nan,nan,nan,nan,-0.66901,nan,-0.8143600000000001,nan,nan,nan,-1.2681,nan,nan,nan,-0.8748600000000001,nan,-0.58103,nan
8.0,-0.6038399999999999,nan,nan,nan,nan,nan,nan,nan,nan,nan,nan,nan,nan,nan,nan,nan,nan,nan,nan,0.35015,nan,nan,-0.32294,nan,-0.5844699999999999,nan,-0.34534000000000004,nan,nan,nan,nan,0.80333,nan,1.2624,nan,nan,nan,nan,nan,nan,nan,nan,nan,nan,nan,nan,nan,nan,-0.31797,nan,-1.0308,nan,-1.0308,nan,nan,nan,-1.0308,-1.0308,nan,-1.0308,-1.0308,-1.0308,nan,nan,nan,nan,nan,nan,nan,-1.0308,-1.0308,nan,nan,nan,-1.0308,nan,nan,nan,nan,nan
8.0,-0.54514,-0.46879,-0.2797,-0.095992,nan,nan,0.66778,nan,nan,nan,1.4951,nan,nan,nan,nan,nan,nan,nan,nan,0.085918,nan,nan,nan,nan,nan,nan,nan,0.2294,0.48015,nan,nan,1.1908,nan,nan,nan,nan,nan,1.4123,nan,nan,nan,nan,nan,0.78566,0.54573,nan,nan,nan,-0.39464,nan,nan,nan,-1.0415,nan,nan,-1.0415,-1.0415,-1.0415,-1.0415,nan,nan,nan,nan,nan,nan,-1.0415,nan,nan,nan,nan,nan,nan,nan,nan,nan,nan,nan,-1.0415,-1.0415,nan
4.0,-0.77477,nan,nan,-0.25082,0.019962,0.31894,nan,nan,nan,nan,nan,nan,1.5624,nan,nan,nan,nan,nan,nan,nan,-0.29996,-0.5615399999999999,nan,-0.8375600000000001,nan,-0.55716,nan,nan,0.24748,nan,0.81538,nan,1.3142,nan,nan,nan,nan,nan,1.6818,nan,1.6545,1.4731,nan,nan,nan,nan,nan,nan,-0.54362,nan,nan,nan,-0.84057,nan,nan,nan,nan,nan,nan,nan,nan,nan,nan,nan,nan,-0.75758,-0.7208600000000001,-0.7762,nan,nan,nan,nan,nan,nan,-1.1389,nan,nan,-0.70396,-0.60058,-0.5931
8.0,-0.61758,nan,nan,-0.10820999999999999,nan,nan,nan,nan,nan,nan,nan,1.5525,nan,nan,nan,1.2647,nan,nan,nan,nan,nan,nan,nan,nan,nan,nan,nan,nan,0.17034000000000002,0.41553,nan,nan,nan,nan,nan,nan,1.5225,1.4249,nan,nan,nan,1.2762,nan,nan,nan,nan,nan,nan,nan,-0.51451,nan,-1.032,-1.032,-1.032,nan,nan,nan,nan,-1.032,nan,nan,-1.032,nan,nan,nan,-1.032,nan,-1.032,nan,nan,-1.032,nan,-1.032,-1.032,nan,nan,-1.032,nan,-1.032,nan
8.0,-0.64432,nan,nan,nan,nan,nan,nan,nan,nan,nan,nan,nan,nan,nan,nan,1.0179,0.8210200000000001,nan,nan,nan,nan,nan,nan,-0.64431,nan,nan,nan,nan,nan,nan,nan,nan,1.3689,nan,nan,1.6031,nan,nan,nan,nan,nan,1.3532,nan,nan,nan,nan,nan,nan,nan,nan,nan,-1.0269,nan,-1.0269,nan,nan,nan,nan,nan,-1.0269,nan,nan,nan,nan,nan,-1.0269,nan,-1.0269,nan,nan,-1.0269,nan,nan,nan,nan,nan,nan,nan,nan,nan
4.0,-0.76818,nan,-0.48944,nan,nan,0.32632,nan,nan,nan,nan,nan,nan,nan,nan,nan,nan,nan,0.50316,nan,nan,nan,nan,nan,nan,nan,nan,nan,nan,nan,0.57668,nan,nan,nan,nan,nan,nan,1.4725,nan,nan,nan,nan,nan,nan,nan,nan,nan,nan,nan,nan,nan,nan,-0.6815,nan,-0.9486899999999999,nan,nan,nan,nan,nan,nan,nan,nan,-0.87584,nan,nan,nan,-0.70587,nan,nan,nan,nan,nan,nan,nan,-1.1511,nan,nan,nan,nan,nan
8.0,-0.65,nan,nan,nan,0.16402,0.4328,nan,nan,nan,nan,nan,nan,nan,nan,1.2377,nan,nan,nan,0.31742,nan,-0.19211,nan,nan,nan,nan,-0.2477,nan,nan,nan,0.68967,nan,1.1631,nan,nan,nan,nan,nan,nan,1.5284,nan,1.5376,nan,nan,nan,0.59317,nan,nan,nan,nan,nan,nan,nan,nan,nan,nan,nan,nan,nan,-1.0259,nan,-1.0259,nan,nan,nan,nan,nan,nan,nan,nan,-1.0259,-1.0259,nan,-1.0259,-1.0259,nan,nan,-1.0259,nan,nan,nan
8.0,-0.56879,nan,nan,nan,0.098129,nan,nan,nan,nan,nan,nan,nan,nan,1.5142,nan,nan,0.8708600000000001,nan,nan,nan,-0.10720999999999999,nan,nan,nan,nan,nan,nan,nan,nan,nan,0.8664200000000001,nan,1.3609,nan,nan,1.5831,nan,nan,1.4414,nan,nan,nan,nan,nan,0.65876,nan,nan,nan,nan,nan,-1.0335,nan,nan,nan,-1.0335,nan,nan,nan,-1.0335,nan,nan,nan,nan,nan,nan,nan,nan,-1.0335,nan,nan,nan,nan,nan,nan,nan,nan,nan,nan,-1.0335,nan
5.0,-0.8848799999999999,-0.7985399999999999,nan,nan,nan,nan,nan,0.83906,nan,nan,nan,nan,nan,nan,nan,nan,nan,nan,0.41171,nan,nan,nan,nan,nan,nan,nan,nan,-0.13707,nan,0.41643,nan,0.98441,1.2916,nan,1.5579,nan,nan,nan,nan,nan,nan,nan,nan,nan,nan,nan,nan,-0.34755,nan,nan,nan,nan,nan,nan,nan,nan,nan,nan,nan,nan,-1.0161,nan,nan,nan,nan,nan,nan,nan,nan,nan,nan,nan,nan,-1.3232,-1.1427,nan,nan,nan,-0.41315,nan
8.0,-0.57818,nan,-0.33779000000000003,nan,nan,0.44191,0.68861,0.9276399999999999,nan,nan,nan,nan,nan,nan,nan,1.3723,1.1376,nan,0.73173,nan,nan,nan,nan,nan,nan,nan,nan,nan,nan,nan,0.52148,nan,nan,nan,nan,1.5237,nan,nan,nan,nan,nan,nan,nan,0.85596,nan,0.38194,nan,nan,nan,-0.5114,nan,nan,nan,nan,nan,nan,-1.0342,-1.0342,nan,nan,nan,nan,nan,nan,nan,nan,-1.0342,-1.0342,-1.0342,-1.0342,nan,-1.0342,nan,-1.0342,nan,nan,nan,nan,nan,nan
8.0,-0.60927,nan,nan,nan,0.17765,nan,nan,nan,nan,nan,nan,nan,nan,1.4888,nan,1.2152,nan,nan,0.51437,nan,-0.020062,nan,nan,-0.59115,nan,nan,nan,nan,nan,0.53295,nan,nan,1.2456,nan,nan,nan,nan,nan,nan,nan,1.5331,nan,nan,nan,nan,nan,0.11961,nan,nan,nan,nan,-1.0301,nan,nan,nan,nan,nan,nan,nan,nan,nan,nan,nan,nan,nan,nan,-1.0301,nan,nan,nan,nan,nan,nan,-1.0301,nan,-1.0301,nan,nan,nan,nan
4.0,-0.80388,nan,nan,nan,nan,nan,0.53932,nan,nan,nan,nan,nan,1.4365,nan,nan,nan,nan,nan,nan,-0.16755,nan,nan,nan,nan,nan,nan,nan,nan,0.41757,0.70791,nan,nan,nan,nan,nan,nan,1.4592,1.5795,nan,nan,nan,nan,nan,nan,nan,nan,nan,nan,nan,nan,nan,nan,-0.78086,nan,nan,nan,nan,nan,nan,-1.0707,nan,nan,nan,nan,nan,nan,-0.63093,nan,nan,-0.9525600000000001,nan,nan,nan,nan,nan,nan,nan,nan,-0.62825,nan
4.0,-0.8390799999999999,nan,nan,-0.31578,nan,0.27626999999999996,nan,nan,nan,nan,nan,nan,nan,nan,nan,nan,nan,nan,nan,nan,nan,nan,nan,nan,nan,nan,nan,nan,nan,nan,nan,nan,nan,nan,nan,1.6029,nan,nan,nan,nan,nan,1.3672,nan,nan,nan,0.18238,nan,nan,nan,nan,nan,nan,nan,nan,nan,nan,nan,-1.2635,nan,nan,nan,-0.87445,nan,nan,nan,nan,nan,nan,-0.76371,nan,nan,nan,nan,nan,-1.183,nan,nan,-0.76944,nan,nan
8.0,-0.66397,-0.56543,nan,nan,nan,nan,nan,nan,nan,nan,nan,nan,nan,nan,nan,nan,0.86167,nan,nan,nan,nan,nan,-0.56838,nan,-0.5487,nan,nan,0.12728,nan,0.60302,nan,1.0746,nan,nan,1.5982,nan,1.5408,nan,nan,nan,1.5712,1.3543,nan,nan,nan,nan,nan,nan,-0.3426,nan,nan,nan,nan,nan,nan,nan,nan,nan,nan,nan,nan,nan,nan,-1.0211,-1.0211,nan,nan,nan,nan,nan,nan,nan,-1.0211,nan,nan,nan,nan,nan,nan,-1.0211
8.0,-0.61606,nan,nan,-0.099379,nan,0.38577,nan,nan,1.1683,nan,nan,1.47,nan,nan,1.2972,1.1271,nan,nan,0.50269,nan,nan,nan,nan,nan,nan,nan,nan,0.030552999999999997,nan,nan,nan,nan,1.1761,nan,nan,nan,nan,nan,1.4631,nan,nan,nan,nan,0.88592,nan,nan,nan,nan,nan,nan,nan,nan,nan,-1.0276,nan,-1.0276,-1.0276,nan,-1.0276,nan,nan,nan,-1.0276,nan,nan,nan,-1.0276,-1.0276,nan,nan,nan,nan,nan,-1.0276,nan,nan,nan,nan,-1.0276,nan
4.0,-0.75946,nan,nan,nan,nan,nan,nan,nan,nan,nan,1.4823,nan,nan,nan,nan,nan,0.88225,nan,0.3768,nan,nan,-0.47284,nan,nan,nan,nan,nan,nan,nan,0.49405,nan,nan,1.3437,nan,nan,nan,nan,nan,1.6173,nan,nan,nan,nan,nan,0.5875199999999999,nan,nan,nan,nan,nan,nan,nan,nan,nan,-0.9769200000000001,-1.0801,nan,nan,nan,-1.0534,nan,-1.0323,nan,nan,nan,nan,nan,nan,nan,nan,nan,nan,-1.2227,nan,-1.1143,nan,-0.9035200000000001,nan,nan,nan
5.0,-0.8277700000000001,nan,nan,nan,nan,nan,nan,nan,nan,nan,nan,nan,nan,1.4857,1.5130000000000001,nan,nan,nan,nan,nan,nan,nan,nan,-0.79862,nan,-0.70741,nan,nan,nan,nan,nan,nan,nan,nan,nan,nan,nan,nan,nan,nan,1.6948,nan,nan,0.90786,nan,nan,nan,nan,-0.6199399999999999,nan,nan,-0.63831,nan,nan,nan,nan,nan,-1.2919,nan,nan,nan,nan,nan,nan,nan,nan,nan,nan,nan,-1.094,nan,nan,-1.4177,-1.263,nan,nan,nan,nan,nan,nan
7.0,-0.68111,nan,-0.38429,nan,nan,nan,nan,nan,nan,nan,nan,nan,1.5109,nan,nan,1.1335,nan,nan,nan,0.21049,nan,nan,-0.52264,nan,-0.6400600000000001,nan,nan,nan,0.25923,nan,nan,nan,1.2249,nan,1.6594,nan,nan,1.4483,nan,1.5632,nan,nan,1.0858,nan,nan,0.35735,nan,nan,nan,nan,nan,nan,nan,nan,nan,nan,nan,nan,nan,nan,nan,-1.0116,nan,nan,nan,nan,nan,-1.0116,nan,-1.0116,nan,nan,nan,-1.0116,nan,nan,nan,-1.0116,nan,nan
7.0,-0.8415299999999999,nan,nan,nan,nan,nan,nan,0.82189,nan,nan,nan,nan,1.5127,nan,nan,nan,nan,nan,nan,0.47939,nan,nan,nan,nan,nan,nan,nan,nan,nan,nan,0.41017,nan,nan,nan,1.5214,nan,nan,nan,nan,nan,1.5985,nan,nan,nan,nan,nan,nan,-0.30009,nan,-0.7648699999999999,-0.49942,nan,nan,nan,nan,-1.1777,nan,nan,nan,nan,nan,nan,nan,-0.55776,nan,nan,-0.58354,nan,-0.80985,nan,nan,nan,nan,nan,nan,nan,-0.86315,-0.7081,-0.5322100000000001,nan
8.0,-0.57145,nan,-0.29145,nan,0.14752,nan,nan,nan,1.1406,nan,1.4859,nan,nan,1.4656,1.4574,nan,nan,0.81321,nan,nan,nan,-0.19385,nan,nan,-0.51931,-0.36432,nan,nan,nan,nan,nan,nan,nan,nan,nan,nan,nan,nan,nan,nan,nan,nan,nan,nan,nan,nan,nan,nan,-0.31424,nan,nan,nan,nan,nan,nan,nan,-1.0515,nan,-1.0515,-1.0515,nan,-1.0515,nan,nan,nan,nan,nan,nan,-1.0515,nan,-1.0515,nan,nan,nan,nan,nan,nan,-1.0515,nan,-1.0515
8.0,-0.57449,nan,nan,nan,nan,0.43296999999999997,nan,nan,nan,1.4043,nan,nan,nan,nan,nan,nan,nan,nan,nan,nan,nan,nan,nan,nan,nan,nan,nan,nan,0.20518000000000003,nan,0.68193,nan,nan,nan,nan,nan,nan,nan,nan,1.4941,nan,nan,nan,nan,nan,nan,nan,nan,nan,nan,-1.0514,-1.0514,nan,nan,-1.0514,nan,nan,nan,-1.0514,nan,nan,-1.0514,nan,nan,nan,nan,-1.0514,nan,nan,nan,nan,nan,-1.0514,nan,-1.0514,-1.0514,nan,nan,nan,nan
6.0,-0.97254,nan,nan,nan,-0.048862,nan,nan,nan,nan,nan,nan,nan,1.5915,nan,nan,1.0543,nan,nan,nan,nan,nan,nan,nan,-0.96765,nan,nan,-0.32726,nan,nan,nan,nan,nan,1.3031,nan,nan,1.5456,nan,nan,nan,nan,nan,nan,nan,nan,nan,0.2415,nan,-0.36145,nan,nan,nan,-0.50853,nan,nan,-1.063,nan,nan,nan,-1.2167,nan,nan,-0.73666,nan,nan,nan,nan,nan,nan,nan,nan,nan,nan,nan,nan,nan,nan,nan,-0.63388,nan,nan
4.0,-0.6863199999999999,-0.62683,nan,nan,nan,0.27426999999999996,nan,0.71423,nan,nan,nan,1.5895,nan,nan,nan,nan,nan,0.67792,0.49849,nan,nan,nan,nan,nan,nan,nan,nan,nan,0.039689999999999996,nan,nan,nan,nan,1.4615,nan,nan,nan,nan,nan,nan,1.6292,nan,nan,nan,nan,nan,nan,-0.23068000000000002,nan,-0.61919,nan,-0.71404,nan,-0.9250200000000001,nan,nan,nan,nan,nan,-1.157,nan,-0.9409,nan,nan,-0.73814,nan,nan,nan,nan,nan,nan,nan,nan,-1.2412,-1.1687,nan,nan,nan,-0.7156,-0.64269
5.0,-0.82231,nan,nan,nan,nan,nan,nan,0.77609,nan,nan,nan,nan,1.5097,nan,nan,nan,nan,nan,nan,-0.057271,nan,nan,-0.79877,-0.8617100000000001,nan,-0.51185,nan,0.01963,nan,nan,nan,nan,nan,nan,nan,nan,1.5297,nan,nan,1.7753,nan,nan,1.197,nan,nan,nan,nan,nan,nan,nan,-0.6150399999999999,nan,-0.8327600000000001,-0.94396,nan,nan,nan,nan,nan,-1.1263,nan,nan,nan,nan,nan,-0.63526,nan,nan,nan,-1.0111,-1.1368,nan,nan,nan,-1.0712,nan,-0.80752,nan,nan,nan
8.0,-0.61145,nan,nan,nan,nan,nan,nan,nan,nan,1.3319,1.5502,nan,nan,1.5129,nan,nan,nan,0.86182,nan,nan,0.14725,nan,-0.23600000000000002,nan,nan,nan,nan,-0.14318,nan,nan,nan,nan,nan,nan,1.4676,1.5853,nan,nan,nan,nan,1.5596,nan,nan,0.93427,nan,nan,nan,nan,nan,-0.52568,-1.0378,-1.0378,nan,-1.0378,-1.0378,nan,nan,nan,nan,-1.0378,nan,nan,nan,nan,-1.0378,nan,nan,-1.0378,nan,nan,-1.0378,nan,-1.0378,nan,-1.0378,nan,nan,nan,-1.0378,nan
5.0,-0.78515,nan,nan,nan,nan,nan,nan,nan,nan,nan,nan,nan,nan,nan,nan,nan,nan,nan,nan,nan,nan,nan,nan,nan,nan,nan,-0.48036999999999996,nan,nan,nan,nan,0.91464,nan,nan,nan,nan,nan,nan,nan,1.6161,nan,1.4516,nan,nan,nan,nan,nan,-0.34278000000000003,nan,nan,nan,nan,-0.7219,nan,nan,-1.149,nan,nan,nan,nan,nan,nan,nan,nan,-0.6295,nan,nan,nan,nan,nan,nan,nan,nan,nan,nan,nan,-0.8799,nan,nan,nan
8.0,-0.57305,-0.5424399999999999,-0.32744,nan,nan,nan,nan,nan,nan,nan,nan,nan,1.4551,nan,nan,nan,nan,nan,0.42877,nan,nan,nan,nan,nan,nan,nan,nan,0.1337,0.39402,0.64013,nan,nan,1.3391,nan,nan,nan,nan,nan,nan,nan,nan,1.3128,1.0938,nan,0.63881,nan,nan,nan,nan,-0.49911000000000005,-1.0418,nan,nan,-1.0418,nan,nan,nan,nan,nan,nan,nan,nan,nan,-1.0418,nan,nan,nan,nan,nan,nan,nan,nan,-1.0418,nan,nan,nan,nan,nan,-1.0418,nan
4.0,-0.7639100000000001,nan,nan,-0.28655,nan,nan,nan,nan,nan,nan,nan,1.4863,1.4941,nan,nan,nan,nan,nan,nan,nan,nan,nan,-0.6822199999999999,nan,-0.70835,nan,nan,nan,nan,nan,0.9111799999999999,nan,1.5278,nan,nan,nan,nan,nan,nan,nan,1.6396,1.3952,nan,nan,nan,nan,nan,-0.31882,nan,-0.72854,nan,nan,-0.71031,-0.80774,nan,nan,nan,nan,nan,nan,-1.0766,nan,-0.8486100000000001,nan,nan,-0.6248600000000001,nan,nan,nan,nan,nan,nan,nan,-1.3544,nan,nan,nan,nan,nan,nan
6.0,-0.9171100000000001,nan,-0.6040399999999999,nan,nan,nan,nan,nan,1.2765,nan,nan,nan,nan,nan,nan,1.3858,nan,nan,nan,nan,nan,nan,nan,nan,nan,nan,nan,-0.40399,nan,nan,nan,0.7842399999999999,nan,nan,1.5694,nan,1.475,nan,nan,nan,nan,nan,nan,nan,nan,nan,nan,-0.33478,nan,nan,-0.50008,-0.58723,-0.68137,nan,nan,nan,nan,nan,nan,nan,nan,nan,nan,nan,-0.61301,nan,-0.6714600000000001,nan,-0.85477,nan,-1.1259,nan,-1.3105,nan,-1.1189,nan,nan,nan,-0.45136000000000004,nan
4.0,-0.79497,nan,nan,nan,nan,nan,nan,nan,nan,1.2311,nan,nan,nan,1.4531,nan,nan,nan,0.58924,nan,nan,nan,nan,nan,nan,-0.6711,-0.45247,nan,nan,nan,nan,nan,nan,nan,nan,nan,nan,nan,nan,nan,nan,nan,nan,nan,nan,nan,nan,nan,nan,-0.5243399999999999,-0.72783,-0.60263,nan,nan,-0.9146200000000001,-1.0334,nan,nan,nan,nan,nan,-1.0667,nan,-0.86603,nan,nan,-0.66772,nan,nan,nan,nan,nan,nan,nan,nan,nan,-1.0979999999999999,nan,nan,nan,nan
8.0,-0.56566,nan,nan,nan,nan,nan,nan,0.87346,nan,nan,nan,nan,nan,nan,nan,nan,nan,nan,nan,nan,nan,nan,nan,nan,nan,nan,nan,nan,nan,0.35209,nan,nan,nan,nan,nan,nan,nan,nan,nan,1.4427,1.4687,nan,1.038,nan,nan,nan,nan,nan,nan,nan,-1.0448,-1.0448,nan,nan,nan,nan,nan,nan,nan,nan,nan,nan,nan,nan,nan,nan,nan,nan,nan,nan,nan,-1.0448,nan,-1.0448,nan,nan,nan,nan,nan,-1.0448
5.0,-0.90159,-0.80135,nan,nan,nan,0.32687,nan,0.8674200000000001,1.1021,nan,nan,nan,nan,nan,nan,nan,nan,0.32461,nan,nan,nan,nan,nan,nan,nan,nan,nan,nan,nan,nan,nan,nan,nan,nan,nan,1.5849,1.4894,nan,nan,1.7953,nan,nan,nan,nan,nan,nan,nan,nan,nan,nan,-0.5454100000000001,nan,nan,nan,nan,nan,nan,nan,nan,nan,-0.9922,nan,-0.8140000000000001,nan,-0.65249,nan,-0.7145600000000001,nan,nan,nan,nan,-1.2424,nan,nan,nan,nan,nan,nan,nan,nan
5.0,-0.8225299999999999,nan,nan,nan,nan,nan,nan,nan,nan,nan,1.5879,nan,nan,nan,nan,1.2705,nan,nan,nan,nan,nan,nan,nan,nan,nan,nan,nan,nan,nan,0.34486,nan,nan,nan,nan,1.5431,nan,1.5053,nan,1.6331,nan,nan,1.4367,nan,nan,nan,nan,nan,-0.32993,nan,nan,nan,nan,nan,nan,nan,nan,-1.2859,nan,nan,nan,nan,nan,nan,nan,-0.65895,-0.58099,nan,nan,-0.7916300000000001,nan,-1.0813,nan,nan,nan,nan,nan,nan,-0.63447,nan,nan
4.0,-0.80629,nan,nan,-0.26129,nan,nan,nan,0.8065,nan,nan,1.4866,nan,nan,1.5788,nan,nan,nan,nan,nan,nan,nan,nan,nan,-0.78027,nan,nan,nan,-0.28076999999999996,nan,nan,nan,0.8249,nan,nan,nan,nan,nan,nan,nan,nan,nan,nan,1.2757,0.97425,nan,nan,nan,nan,nan,nan,-0.63478,nan,nan,nan,nan,nan,-1.2581,nan,nan,nan,nan,-0.84783,nan,nan,nan,nan,nan,nan,nan,nan,nan,nan,nan,nan,-1.0981,nan,nan,nan,nan,nan
4.0,-0.76683,nan,-0.5723699999999999,nan,nan,nan,nan,nan,nan,nan,nan,nan,nan,nan,nan,nan,0.8801700000000001,nan,nan,nan,-0.22898000000000002,nan,nan,nan,-0.68355,nan,nan,nan,0.33457,0.61535,nan,nan,nan,nan,nan,1.493,nan,nan,nan,nan,nan,nan,nan,nan,0.51443,nan,nan,-0.2855,-0.53178,-0.70962,-0.55606,nan,-0.72511,nan,nan,-1.1366,nan,nan,nan,-1.0997,nan,nan,nan,nan,nan,nan,nan,nan,nan,-1.0356,nan,nan,nan,nan,nan,nan,-0.8323299999999999,nan,nan,nan
8.0,-0.62783,nan,nan,nan,nan,0.3663,nan,nan,nan,nan,nan,nan,nan,nan,nan,nan,nan,nan,nan,0.18263,nan,nan,nan,nan,-0.5874,nan,nan,nan,nan,nan,nan,1.1071,nan,nan,nan,nan,nan,nan,nan,1.6464,nan,nan,nan,nan,nan,nan,nan,nan,-0.35585,nan,nan,nan,nan,-1.0191,nan,nan,nan,nan,nan,nan,nan,nan,nan,nan,-1.0191,nan,nan,nan,-1.0191,nan,nan,nan,nan,nan,nan,nan,nan,-1.0191,nan,nan
4.0,-0.73645,nan,nan,nan,0.082258,nan,nan,nan,1.0384,nan,1.3991,1.3991,nan,1.3468,1.1086,nan,nan,nan,nan,nan,-0.34544,nan,-0.71751,nan,-0.62471,nan,nan,nan,nan,nan,nan,nan,nan,nan,1.5546,1.4252,1.3741,nan,nan,nan,nan,nan,nan,0.9156799999999999,nan,nan,nan,-0.22905,nan,-0.6846300000000001,nan,nan,-0.8428100000000001,nan,nan,nan,nan,-1.3022,nan,nan,-1.0072,nan,nan,-0.73533,nan,nan,nan,nan,nan,nan,nan,nan,-1.3591,nan,nan,nan,nan,nan,nan,-0.50053
8.0,-0.5734,nan,nan,nan,0.11387,nan,nan,nan,1.1427,nan,1.5462,1.4852,nan,nan,1.383,nan,nan,nan,nan,nan,nan,nan,nan,nan,-0.4784,nan,-0.066243,0.17876,nan,0.63089,nan,nan,nan,nan,nan,1.504,nan,nan,1.4631,nan,nan,nan,nan,nan,nan,nan,nan,nan,nan,nan,-1.0447,nan,nan,nan,nan,nan,nan,nan,-1.0447,nan,nan,nan,nan,nan,-1.0447,-1.0447,-1.0447,-1.0447,nan,nan,nan,nan,nan,nan,nan,nan,nan,-1.0447,nan,nan
4.0,-0.71031,nan,nan,nan,nan,nan,nan,0.69989,nan,nan,nan,nan,nan,1.5301,1.4328,1.1935,nan,nan,nan,nan,nan,nan,nan,nan,nan,nan,nan,nan,nan,nan,nan,1.1249,nan,nan,nan,nan,nan,nan,nan,nan,1.6206,nan,nan,nan,0.57985,0.28318000000000004,nan,nan,-0.53697,nan,nan,nan,nan,-0.8493200000000001,nan,nan,nan,nan,nan,-1.2152,nan,nan,nan,nan,nan,-0.68183,nan,nan,-0.81153,-0.92137,-1.0526,nan,nan,nan,nan,nan,nan,-0.8510200000000001,nan,nan
8.0,-0.61314,nan,nan,nan,nan,0.38722,nan,0.91748,nan,nan,nan,nan,nan,nan,nan,nan,nan,nan,0.38625,nan,nan,nan,nan,nan,nan,nan,-0.047228,nan,nan,nan,nan,nan,nan,nan,nan,1.5048,nan,nan,nan,nan,nan,1.2882,nan,0.8256700000000001,0.59845,nan,0.11525999999999999,nan,nan,nan,nan,nan,-1.0335,nan,nan,-1.0335,nan,nan,nan,nan,-1.0335,nan,nan,nan,-1.0335,nan,nan,nan,-1.0335,nan,nan,nan,nan,nan,-1.0335,nan,nan,nan,nan,-1.0335
8.0,-0.56402,nan,nan,nan,0.15104,nan,nan,0.90412,nan,nan,nan,1.5523,1.4857,nan,nan,nan,nan,nan,nan,nan,nan,nan,nan,nan,nan,-0.47329,-0.29996,nan,nan,0.43238000000000004,nan,nan,nan,nan,nan,1.4951,nan,nan,nan,nan,nan,nan,1.0305,nan,nan,nan,nan,nan,nan,nan,nan,nan,nan,-1.0489,-1.0489,nan,nan,-1.0489,nan,nan,nan,nan,-1.0489,nan,nan,nan,nan,nan,nan,-1.0489,nan,nan,-1.0489,nan,nan,nan,nan,nan,nan,-1.0489
8.0,-0.63453,nan,nan,nan,nan,0.40488,nan,nan,nan,nan,nan,nan,nan,nan,nan,nan,nan,nan,nan,nan,nan,nan,nan,nan,-0.62231,nan,nan,0.046127999999999995,nan,nan,nan,nan,nan,1.537,1.6276,nan,nan,nan,nan,nan,nan,nan,nan,nan,nan,nan,nan,nan,nan,nan,nan,nan,nan,nan,nan,nan,nan,nan,nan,nan,-1.018,nan,nan,nan,-1.018,nan,nan,nan,nan,nan,nan,nan,nan,nan,nan,nan,nan,nan,nan,nan
4.0,-0.70853,-0.64298,-0.44615,nan,-0.068885,nan,nan,0.79593,nan,nan,nan,nan,nan,nan,nan,nan,nan,0.57922,nan,nan,nan,nan,nan,nan,nan,nan,nan,nan,nan,nan,nan,nan,nan,nan,1.5248,nan,nan,nan,nan,nan,nan,1.4871,1.1751,nan,nan,nan,nan,nan,nan,nan,nan,nan,nan,nan,nan,nan,nan,nan,-1.2714,nan,nan,nan,nan,nan,nan,nan,nan,nan,nan,nan,nan,-1.1531,nan,nan,nan,nan,nan,nan,nan,-0.58431
4.0,-0.83957,nan,-0.54243,nan,nan,nan,nan,nan,1.1135,1.4122,nan,nan,nan,1.5222,nan,nan,nan,0.52236,nan,nan,-0.41048999999999997,nan,-0.80557,nan,nan,nan,nan,nan,nan,nan,nan,1.1896,nan,1.6555,nan,nan,1.4791,nan,1.5989,nan,nan,nan,nan,nan,nan,0.26505,-0.017834,nan,nan,nan,nan,nan,-0.77973,nan,nan,nan,nan,nan,-1.2132,nan,nan,nan,nan,nan,nan,nan,nan,nan,nan,-1.0481,nan,nan,nan,nan,-1.1161,nan,nan,nan,nan,nan
4.0,-0.8648600000000001,nan,-0.58463,-0.30906,nan,nan,nan,0.94742,1.2405,nan,nan,nan,1.5721,nan,nan,1.1851,nan,nan,nan,nan,nan,nan,nan,nan,nan,-0.56013,nan,nan,0.26175,nan,nan,nan,1.4032,nan,nan,nan,nan,nan,nan,nan,nan,nan,nan,nan,nan,0.22098,nan,nan,nan,nan,nan,nan,nan,nan,nan,nan,nan,nan,nan,nan,nan,nan,nan,nan,nan,nan,nan,nan,nan,nan,nan,nan,nan,-1.2941,-1.1852,-1.0584,nan,nan,nan,nan
6.0,-0.905,nan,nan,nan,nan,nan,nan,nan,1.156,1.4515,nan,nan,1.4337,nan,nan,nan,nan,nan,nan,nan,nan,-0.45673,nan,-0.83135,nan,nan,nan,nan,0.04836,nan,0.65366,nan,1.2531,nan,nan,nan,nan,nan,nan,nan,nan,nan,nan,0.87876,nan,nan,-0.038258999999999994,nan,nan,nan,nan,-0.55676,nan,nan,nan,nan,nan,nan,-1.2590000000000001,-1.1517,-1.0264,nan,nan,nan,-0.5959399999999999,nan,nan,nan,nan,-1.0835,nan,nan,-1.3544,nan,nan,nan,nan,nan,nan,nan
4.0,-0.7231,nan,nan,nan,-0.01281,nan,nan,nan,nan,1.202,1.4101,nan,nan,nan,nan,nan,nan,nan,nan,nan,nan,-0.41386000000000006,nan,nan,nan,nan,nan,nan,nan,0.5297,nan,1.0679,nan,nan,1.6253,1.6124,1.5172,1.4733,nan,1.7206,nan,nan,nan,0.9438200000000001,nan,nan,nan,nan,nan,nan,nan,nan,nan,-1.0121,nan,-1.1347,-1.2231,-1.2459,nan,nan,nan,nan,nan,-0.77049,nan,nan,-0.71713,nan,nan,nan,nan,-1.254,nan,nan,-1.1657,nan,-0.84539,nan,nan,nan
5.0,-0.89928,-0.8133699999999999,nan,-0.38485,nan,nan,nan,nan,1.1174,nan,nan,nan,nan,nan,nan,nan,nan,nan,0.5649,nan,-0.0032103,nan,nan,nan,nan,nan,nan,nan,nan,nan,nan,0.84134,nan,nan,nan,nan,1.4542,nan,nan,nan,nan,nan,nan,0.8838799999999999,0.58022,nan,nan,-0.33469,nan,nan,nan,nan,nan,nan,nan,nan,nan,nan,nan,nan,nan,-0.6220899999999999,nan,nan,nan,nan,nan,nan,nan,nan,nan,nan,nan,nan,nan,nan,nan,nan,nan,nan
4.0,-0.81822,nan,nan,nan,nan,0.26181,nan,0.8452799999999999,nan,nan,nan,nan,nan,nan,nan,nan,nan,0.6210399999999999,nan,nan,nan,nan,nan,nan,nan,nan,nan,nan,nan,nan,nan,nan,nan,nan,1.5527,1.4737,1.5030000000000001,nan,nan,1.6997,nan,nan,nan,0.8289700000000001,nan,nan,nan,nan,-0.56482,nan,nan,nan,nan,nan,nan,nan,nan,nan,nan,nan,nan,-0.88712,nan,nan,nan,nan,-0.6233,nan,nan,-1.0439,nan,nan,nan,nan,nan,nan,nan,nan,nan,nan
4.0,-0.82689,-0.74745,-0.53477,nan,nan,nan,nan,0.87823,1.2109,1.4344,nan,1.4968,1.4889,nan,nan,nan,nan,nan,nan,nan,nan,-0.57548,nan,nan,nan,nan,nan,nan,nan,nan,nan,nan,nan,nan,nan,nan,nan,nan,nan,nan,nan,nan,nan,nan,nan,0.20826,nan,nan,nan,nan,nan,nan,nan,-0.7854899999999999,nan,nan,nan,nan,nan,nan,nan,-1.0935,nan,nan,nan,nan,nan,nan,nan,nan,nan,nan,nan,-1.2867,nan,nan,nan,-0.84214,nan,nan
5.0,-0.9170799999999999,nan,-0.60423,-0.31540999999999997,nan,nan,nan,nan,nan,1.5063,nan,nan,1.5138,nan,nan,nan,nan,nan,nan,nan,-0.32218,nan,nan,nan,-0.79391,nan,-0.28975,nan,0.31947,nan,nan,1.1546,nan,nan,nan,nan,nan,nan,nan,nan,1.5506,nan,nan,nan,nan,0.14470999999999998,-0.16091,-0.44798000000000004,-0.73197,nan,-0.55592,nan,nan,nan,-1.0281,-1.1089,nan,nan,nan,-1.0795,nan,-0.85536,nan,nan,nan,nan,-0.72075,nan,nan,nan,nan,nan,-1.228,nan,-0.95555,nan,nan,nan,nan,nan
4.0,-0.77327,-0.7003199999999999,nan,nan,nan,nan,nan,nan,1.1325,nan,1.5248,1.6082,1.5525,nan,nan,nan,nan,0.74654,nan,nan,nan,nan,nan,nan,nan,nan,nan,-0.13605,nan,nan,nan,nan,nan,nan,nan,nan,nan,1.5230000000000001,nan,nan,1.5952,nan,nan,0.8781700000000001,nan,nan,nan,nan,nan,nan,-0.55887,-0.6590600000000001,nan,-0.8452700000000001,nan,nan,-1.2265,nan,nan,nan,-1.0316,nan,nan,nan,-0.6953,nan,nan,nan,nan,-0.95057,nan,nan,nan,-1.359,nan,nan,-0.9210200000000001,nan,nan,nan
4.0,-0.74583,nan,nan,nan,nan,0.24351,nan,nan,nan,nan,nan,nan,1.6114,nan,nan,nan,nan,nan,0.40956,nan,nan,nan,-0.55867,nan,-0.74151,-0.67696,nan,-0.20961,0.051022000000000005,nan,nan,nan,1.1019,nan,1.6461,nan,1.5942,1.5834,nan,nan,1.72,nan,1.1862,nan,nan,0.33479000000000003,nan,nan,-0.5054,nan,nan,nan,nan,nan,nan,nan,nan,nan,nan,nan,nan,nan,nan,-0.70333,nan,nan,-0.7350399999999999,nan,-0.95749,-1.0804,-1.1984,nan,nan,-1.1751,nan,nan,-0.77125,nan,nan,-0.5614
5.0,-0.8487600000000001,-0.7561100000000001,nan,nan,nan,0.31388,nan,0.85425,nan,nan,nan,nan,nan,nan,nan,1.0419,nan,nan,0.17642,nan,nan,nan,nan,nan,-0.6985,-0.46171,nan,nan,nan,nan,nan,nan,nan,nan,nan,1.65,nan,nan,nan,nan,nan,nan,nan,nan,nan,nan,nan,nan,nan,nan,nan,nan,nan,nan,nan,-1.0681,nan,nan,nan,nan,nan,-0.87564,nan,nan,-0.6440899999999999,nan,nan,nan,nan,nan,nan,-1.2189,-1.2944,nan,nan,-0.96372,-0.81189,-0.67828,nan,nan
5.0,-0.84531,nan,-0.54271,nan,nan,nan,nan,0.92517,nan,nan,1.6542,nan,nan,nan,nan,nan,nan,nan,0.57396,nan,0.0064308,nan,nan,nan,nan,nan,nan,nan,nan,nan,nan,0.84782,nan,nan,nan,nan,nan,nan,nan,nan,nan,nan,nan,nan,0.48078999999999994,nan,nan,nan,nan,nan,nan,nan,nan,nan,nan,nan,nan,nan,nan,nan,nan,-0.8970299999999999,nan,-0.68975,-0.59709,nan,nan,nan,nan,nan,nan,nan,nan,nan,nan,nan,nan,nan,nan,nan
4.0,-0.6571100000000001,nan,nan,nan,0.091517,nan,nan,nan,nan,1.3518,nan,nan,nan,1.3687,nan,nan,nan,nan,nan,0.049326,nan,nan,nan,-0.7086399999999999,nan,-0.44006000000000006,nan,nan,nan,nan,nan,nan,1.5099,nan,nan,nan,1.5219999999999998,1.6496,nan,nan,nan,nan,nan,nan,0.55223,0.25349,nan,-0.32438,nan,nan,nan,nan,nan,nan,nan,nan,nan,-1.2830000000000001,nan,nan,-1.082,nan,nan,nan,nan,nan,nan,nan,nan,nan,nan,nan,nan,nan,nan,-1.1681,-1.0390000000000001,nan,nan,nan
5.0,-0.91694,nan,nan,nan,nan,nan,nan,nan,nan,nan,nan,nan,nan,1.5429,nan,nan,nan,nan,nan,nan,nan,nan,nan,-0.7973,nan,nan,-0.616,nan,nan,nan,nan,0.89394,1.2086,nan,nan,nan,nan,1.5106,nan,nan,nan,nan,1.1109,nan,nan,0.23128,nan,nan,nan,nan,nan,nan,nan,nan,nan,-1.2312,-1.3239,nan,-1.1394,nan,nan,nan,nan,-0.6017899999999999,nan,nan,-0.6521600000000001,nan,nan,nan,nan,nan,nan,-1.2609,nan,nan,nan,nan,nan,nan
4.0,-0.71113,nan,nan,nan,0.07394400000000001,nan,0.62937,nan,nan,nan,nan,1.4652,nan,nan,nan,nan,nan,nan,nan,nan,nan,nan,nan,nan,nan,nan,nan,nan,0.44966999999999996,nan,nan,nan,nan,nan,nan,nan,nan,nan,nan,nan,nan,nan,nan,nan,nan,nan,nan,nan,nan,-0.64742,-0.65135,nan,nan,nan,nan,-1.1258,nan,nan,nan,nan,nan,-1.0136,nan,nan,nan,nan,nan,nan,nan,nan,nan,nan,nan,nan,nan,nan,nan,nan,nan,nan
4.0,-0.79677,nan,nan,nan,nan,nan,nan,0.80087,nan,1.3687,nan,1.4465,1.5027,nan,nan,nan,nan,nan,nan,nan,nan,nan,nan,nan,nan,nan,nan,nan,0.45921999999999996,nan,nan,nan,nan,nan,1.4568,nan,1.4002,nan,nan,nan,nan,nan,nan,nan,nan,nan,0.047023,nan,nan,-0.73077,nan,nan,-0.7904399999999999,nan,nan,nan,nan,nan,nan,nan,nan,nan,nan,nan,nan,nan,nan,nan,nan,nan,-1.0598,-1.2083,nan,-1.3052,-1.1855,nan,nan,nan,nan,nan
7.0,-0.63261,-0.53238,nan,nan,nan,nan,0.62603,nan,nan,1.3577,nan,nan,nan,nan,nan,nan,nan,nan,0.47057,nan,nan,-0.22793000000000002,nan,nan,-0.5875600000000001,nan,nan,nan,0.27842,nan,nan,nan,nan,nan,nan,nan,nan,nan,nan,1.5551,1.5682,nan,nan,nan,0.62857,nan,nan,nan,nan,nan,-1.0251,nan,nan,nan,nan,nan,-1.0251,nan,nan,nan,-1.0251,nan,nan,nan,nan,nan,nan,nan,nan,-1.0251,-1.0251,nan,nan,nan,nan,nan,nan,nan,nan,nan
5.0,-0.9162399999999999,nan,nan,nan,nan,nan,0.63079,nan,nan,nan,nan,nan,nan,1.5986,1.4554,nan,nan,nan,nan,nan,nan,nan,-0.80504,nan,nan,nan,nan,nan,nan,nan,nan,nan,nan,nan,1.5982,nan,nan,nan,nan,nan,nan,nan,1.1134,nan,nan,nan,nan,-0.33539,nan,nan,nan,-0.51939,nan,-0.80105,nan,nan,-1.2191,nan,nan,nan,nan,nan,nan,nan,-0.57909,-0.55091,-0.62612,nan,nan,nan,nan,-1.2704,nan,nan,nan,nan,nan,-0.56803,nan,-0.31463
7.0,-0.6151800000000001,nan,nan,nan,0.14467,0.41126999999999997,nan,0.91714,nan,nan,nan,nan,nan,1.4868,nan,nan,nan,nan,nan,0.17697000000000002,nan,nan,-0.54399,nan,-0.54218,-0.34353,-0.11419000000000001,nan,nan,nan,nan,nan,1.2566,nan,nan,nan,nan,nan,1.4280000000000002,nan,nan,1.3607,nan,nan,0.6191300000000001,nan,nan,-0.093569,nan,nan,-1.03,nan,-1.03,nan,nan,nan,-1.03,nan,nan,nan,nan,nan,nan,nan,nan,-1.03,nan,nan,nan,nan,nan,nan,-1.03,nan,nan,nan,nan,nan,nan,nan
4.0,-0.73915,-0.69357,nan,nan,nan,nan,nan,nan,nan,nan,nan,nan,nan,nan,nan,nan,nan,nan,nan,nan,nan,nan,nan,nan,nan,nan,nan,nan,nan,0.50103,0.83375,nan,nan,nan,nan,nan,nan,nan,nan,nan,nan,nan,nan,nan,nan,nan,nan,nan,nan,nan,nan,nan,-0.55902,-0.74693,nan,nan,nan,nan,nan,nan,nan,nan,nan,nan,nan,nan,-0.74133,nan,nan,nan,nan,nan,nan,-1.2624,nan,nan,nan,nan,nan,nan
5.0,-0.91386,nan,-0.59372,nan,nan,nan,nan,nan,nan,nan,nan,nan,nan,nan,nan,nan,nan,nan,nan,nan,nan,-0.33919,nan,nan,-0.92942,nan,-0.58403,-0.31199,nan,nan,0.50173,0.77273,nan,1.3933,nan,1.4902,nan,nan,nan,nan,nan,nan,nan,nan,nan,0.21952,nan,nan,nan,nan,nan,nan,nan,nan,-0.94334,nan,nan,nan,nan,nan,nan,nan,-0.68723,-0.57122,-0.48415,nan,nan,nan,nan,nan,-1.0197,nan,-1.2999,nan,nan,nan,nan,nan,nan,-0.44847
4.0,-0.77791,nan,nan,nan,nan,nan,nan,0.88889,nan,nan,1.5475,nan,1.554,nan,nan,nan,nan,nan,nan,nan,nan,nan,-0.74941,nan,nan,nan,-0.28259,nan,nan,0.61916,nan,nan,nan,nan,nan,nan,1.5424,nan,1.5282,nan,1.6822,nan,nan,nan,0.57911,nan,nan,nan,-0.56289,nan,nan,nan,nan,nan,nan,nan,nan,nan,nan,nan,-0.91202,nan,nan,nan,nan,nan,nan,nan,nan,-0.78074,nan,nan,nan,-1.3137,nan,-1.2516,nan,nan,nan,nan
5.0,-0.8678600000000001,-0.81467,nan,nan,nan,nan,0.62834,0.85406,1.1359,nan,1.5501,nan,nan,nan,1.3521,nan,nan,0.51446,nan,nan,nan,nan,nan,nan,-0.77995,nan,nan,nan,nan,nan,0.92379,nan,nan,nan,nan,1.5644,nan,nan,1.6394,nan,nan,nan,1.0279,nan,nan,nan,nan,nan,nan,nan,-0.60852,nan,-0.83749,-0.93816,nan,nan,-1.2137,nan,nan,nan,nan,nan,nan,nan,-0.61014,nan,nan,nan,nan,nan,nan,nan,nan,nan,nan,-0.97777,nan,-0.6951,nan,-0.53005
4.0,-0.7165600000000001,nan,nan,nan,nan,nan,0.5834600000000001,nan,1.0288,nan,nan,nan,nan,nan,nan,0.9849,nan,0.5488,nan,-0.071386,nan,nan,nan,nan,nan,nan,nan,nan,nan,nan,nan,nan,nan,nan,nan,1.4497,nan,nan,nan,nan,nan,nan,1.2665,0.95634,nan,nan,0.072791,nan,-0.46232,-0.65388,nan,nan,nan,nan,nan,nan,-1.1637,nan,nan,nan,nan,nan,nan,nan,nan,nan,nan,-0.7943399999999999,nan,nan,nan,nan,-1.3326,-1.2601,-1.1362,-0.97983,nan,nan,nan,nan
4.0,-0.8264100000000001,nan,nan,nan,nan,nan,nan,0.85321,nan,nan,nan,1.5041,nan,nan,nan,0.9234600000000001,nan,0.37435,0.06400499999999999,nan,-0.49211000000000005,nan,nan,nan,nan,-0.39887,nan,nan,nan,nan,1.0271,1.2951,nan,nan,nan,nan,nan,nan,nan,nan,1.6902,nan,nan,nan,nan,nan,nan,nan,nan,nan,nan,-0.71736,nan,-0.9786799999999999,nan,nan,nan,-1.1938,nan,nan,nan,nan,nan,-0.7480600000000001,nan,nan,nan,nan,nan,-1.0146,-1.1387,-1.253,-1.3171,nan,nan,nan,nan,nan,nan,nan
7.0,-0.93004,nan,nan,nan,nan,0.32961,nan,nan,nan,nan,nan,nan,nan,nan,nan,1.2855,nan,0.66722,0.37621,nan,nan,nan,nan,nan,nan,nan,nan,nan,nan,nan,nan,0.97995,nan,nan,nan,nan,nan,nan,nan,nan,nan,nan,nan,nan,nan,nan,nan,nan,-0.61406,nan,nan,-0.53559,nan,nan,-1.0541,nan,nan,-1.3675,nan,nan,nan,-0.77584,nan,nan,nan,nan,nan,nan,nan,nan,nan,nan,nan,nan,nan,nan,nan,nan,nan,-0.46729
5.0,-0.94886,nan,-0.69181,nan,-0.071642,0.22471999999999998,nan,0.81484,nan,1.3923,nan,nan,nan,1.4851,nan,1.1008,nan,0.48891999999999997,nan,nan,nan,nan,-0.90228,nan,nan,nan,nan,nan,nan,nan,nan,nan,nan,nan,nan,nan,nan,nan,nan,1.7019,nan,nan,1.0365,nan,nan,nan,-0.11442000000000001,-0.38247,-0.64491,nan,-0.4286,nan,-0.7091,nan,nan,-1.2209,nan,nan,nan,nan,-0.9548399999999999,nan,nan,nan,-0.5554,nan,nan,nan,nan,nan,nan,nan,-1.2994,nan,nan,nan,nan,nan,nan,nan
5.0,-0.87925,nan,nan,nan,nan,nan,0.5868899999999999,0.8279,nan,nan,nan,nan,nan,nan,1.4605,nan,nan,nan,nan,nan,nan,nan,nan,nan,nan,-0.68685,nan,nan,nan,nan,nan,nan,nan,nan,nan,nan,nan,1.5744,1.6094,1.6682,1.6135,1.3475,nan,nan,nan,nan,nan,nan,nan,nan,nan,nan,nan,nan,nan,-1.1525,nan,nan,nan,nan,nan,nan,nan,nan,nan,-0.49653,nan,nan,nan,nan,nan,nan,-1.3308,nan,-1.1923,nan,nan,nan,-0.48218999999999995,nan
4.0,-0.7732100000000001,nan,-0.48317,nan,0.064635,nan,nan,nan,nan,nan,1.494,nan,nan,1.4757,nan,nan,nan,nan,0.35672,nan,nan,-0.47472,-0.69288,nan,nan,nan,nan,nan,nan,nan,nan,nan,nan,nan,nan,nan,nan,nan,nan,nan,nan,nan,nan,nan,nan,nan,nan,nan,nan,nan,nan,-0.7175699999999999,nan,nan,-0.9844,nan,-1.2497,nan,-1.2373,-1.1323,-1.0975,nan,nan,nan,nan,nan,-0.6171,nan,nan,nan,nan,nan,nan,nan,nan,nan,nan,-0.7702399999999999,nan,nan
5.0,-0.97091,nan,-0.66161,nan,nan,nan,nan,0.74411,nan,1.3567,nan,nan,nan,nan,1.4226,nan,nan,0.5727399999999999,nan,nan,-0.25011,nan,nan,nan,-0.8722799999999999,-0.63522,-0.3567,nan,nan,nan,nan,nan,nan,nan,1.7108,nan,nan,nan,nan,nan,nan,nan,nan,nan,nan,nan,nan,nan,nan,nan,nan,nan,nan,nan,nan,nan,nan,nan,nan,nan,nan,nan,-0.80548,nan,-0.6675399999999999,nan,nan,-0.80199,nan,-1.0864,nan,nan,nan,nan,nan,nan,nan,-0.44154,nan,-0.44536000000000003
5.0,-0.85605,-0.76215,nan,nan,nan,nan,nan,nan,nan,1.4525,nan,1.5486,nan,1.6057,nan,nan,nan,nan,nan,nan,nan,nan,nan,-0.9024700000000001,nan,nan,-0.39883,nan,nan,nan,nan,1.0621,nan,1.4902,1.4811,nan,nan,nan,nan,nan,nan,1.3199,nan,0.76925,nan,nan,nan,nan,nan,nan,nan,nan,nan,nan,nan,nan,nan,-1.3094,nan,nan,nan,nan,nan,nan,nan,nan,nan,nan,nan,-0.82047,nan,-1.1486,-1.2896,-1.2923,nan,nan,-0.9757399999999999,nan,nan,-0.54096
4.0,-0.77474,nan,nan,-0.2537,nan,nan,nan,nan,nan,nan,nan,nan,nan,nan,nan,nan,nan,nan,0.19453,nan,nan,nan,nan,-0.78335,nan,nan,nan,nan,nan,nan,0.88579,nan,nan,nan,nan,nan,1.4686,1.5946,nan,nan,nan,nan,nan,0.8501200000000001,nan,0.25501999999999997,nan,nan,nan,nan,-0.65715,nan,nan,nan,nan,nan,nan,nan,nan,nan,nan,nan,nan,-0.81597,nan,nan,-0.62713,nan,nan,-0.91396,nan,-1.1822,-1.263,-1.3112,nan,nan,nan,nan,nan,nan
4.0,-0.78373,nan,nan,-0.29291999999999996,nan,nan,0.60141,nan,nan,nan,1.5259,nan,nan,nan,nan,nan,nan,nan,nan,-0.089727,nan,nan,nan,nan,nan,-0.5666,-0.30893000000000004,nan,nan,0.55037,nan,nan,1.4107,nan,1.6268,nan,1.5862,nan,nan,nan,nan,1.3732,1.1094,nan,nan,nan,-0.005950199999999999,-0.26957,nan,nan,nan,-0.71642,-0.76269,nan,nan,-1.109,nan,nan,nan,nan,nan,nan,-0.7962199999999999,nan,nan,nan,nan,nan,nan,nan,nan,nan,-1.2564,-1.2319,nan,-1.0531,nan,-0.77741,-0.66364,nan
4.0,-0.73823,nan,nan,nan,0.07084,nan,0.63799,nan,nan,nan,nan,1.5579,nan,nan,nan,nan,0.8626299999999999,nan,nan,nan,nan,nan,nan,nan,nan,nan,-0.23095,nan,nan,0.60643,nan,1.0719,nan,nan,nan,nan,1.52,1.5581,nan,nan,nan,nan,nan,nan,nan,nan,nan,-0.31692,-0.51031,nan,-0.63945,nan,nan,nan,-1.0177,nan,nan,nan,nan,nan,-1.0532,nan,nan,nan,nan,nan,-0.74051,-0.80928,-0.9280799999999999,-1.0615,nan,nan,-1.3114,nan,-1.1869,nan,-0.90707,nan,nan,nan
4.0,-0.86698,nan,nan,-0.29529,nan,nan,0.5753199999999999,nan,nan,1.4207,nan,1.5739,nan,nan,1.1533,nan,0.62252,nan,nan,nan,-0.4214,nan,nan,nan,-0.68533,nan,nan,nan,0.36305,nan,nan,nan,nan,nan,nan,nan,nan,1.6012,nan,nan,1.6963,nan,nan,nan,nan,nan,nan,nan,nan,nan,nan,nan,nan,nan,nan,nan,nan,nan,nan,nan,nan,nan,nan,nan,nan,nan,nan,nan,nan,nan,-1.0433,-1.1394,nan,nan,-1.1139,nan,nan,nan,nan,nan
4.0,-0.8809999999999999,nan,-0.62874,nan,nan,0.23704,nan,nan,nan,nan,1.4888,nan,nan,nan,nan,1.0373,nan,0.47034,nan,nan,nan,nan,-0.83567,-0.82981,nan,-0.43835,nan,nan,nan,nan,nan,nan,nan,1.4542,nan,nan,nan,1.5467,nan,nan,nan,nan,nan,nan,nan,0.31813,nan,nan,nan,-0.81025,-0.58891,nan,-0.74534,nan,nan,nan,nan,nan,nan,nan,nan,nan,nan,nan,-0.6051300000000001,nan,nan,nan,nan,nan,nan,nan,nan,nan,-0.9358700000000001,nan,nan,nan,nan,-0.51197
4.0,-0.72223,nan,nan,nan,nan,0.28314,0.5243899999999999,nan,nan,nan,1.4754,nan,nan,nan,1.4071,nan,0.95567,nan,0.5151,0.2155,nan,-0.35188,nan,nan,nan,nan,nan,-0.084261,0.17962999999999998,nan,nan,nan,nan,nan,nan,nan,nan,1.4524,nan,nan,1.6227,nan,nan,nan,nan,nan,nan,nan,nan,nan,nan,nan,nan,nan,-1.022,nan,nan,nan,nan,nan,nan,nan,nan,nan,nan,-0.6723399999999999,nan,nan,nan,nan,nan,-1.2822,nan,nan,-1.1353,nan,nan,nan,nan,nan
4.0,-0.74049,nan,nan,nan,nan,nan,nan,nan,nan,nan,1.4987,nan,nan,nan,nan,nan,nan,nan,nan,nan,nan,nan,-0.51234,nan,nan,nan,nan,nan,0.16699999999999998,nan,nan,nan,nan,nan,nan,1.6234,nan,nan,nan,nan,1.61,1.354,nan,nan,nan,nan,nan,nan,nan,nan,nan,nan,nan,nan,-1.0654,-1.1692,nan,nan,nan,nan,nan,nan,nan,nan,nan,nan,nan,nan,nan,-1.0363,nan,nan,-1.2794,nan,nan,nan,nan,-0.75307,nan,nan
4.0,-0.80287,nan,nan,-0.29423,nan,0.2562,nan,nan,nan,nan,nan,nan,nan,nan,nan,nan,0.79262,0.55048,nan,nan,nan,nan,nan,nan,nan,-0.54466,nan,nan,0.30443000000000003,nan,nan,nan,1.5053,nan,nan,nan,nan,nan,1.6436,nan,nan,1.3351,nan,nan,nan,nan,nan,nan,nan,nan,nan,nan,-0.7821100000000001,nan,nan,nan,-1.2754,nan,nan,-1.0967,nan,nan,nan,-0.7569100000000001,-0.65369,nan,-0.6482899999999999,nan,nan,nan,nan,nan,-1.2569,-1.2648,nan,nan,-0.85657,nan,nan,nan
4.0,-0.76442,-0.67873,nan,nan,nan,nan,nan,0.84075,nan,1.3054,1.4968,nan,nan,nan,nan,nan,0.8751399999999999,nan,0.33489,nan,nan,nan,-0.67488,nan,nan,nan,-0.31986,nan,0.23736999999999997,nan,0.84054,nan,nan,nan,nan,nan,nan,nan,nan,nan,nan,nan,nan,nan,nan,nan,-0.010189,-0.29095,nan,nan,nan,-0.68535,nan,nan,nan,nan,nan,nan,-1.1966,nan,nan,nan,nan,nan,nan,nan,nan,nan,nan,nan,-1.1376,nan,nan,nan,nan,nan,-0.91945,nan,nan,nan
