3.0,-0.41838000000000003,nan,nan,nan,0.19351,nan,nan,nan,nan,nan,nan,nan,nan,nan,nan,nan,nan,nan,nan,nan,0.06992999999999999,nan,nan,nan,nan,-0.3256,nan,0.044331,nan,nan,0.75436,nan,1.2071,1.4399,1.4274,nan,nan,nan,nan,nan,nan,nan,1.2818,nan,nan,0.5223399999999999,nan,nan,-0.18463,nan,nan,nan,nan,-1.0804,nan,nan,nan,-1.0804,nan,nan,nan,nan,-1.0804,nan,nan,-1.0804,nan,nan,nan,nan,nan,nan,nan,nan,nan,nan,nan,nan,-1.0804,nan
2.0,-0.7875300000000001,nan,-0.52369,nan,nan,nan,nan,nan,1.2313,nan,nan,nan,1.4986,nan,nan,nan,nan,0.71063,nan,nan,nan,nan,nan,nan,-0.75781,nan,nan,-0.077451,nan,nan,nan,nan,nan,nan,nan,nan,nan,1.3915,nan,nan,nan,nan,nan,nan,nan,nan,0.077154,nan,-0.49221000000000004,nan,nan,nan,nan,-0.74711,-0.9198700000000001,nan,nan,-1.4733,nan,nan,nan,nan,nan,nan,nan,nan,nan,nan,nan,nan,nan,-1.3138,nan,nan,nan,nan,nan,nan,nan,nan
2.0,-0.5381199999999999,nan,nan,nan,nan,nan,nan,nan,nan,nan,nan,nan,nan,nan,1.3218,nan,nan,nan,0.15799000000000002,nan,-0.29467,nan,nan,nan,nan,nan,nan,nan,nan,0.7873100000000001,nan,nan,1.3113,nan,nan,nan,1.3818,nan,nan,nan,1.3724,1.4040000000000001,nan,0.99731,nan,nan,nan,nan,nan,nan,nan,-0.61632,-0.77561,nan,nan,nan,nan,nan,nan,nan,-1.1923,nan,nan,nan,-0.65246,nan,nan,nan,nan,nan,nan,nan,nan,nan,nan,nan,-1.0612,nan,nan,-0.66513
1.0,-0.7548699999999999,nan,nan,-0.23504,nan,nan,nan,nan,1.3241,1.4568,nan,nan,1.4008,nan,nan,1.1753,nan,0.50507,nan,nan,nan,nan,nan,nan,nan,nan,nan,nan,nan,0.72426,1.0089,1.3269,1.4074,nan,nan,nan,nan,nan,nan,nan,nan,nan,nan,nan,0.6724,nan,0.090491,nan,nan,nan,nan,-0.51441,nan,nan,-0.99471,nan,nan,nan,-1.4985,nan,nan,nan,nan,nan,nan,nan,nan,nan,-0.7541800000000001,nan,-1.0955,nan,-1.3779,-1.3924,nan,nan,-1.084,-0.95562,-0.7797,nan
2.0,-0.70554,-0.71178,-0.6393300000000001,nan,nan,nan,0.5959300000000001,nan,nan,nan,nan,nan,nan,1.4245,nan,1.4552,nan,0.90576,nan,nan,nan,nan,-0.6512899999999999,nan,nan,nan,nan,nan,0.16230999999999998,nan,nan,1.1228,nan,nan,1.5176,nan,nan,nan,nan,nan,nan,nan,nan,nan,nan,nan,nan,-0.23510999999999999,nan,nan,nan,nan,nan,nan,-0.5673199999999999,nan,nan,nan,nan,nan,nan,nan,nan,nan,nan,nan,nan,nan,nan,nan,nan,nan,nan,nan,nan,-1.1481,nan,nan,nan,-0.33142
3.0,-0.59326,nan,nan,nan,0.1067,nan,nan,1.0151,1.212,nan,nan,nan,1.4463,nan,nan,nan,nan,nan,nan,nan,nan,nan,nan,nan,nan,nan,nan,nan,0.55094,nan,nan,nan,nan,nan,nan,nan,nan,1.3599,nan,nan,nan,nan,nan,nan,nan,nan,nan,nan,nan,nan,-0.59443,nan,nan,-0.94425,nan,nan,-1.3887,-1.4488,nan,nan,nan,-0.9747399999999999,nan,-0.65668,nan,-0.55278,nan,nan,nan,nan,nan,-1.2554,nan,nan,nan,nan,nan,nan,nan,nan
1.0,-0.7128899999999999,nan,nan,nan,nan,nan,nan,nan,1.3114,1.5372,nan,nan,nan,nan,nan,nan,nan,nan,nan,nan,-0.25574,nan,nan,nan,-0.63551,-0.4415,-0.21525999999999998,nan,nan,0.62385,nan,nan,nan,nan,1.4805,nan,nan,nan,nan,nan,nan,nan,nan,nan,nan,nan,nan,nan,nan,nan,nan,nan,nan,nan,-0.90827,nan,nan,nan,nan,-1.3185,nan,nan,nan,nan,nan,nan,nan,nan,nan,-1.0242,-1.1540000000000001,nan,nan,nan,nan,nan,nan,nan,nan,nan
2.0,-0.8201,nan,nan,nan,nan,nan,0.5414899999999999,0.9068700000000001,nan,nan,1.489,1.4663,1.515,1.6265,nan,nan,nan,nan,0.62592,nan,nan,nan,-0.5451199999999999,nan,-0.76213,nan,nan,nan,nan,0.30485,nan,0.84908,nan,nan,nan,1.4492,nan,nan,nan,nan,1.4743,nan,nan,nan,nan,nan,nan,-0.29084,-0.5131100000000001,nan,nan,-0.57568,nan,nan,nan,-1.1163,nan,nan,nan,nan,nan,nan,nan,-0.66686,nan,-0.46357,nan,-0.7557,nan,-1.091,nan,nan,-1.3141,nan,nan,nan,nan,nan,nan,nan
2.0,-0.52663,nan,nan,nan,nan,nan,nan,0.84905,nan,1.2206,nan,nan,nan,nan,nan,nan,nan,nan,nan,nan,nan,nan,nan,nan,nan,nan,nan,nan,nan,1.0018,nan,nan,nan,1.3549,nan,nan,1.3,nan,nan,nan,nan,nan,nan,nan,nan,nan,nan,nan,nan,nan,nan,-0.63766,nan,-0.90559,nan,-1.275,nan,nan,nan,nan,-1.2619,nan,-1.0216,nan,nan,nan,nan,-0.9148700000000001,nan,nan,nan,nan,nan,nan,nan,nan,-1.0166,nan,-0.74141,nan
1.0,-0.7829699999999999,nan,nan,nan,nan,nan,0.54637,nan,nan,nan,nan,1.421,nan,nan,nan,nan,1.1826,nan,0.5322899999999999,nan,-0.13529000000000002,nan,nan,nan,nan,nan,nan,nan,nan,nan,nan,nan,nan,nan,nan,nan,1.4125,1.3627,nan,nan,nan,nan,nan,nan,nan,nan,nan,nan,-0.55876,nan,-0.35911,nan,-0.67775,nan,nan,nan,nan,nan,nan,-1.1866,nan,nan,nan,nan,-0.30177,nan,nan,nan,nan,nan,-1.202,nan,nan,nan,-1.2125,nan,nan,-0.76485,-0.53765,nan
2.0,-0.49656999999999996,nan,nan,nan,0.11377999999999999,0.34973000000000004,nan,nan,nan,nan,nan,nan,nan,nan,nan,nan,nan,nan,nan,-0.083547,nan,nan,nan,nan,nan,nan,nan,nan,nan,nan,1.1555,1.3794,1.3929,nan,nan,nan,nan,nan,nan,nan,nan,nan,nan,nan,nan,0.44611000000000006,0.21603000000000003,nan,nan,nan,nan,nan,nan,nan,nan,nan,nan,nan,nan,nan,-1.2485,-1.1302,-1.0518,nan,nan,-0.77154,-0.78022,-0.86369,-1.031,nan,-1.2004,nan,nan,nan,nan,nan,-1.0832,nan,-0.81921,nan
1.0,-0.6606,nan,nan,-0.25189,nan,nan,0.60836,nan,nan,nan,nan,nan,nan,1.4162,nan,nan,0.8187,0.61316,nan,0.037037,nan,nan,-0.61187,nan,nan,nan,nan,0.13026,nan,nan,nan,1.2381,nan,nan,1.4568,1.4964,nan,1.4639,nan,nan,nan,1.4053,nan,nan,nan,nan,nan,nan,nan,nan,nan,nan,nan,-0.91799,-1.0495,nan,nan,nan,nan,nan,-1.0449,-0.87987,-0.78627,nan,nan,nan,-0.82605,-0.9132100000000001,nan,nan,nan,nan,-1.2335,-1.2755,nan,nan,nan,-0.89287,-0.79671,nan
2.0,-0.68813,-0.70017,nan,nan,nan,nan,0.56608,0.79579,nan,nan,1.3692,nan,1.4176,nan,nan,nan,nan,nan,nan,nan,nan,nan,-0.57635,-0.65325,nan,nan,nan,nan,nan,nan,nan,nan,nan,nan,1.5251,nan,nan,nan,1.4398,nan,1.6068,nan,nan,nan,nan,0.42477,nan,-0.16627999999999998,nan,nan,nan,nan,nan,nan,nan,-1.1144,nan,nan,nan,nan,nan,nan,nan,-0.81785,-0.7196600000000001,nan,-0.7159,nan,nan,nan,nan,nan,nan,nan,-1.1924,nan,nan,nan,-0.72335,nan
1.0,-0.5175,-0.43509,nan,nan,nan,nan,nan,0.8947299999999999,nan,nan,nan,nan,1.3814,1.29,nan,nan,nan,nan,nan,nan,nan,nan,nan,nan,nan,-0.077645,nan,0.45343,nan,nan,nan,nan,nan,1.349,nan,1.3441,nan,nan,nan,nan,1.5285,nan,nan,nan,nan,nan,0.23421999999999998,nan,nan,nan,nan,-0.8217,nan,nan,nan,-1.2203,nan,nan,nan,nan,nan,nan,-0.9201299999999999,nan,-0.70233,-0.62729,nan,nan,nan,nan,nan,nan,nan,nan,nan,nan,nan,nan,nan,-0.8310799999999999
1.0,-0.6001,nan,nan,nan,nan,nan,0.5269199999999999,nan,nan,1.2141,nan,nan,1.3609,nan,nan,nan,nan,nan,nan,nan,nan,-0.54675,nan,nan,nan,nan,nan,0.31771,nan,nan,nan,nan,nan,nan,nan,nan,nan,nan,1.29,nan,nan,nan,nan,nan,nan,nan,nan,-0.094106,nan,nan,-0.56196,nan,nan,nan,nan,-1.1682,nan,-1.4075,nan,nan,nan,nan,nan,nan,-0.76464,nan,nan,nan,nan,nan,nan,nan,nan,nan,-1.2790000000000001,-1.1871,nan,nan,nan,-0.64917
1.0,-0.7218100000000001,nan,nan,nan,nan,nan,0.6553100000000001,nan,nan,nan,nan,nan,nan,nan,nan,nan,nan,nan,nan,nan,nan,nan,nan,nan,-0.60422,nan,nan,0.056464,nan,nan,nan,nan,nan,nan,1.2832,nan,nan,1.4899,nan,nan,nan,nan,1.2821,nan,nan,nan,0.05847,nan,nan,nan,-0.39357,nan,nan,nan,nan,-1.248,nan,-1.4417,nan,nan,nan,-0.997,-0.8167399999999999,nan,-0.5160600000000001,nan,-0.54095,nan,nan,nan,nan,nan,nan,nan,-1.3232,-1.17,nan,nan,nan,nan
2.0,-0.73821,nan,nan,nan,nan,nan,nan,nan,nan,1.2751,nan,nan,1.3818,nan,nan,nan,nan,nan,nan,nan,nan,-0.6442100000000001,-0.69308,nan,-0.49738999999999994,-0.23548000000000002,nan,nan,0.5230199999999999,nan,1.1288,nan,nan,nan,nan,1.3616,nan,nan,nan,nan,nan,1.6437,nan,nan,0.7643399999999999,nan,nan,nan,-0.43365,-0.6290100000000001,-0.37418,-0.44341,nan,nan,nan,nan,nan,nan,nan,-1.3816,-1.3519999999999999,nan,nan,nan,nan,nan,nan,-0.67118,nan,nan,nan,nan,nan,nan,nan,nan,nan,nan,nan,nan
2.0,-0.71675,-0.65605,nan,nan,nan,nan,0.63336,nan,nan,1.4311,nan,nan,nan,nan,nan,nan,nan,nan,nan,nan,0.011777,nan,nan,nan,nan,-0.65986,nan,nan,nan,nan,0.5735899999999999,nan,nan,nan,1.4785,nan,nan,nan,nan,1.4337,1.525,nan,nan,nan,nan,nan,nan,-0.18656,nan,nan,nan,-0.58382,nan,nan,nan,nan,nan,nan,nan,nan,nan,nan,nan,nan,nan,nan,nan,-0.61638,nan,-1.0211,nan,-1.253,nan,nan,-1.2383,nan,nan,nan,nan,-0.57391
2.0,-0.80153,nan,nan,nan,nan,0.33399999999999996,nan,nan,nan,nan,nan,1.4178,1.4157,nan,nan,1.4933,nan,nan,nan,nan,nan,nan,nan,-0.69342,-0.7062,-0.63212,nan,nan,nan,0.32344,nan,nan,nan,1.4107,1.3486,nan,nan,nan,nan,nan,nan,1.4603,nan,nan,nan,nan,0.037156,nan,nan,nan,nan,nan,nan,-0.74664,nan,nan,nan,-1.4332,nan,nan,nan,-0.96746,-0.82873,nan,-0.5352100000000001,nan,nan,nan,nan,nan,nan,nan,-1.2744,nan,-1.2971,nan,nan,-0.8719,nan,nan
2.0,-0.79194,nan,nan,-0.25315,-0.005522999999999999,nan,nan,nan,nan,nan,nan,nan,nan,nan,nan,nan,nan,nan,0.56923,nan,nan,-0.34536,nan,nan,nan,nan,-0.4368,nan,nan,nan,nan,nan,nan,nan,nan,nan,1.3452,nan,nan,nan,nan,nan,nan,1.0586,nan,0.36722,nan,nan,nan,nan,nan,nan,nan,nan,nan,nan,nan,nan,nan,nan,-1.2993,nan,nan,-0.81685,-0.68806,-0.60949,nan,nan,-0.9821799999999999,nan,nan,nan,nan,nan,-1.1372,nan,nan,nan,nan,-0.46538999999999997
2.0,-0.9192100000000001,nan,-0.62124,-0.36283000000000004,-0.013281,nan,nan,0.93442,nan,nan,nan,1.2769,1.3377,1.4709999999999999,nan,nan,nan,nan,nan,0.14159000000000002,nan,nan,nan,nan,nan,-0.65245,nan,nan,nan,0.47018000000000004,0.8101,nan,nan,nan,nan,1.327,1.2578,nan,nan,nan,nan,nan,nan,nan,0.63993,nan,nan,nan,nan,nan,nan,nan,nan,nan,nan,nan,nan,nan,nan,nan,-1.1079999999999999,nan,-0.57768,nan,nan,nan,-0.42421000000000003,-0.59796,-0.79564,nan,nan,nan,-1.4372,nan,nan,nan,nan,nan,nan,nan
3.0,-0.56384,nan,nan,nan,nan,nan,nan,0.83716,nan,nan,nan,nan,nan,1.3521,nan,nan,nan,nan,nan,-0.14397000000000001,nan,nan,nan,nan,nan,nan,nan,nan,nan,nan,1.1957,1.5067,nan,nan,nan,nan,nan,1.2401,1.1414,nan,nan,nan,nan,nan,nan,nan,0.20314000000000002,nan,nan,-0.48596999999999996,nan,nan,nan,nan,nan,nan,nan,-1.3289,nan,nan,nan,nan,nan,nan,nan,nan,-0.50005,nan,-0.79122,nan,nan,nan,nan,-1.4428,-1.406,nan,nan,nan,nan,nan
2.0,-0.86055,-0.81152,nan,nan,nan,nan,nan,nan,nan,nan,nan,nan,nan,1.5343,nan,1.6359,nan,nan,nan,nan,nan,nan,nan,nan,nan,nan,-0.79509,nan,nan,nan,nan,nan,0.84664,1.1905,nan,nan,nan,1.3689,nan,nan,nan,nan,nan,nan,nan,nan,nan,nan,nan,nan,-0.26178,nan,nan,nan,nan,nan,-1.1927,nan,nan,nan,nan,nan,nan,-0.66237,-0.47258,nan,-0.4145,nan,nan,nan,nan,nan,nan,nan,nan,-1.1175,nan,nan,nan,-0.39935
2.0,-0.84896,nan,-0.5525800000000001,nan,0.010216,nan,nan,0.9451700000000001,1.2242,nan,nan,nan,1.3382,nan,nan,nan,nan,nan,nan,nan,nan,nan,nan,nan,nan,nan,nan,nan,nan,nan,nan,1.1715,nan,nan,nan,1.4089,nan,nan,nan,nan,nan,nan,nan,1.0591,nan,nan,nan,-0.23405,nan,-0.7282,nan,nan,nan,nan,-0.8820899999999999,nan,nan,-1.5898,-1.6178,-1.4064,nan,-0.9566600000000001,nan,nan,nan,nan,nan,-0.53466,nan,nan,nan,nan,nan,nan,nan,nan,nan,nan,nan,nan
3.0,-0.72583,nan,nan,nan,nan,nan,nan,0.8773,nan,1.3814,nan,nan,1.4233,1.4337,nan,1.4356,nan,nan,nan,nan,nan,nan,-0.60405,nan,nan,-0.52089,nan,-0.025736000000000002,nan,nan,nan,nan,nan,nan,nan,nan,nan,nan,nan,nan,nan,nan,nan,0.9445,nan,nan,nan,nan,nan,nan,-0.5595399999999999,nan,-0.46593,-0.60026,nan,-0.93579,nan,nan,nan,nan,nan,nan,nan,nan,nan,nan,nan,nan,nan,nan,-1.1465,nan,nan,nan,nan,-1.1885,nan,nan,-0.81008,nan
3.0,-0.74671,nan,nan,nan,-0.006523100000000001,nan,nan,nan,nan,1.3667,nan,nan,nan,nan,nan,nan,nan,nan,nan,nan,-0.090464,nan,-0.6311,nan,nan,nan,nan,nan,nan,nan,0.68184,nan,1.3425,1.4747,nan,nan,nan,nan,1.4127,nan,nan,nan,1.2903,nan,0.66459,nan,nan,nan,-0.47113,-0.6947,nan,-0.5811,nan,nan,nan,-1.3096,-1.4652,nan,nan,nan,nan,nan,nan,nan,nan,nan,nan,nan,nan,nan,nan,nan,nan,nan,nan,nan,nan,nan,nan,nan
2.0,-0.8295299999999999,nan,-0.70303,nan,nan,nan,nan,nan,nan,nan,nan,nan,nan,nan,1.5582,nan,nan,0.88018,nan,nan,nan,nan,-0.5643,nan,nan,-0.7800199999999999,nan,-0.38452,nan,nan,nan,0.8054,nan,nan,nan,nan,1.3942,nan,nan,1.4869999999999999,1.5823,nan,nan,nan,nan,0.34626,nan,nan,-0.53805,nan,nan,nan,-0.37173,-0.5950300000000001,nan,-0.95663,nan,nan,nan,nan,nan,-1.0979,nan,nan,nan,nan,nan,nan,-1.0253,nan,nan,nan,-1.4005,nan,-1.1259,nan,nan,nan,nan,nan
2.0,-0.80724,nan,nan,nan,nan,nan,nan,0.95924,nan,nan,nan,nan,nan,nan,nan,nan,nan,nan,nan,nan,nan,-0.3213,nan,-0.80145,nan,nan,-0.52923,nan,nan,0.21411999999999998,nan,nan,nan,nan,1.4543,1.3622,nan,nan,nan,nan,nan,nan,nan,nan,0.5767100000000001,nan,nan,nan,nan,nan,nan,nan,nan,nan,nan,nan,nan,nan,nan,nan,nan,nan,nan,nan,nan,nan,nan,nan,nan,nan,-1.1682,-1.3258,nan,nan,nan,nan,-1.0207,nan,nan,nan
2.0,-0.8809,nan,nan,nan,nan,nan,nan,nan,nan,1.4149,nan,nan,nan,nan,nan,nan,nan,nan,nan,nan,nan,nan,nan,nan,nan,nan,nan,nan,nan,nan,nan,nan,nan,nan,nan,nan,nan,nan,1.3786,nan,nan,nan,nan,nan,nan,nan,nan,nan,nan,nan,nan,nan,nan,nan,nan,nan,nan,nan,nan,nan,nan,nan,-0.69079,-0.50434,-0.3579,nan,-0.37665,nan,nan,nan,nan,nan,nan,nan,nan,nan,nan,nan,-0.6390600000000001,-0.3848
3.0,-0.81292,nan,-0.64572,-0.36291,nan,nan,nan,nan,nan,nan,nan,nan,nan,nan,nan,nan,nan,nan,nan,nan,nan,nan,nan,-0.63266,nan,-0.77535,nan,nan,nan,nan,nan,nan,nan,nan,nan,nan,1.3213,nan,nan,1.3584,nan,nan,nan,nan,nan,nan,nan,-0.27428,-0.53483,nan,nan,nan,nan,nan,nan,-0.98898,nan,nan,nan,nan,nan,nan,nan,nan,nan,-0.56463,-0.73152,nan,nan,nan,nan,nan,-1.3158,nan,nan,nan,nan,nan,nan,-0.17934
3.0,-0.6766399999999999,nan,-0.5430699999999999,nan,nan,nan,0.5172899999999999,nan,nan,nan,nan,1.4072,nan,1.4522,1.459,nan,nan,0.69952,nan,nan,-0.182,nan,nan,-0.74188,nan,nan,nan,nan,nan,nan,nan,1.1184,nan,nan,nan,nan,nan,nan,nan,1.4818,nan,nan,nan,nan,0.69376,0.38295999999999997,nan,-0.17138,-0.41911000000000004,-0.6339899999999999,nan,nan,nan,nan,nan,nan,nan,nan,-1.4268,nan,nan,nan,-0.78291,nan,-0.40584000000000003,nan,nan,-0.76346,nan,nan,nan,nan,nan,nan,nan,nan,nan,-0.77615,nan,nan
2.0,-0.77509,nan,nan,nan,nan,nan,nan,nan,nan,nan,nan,nan,nan,nan,nan,1.3433,1.1593,nan,nan,nan,-0.055264999999999995,nan,-0.5966600000000001,nan,nan,nan,nan,nan,nan,nan,nan,nan,1.2972,nan,nan,nan,nan,nan,nan,nan,nan,nan,1.2148,nan,nan,nan,nan,nan,nan,-0.70673,nan,nan,nan,nan,-1.0697,nan,nan,nan,nan,-1.2317,nan,nan,nan,nan,nan,nan,nan,nan,nan,nan,-1.2765,nan,nan,nan,-1.1186,nan,nan,nan,nan,nan
2.0,-0.75134,nan,-0.5644,nan,0.008570999999999999,0.3328,nan,nan,nan,nan,1.5238,nan,1.3675,nan,nan,nan,1.2197,nan,nan,0.40403,nan,nan,nan,nan,nan,nan,nan,nan,nan,nan,nan,nan,1.0651,nan,1.3767,nan,nan,nan,nan,nan,nan,nan,nan,nan,nan,0.42973999999999996,nan,nan,nan,nan,-0.16762,nan,nan,nan,-0.70044,-0.96444,nan,nan,nan,-1.5318,nan,nan,nan,nan,nan,nan,nan,nan,nan,nan,-1.3264,nan,nan,nan,nan,-1.1079,-0.9308700000000001,nan,nan,nan
3.0,-0.69265,nan,nan,nan,nan,nan,nan,nan,nan,1.327,1.3924,1.435,1.5455,nan,1.3519999999999999,nan,nan,0.53382,0.26406,-0.024005000000000002,-0.28889000000000004,-0.49045,nan,-0.61793,nan,nan,nan,nan,nan,nan,nan,nan,nan,nan,nan,nan,1.3719,nan,nan,nan,nan,nan,nan,nan,nan,nan,nan,nan,nan,nan,nan,nan,nan,nan,nan,nan,nan,-1.338,nan,nan,-0.96001,-0.80497,nan,nan,nan,nan,nan,nan,nan,-0.9096200000000001,nan,nan,nan,nan,nan,nan,nan,-1.0924,nan,-0.8407899999999999
2.0,-0.9489,nan,nan,nan,-0.14994000000000002,0.18802,0.52442,nan,nan,nan,nan,nan,nan,nan,nan,nan,nan,nan,0.53877,0.24941,nan,nan,nan,nan,-0.9869100000000001,-0.80861,nan,-0.29768,nan,nan,nan,nan,nan,nan,nan,nan,nan,nan,nan,nan,nan,nan,nan,0.9262,nan,nan,nan,nan,nan,-0.8585200000000001,nan,nan,nan,nan,-0.79197,nan,-1.2317,nan,nan,nan,nan,nan,nan,nan,nan,nan,nan,nan,nan,nan,-1.1953,nan,nan,nan,nan,nan,nan,nan,nan,nan
3.0,-0.74958,nan,nan,nan,nan,nan,0.62037,0.9330299999999999,nan,nan,1.4269,1.4538,nan,nan,nan,nan,1.0881,nan,nan,0.16976,nan,nan,nan,nan,-0.77745,nan,nan,-0.2367,0.013415999999999999,nan,0.56714,0.8608600000000001,nan,nan,1.4492,nan,nan,nan,nan,nan,nan,nan,nan,1.0308,nan,0.37822,nan,nan,nan,nan,nan,nan,nan,-0.79481,nan,-1.2113,nan,nan,nan,nan,nan,nan,-0.65558,nan,nan,nan,nan,nan,nan,nan,nan,nan,nan,nan,nan,nan,nan,nan,nan,nan
3.0,-0.85165,nan,nan,nan,0.029794,nan,nan,nan,nan,nan,nan,1.3906,1.4339,nan,nan,nan,nan,nan,nan,0.16444,nan,nan,nan,-0.84116,nan,nan,nan,nan,nan,nan,0.66794,nan,nan,nan,nan,1.3867,nan,1.3551,nan,nan,1.5766,nan,nan,nan,nan,nan,nan,nan,nan,nan,-0.36691999999999997,nan,nan,-0.94657,nan,nan,nan,nan,-1.3775,nan,nan,nan,nan,nan,nan,nan,nan,-0.62275,-0.83434,nan,nan,-1.32,nan,nan,nan,-1.1269,nan,nan,-0.60114,nan
2.0,-0.65673,nan,-0.42183999999999994,-0.17304,nan,nan,nan,nan,nan,nan,nan,nan,nan,nan,nan,nan,nan,nan,nan,nan,-0.23848000000000003,nan,nan,nan,nan,nan,nan,nan,nan,nan,nan,nan,nan,nan,1.3232,nan,nan,nan,1.5171,nan,nan,nan,nan,nan,nan,nan,0.10165,nan,nan,nan,nan,nan,nan,nan,nan,nan,nan,nan,-1.3955,nan,nan,nan,-0.8183600000000001,nan,nan,nan,nan,nan,nan,-1.0121,-1.1617,nan,nan,nan,nan,nan,nan,nan,nan,nan
2.0,-0.72388,-0.7440000000000001,nan,-0.29309,nan,nan,0.6668,nan,1.1984,nan,1.3999,nan,1.4225,nan,nan,1.4096,nan,nan,nan,0.30062,nan,nan,nan,nan,-0.7117899999999999,nan,nan,nan,nan,nan,nan,0.9239700000000001,nan,nan,nan,nan,nan,nan,nan,nan,nan,1.5230000000000001,nan,0.96367,nan,nan,nan,-0.245,nan,-0.6735800000000001,-0.34016,-0.48683000000000004,nan,nan,nan,nan,-1.4056,nan,nan,nan,nan,-0.8545,nan,nan,-0.35607,nan,nan,nan,-0.95668,nan,-1.2602,nan,nan,-1.3353,-1.2815,nan,-0.941,nan,nan,nan
3.0,-0.48663,nan,nan,nan,nan,nan,nan,nan,nan,nan,nan,nan,1.3433,nan,nan,nan,nan,0.41097,0.11737,-0.1923,nan,nan,-0.6573899999999999,nan,nan,nan,nan,nan,nan,nan,nan,nan,nan,nan,nan,nan,nan,nan,nan,nan,nan,nan,nan,nan,nan,nan,0.28419,0.026746,nan,nan,nan,nan,nan,nan,nan,nan,-1.2741,nan,-1.3536,nan,nan,nan,-0.90041,nan,nan,nan,nan,nan,nan,nan,nan,nan,nan,nan,nan,nan,nan,nan,nan,nan
1.0,-0.6027600000000001,nan,nan,nan,nan,nan,nan,nan,nan,1.3281,1.4532,nan,nan,nan,1.3922,nan,nan,nan,nan,nan,nan,nan,nan,nan,nan,nan,nan,0.24435,0.5322899999999999,0.7971199999999999,nan,nan,nan,nan,1.3873,nan,nan,nan,nan,nan,nan,1.3672,nan,0.9094200000000001,0.61524,nan,0.10898,nan,nan,nan,nan,nan,nan,nan,nan,-1.1653,nan,nan,nan,nan,nan,nan,nan,nan,nan,nan,nan,-0.93222,nan,nan,nan,nan,nan,nan,nan,nan,-0.9971899999999999,nan,nan,nan
1.0,-0.5010899999999999,nan,nan,nan,0.049359,nan,0.57247,nan,nan,nan,1.3159,nan,nan,nan,nan,nan,nan,nan,nan,nan,nan,nan,nan,-0.51667,nan,nan,-0.019048,nan,nan,nan,nan,nan,nan,1.4389,nan,1.3229,nan,nan,1.3839,nan,nan,nan,1.3259999999999998,nan,nan,nan,0.20054,-0.048385000000000004,nan,nan,nan,nan,-0.82431,nan,nan,-1.198,-1.3094,nan,-1.4140000000000001,nan,-1.2476,-1.1351,nan,nan,nan,nan,nan,nan,nan,nan,nan,nan,-1.3652,nan,nan,nan,-1.0159,nan,nan,nan
1.0,-0.40334000000000003,-0.52299,-0.36966,nan,nan,nan,nan,nan,nan,nan,nan,nan,1.1921,nan,nan,0.72183,nan,0.32275,nan,nan,-0.39123,nan,nan,nan,nan,nan,nan,nan,nan,1.1948,nan,nan,nan,nan,1.3332,nan,1.1358,nan,nan,1.2979,nan,1.5745,nan,nan,nan,nan,nan,0.03787,nan,-0.26305,nan,nan,nan,nan,nan,nan,nan,nan,nan,nan,nan,nan,nan,nan,nan,nan,nan,nan,nan,nan,nan,-1.3066,nan,-1.4685,nan,nan,nan,-1.0056,nan,nan
1.0,-0.75671,nan,nan,-0.29077,nan,nan,0.62954,nan,1.185,nan,1.3827,1.3027,1.3578,1.4504,nan,nan,nan,nan,nan,0.15005,nan,nan,nan,-0.7469600000000001,nan,nan,nan,-0.040379000000000005,nan,nan,nan,nan,nan,nan,nan,nan,nan,nan,nan,nan,nan,nan,nan,nan,0.63864,nan,nan,nan,-0.45755,nan,nan,-0.46219,-0.6169,-0.7935300000000001,nan,nan,-1.337,nan,nan,nan,nan,nan,nan,nan,nan,nan,nan,nan,nan,nan,nan,nan,nan,nan,nan,nan,nan,nan,nan,nan
3.0,-0.61283,nan,nan,nan,nan,0.17114000000000001,nan,nan,nan,nan,1.2925,nan,nan,nan,nan,nan,nan,nan,nan,nan,nan,nan,nan,-0.50778,nan,nan,nan,nan,0.59482,0.87421,nan,nan,nan,nan,nan,nan,nan,nan,nan,1.3435,1.4525,nan,nan,nan,nan,nan,nan,-0.06841799999999999,nan,nan,nan,nan,nan,nan,nan,-1.2085,nan,nan,nan,nan,-1.103,nan,nan,nan,nan,nan,nan,nan,nan,-0.98546,nan,nan,nan,nan,-1.3174,nan,-1.0568,nan,-0.84851,nan
1.0,-0.63646,nan,nan,nan,0.092563,nan,nan,nan,nan,nan,nan,nan,nan,nan,1.0868,nan,nan,0.35462,nan,nan,nan,-0.6829999999999999,nan,-0.5403600000000001,nan,nan,nan,0.47353,0.7724,nan,nan,nan,nan,nan,1.3307,nan,nan,nan,nan,nan,nan,nan,nan,nan,0.74598,0.46368000000000004,nan,nan,nan,nan,-0.76664,nan,nan,-0.73525,nan,nan,nan,nan,nan,nan,nan,-1.1606,nan,-0.96654,nan,nan,-0.71712,nan,-0.74544,nan,nan,-1.2105,-1.307,-1.3984,nan,nan,nan,nan,nan,nan
1.0,-0.66738,nan,nan,nan,nan,0.40446,nan,nan,nan,nan,1.3518,nan,nan,nan,nan,nan,nan,nan,nan,nan,nan,-0.65968,nan,nan,nan,nan,nan,nan,nan,nan,nan,nan,nan,nan,nan,nan,1.3456,nan,nan,nan,nan,nan,nan,nan,nan,nan,nan,-0.1998,nan,-0.54655,nan,nan,nan,nan,nan,nan,nan,nan,nan,nan,nan,nan,nan,nan,nan,nan,nan,nan,nan,-1.1189,-1.2873,-1.4564,-1.4694,nan,nan,nan,nan,nan,nan,nan
1.0,-0.51864,nan,nan,nan,nan,nan,nan,nan,nan,nan,nan,nan,1.2566,1.1817,nan,0.80689,nan,0.35991,nan,-0.11447,nan,nan,nan,nan,nan,nan,nan,0.42521000000000003,nan,nan,nan,nan,nan,nan,nan,nan,nan,nan,nan,nan,nan,nan,nan,nan,0.81424,nan,nan,nan,nan,nan,nan,nan,nan,-0.87425,nan,nan,nan,nan,-1.4174,nan,-1.2121,nan,nan,-0.8597899999999999,nan,nan,nan,-1.0566,nan,nan,nan,nan,nan,nan,nan,nan,nan,-0.91369,-0.80007,nan
1.0,-0.5072800000000001,nan,nan,nan,nan,nan,nan,nan,nan,nan,nan,nan,nan,nan,0.9807100000000001,0.7428100000000001,nan,nan,nan,nan,nan,nan,nan,nan,nan,nan,nan,nan,nan,nan,nan,nan,nan,nan,nan,nan,nan,nan,nan,1.5408,nan,nan,nan,nan,nan,nan,0.27412,nan,nan,nan,nan,nan,-0.80718,nan,nan,nan,nan,nan,nan,nan,nan,nan,nan,-0.78564,-0.72955,-0.59872,nan,-0.83768,-0.9169,nan,nan,nan,nan,nan,nan,nan,-1.1029,nan,nan,nan
1.0,-0.69584,nan,nan,nan,nan,nan,0.67124,nan,nan,nan,1.2368,nan,nan,1.3907,nan,nan,0.82065,nan,nan,nan,-0.34397,nan,nan,-0.5406,nan,nan,0.10885999999999998,nan,0.6533800000000001,0.90109,nan,nan,1.597,nan,nan,nan,nan,1.3355,nan,nan,nan,nan,nan,nan,nan,nan,0.11306,nan,-0.39136,nan,nan,nan,nan,-0.95688,-1.0779,nan,nan,-1.3594,nan,nan,nan,nan,nan,nan,nan,nan,nan,nan,nan,nan,nan,nan,nan,nan,nan,nan,nan,nan,nan,nan
2.0,-0.63053,nan,nan,-0.18478,nan,nan,nan,0.9582,nan,nan,nan,nan,nan,nan,1.168,nan,nan,nan,nan,-0.19848,nan,nan,-0.62017,nan,-0.33779000000000003,nan,nan,nan,nan,0.88507,nan,nan,1.5445,1.5261,nan,1.4446,nan,nan,nan,nan,nan,nan,1.2448,nan,nan,nan,nan,nan,nan,nan,nan,nan,nan,nan,nan,nan,nan,nan,nan,nan,nan,nan,nan,nan,-0.73407,nan,-0.65947,-0.7295699999999999,-0.8828,nan,nan,nan,nan,-1.3442,nan,nan,nan,nan,nan,nan
1.0,-0.50703,nan,nan,nan,nan,nan,0.63021,nan,nan,nan,nan,nan,nan,nan,nan,nan,nan,nan,nan,nan,nan,nan,nan,nan,nan,0.027193000000000002,nan,nan,nan,nan,nan,nan,1.4518,1.3408,1.3191,nan,nan,nan,nan,nan,nan,1.5208,nan,1.0153,nan,nan,nan,nan,-0.24675,nan,nan,nan,nan,nan,nan,nan,nan,-1.4398,nan,nan,nan,nan,nan,nan,nan,nan,nan,nan,nan,nan,nan,nan,nan,nan,nan,-1.2517,nan,-1.133,nan,-0.8265899999999999
1.0,-0.52173,-0.4491,nan,nan,nan,nan,nan,nan,nan,nan,nan,nan,nan,1.311,nan,nan,nan,nan,nan,nan,nan,nan,nan,nan,-0.38192,nan,nan,nan,nan,nan,nan,nan,nan,nan,nan,nan,nan,nan,nan,nan,nan,1.5592,nan,nan,nan,nan,nan,nan,nan,nan,nan,nan,nan,nan,-1.1146,nan,nan,-1.3864,nan,nan,nan,nan,nan,nan,nan,nan,nan,nan,-0.88061,nan,nan,nan,nan,nan,nan,nan,nan,-1.0046,nan,nan
1.0,-0.63235,nan,nan,nan,nan,nan,0.69423,0.9101100000000001,1.1371,1.2996,nan,nan,nan,nan,nan,nan,0.70719,0.4056,nan,nan,nan,nan,-0.60302,nan,nan,nan,nan,0.39709,0.6188100000000001,0.89785,nan,nan,1.4892,nan,nan,nan,1.4344,nan,nan,nan,nan,nan,1.2242,nan,nan,nan,nan,-0.17,nan,nan,nan,-0.76775,nan,nan,nan,nan,nan,nan,nan,nan,-1.2194,nan,nan,nan,nan,nan,-0.7154699999999999,nan,nan,nan,nan,nan,-1.254,-1.2875,nan,-1.1566,-1.0371,nan,nan,nan
1.0,-0.76358,nan,nan,nan,nan,0.25663,nan,nan,nan,nan,nan,nan,1.4424,nan,nan,1.5313,nan,0.9491200000000001,0.62822,nan,nan,-0.32174,-0.5988100000000001,-0.7931600000000001,nan,nan,-0.51357,-0.27347,nan,nan,nan,0.8424799999999999,1.1548,nan,1.4395,nan,nan,nan,nan,nan,nan,nan,nan,nan,nan,nan,nan,nan,nan,nan,nan,nan,nan,-0.71122,nan,nan,-1.3201,nan,nan,nan,-1.1186,nan,nan,nan,-0.47098999999999996,-0.44633999999999996,nan,-0.76784,nan,nan,nan,nan,-1.3454,nan,nan,nan,nan,nan,-0.50853,nan
2.0,-0.9061799999999999,nan,nan,nan,nan,nan,nan,nan,nan,nan,1.4203,nan,1.4112,nan,1.5593,nan,1.1909,nan,nan,nan,nan,-0.44233,-0.71507,-0.8986200000000001,-0.9384399999999999,nan,nan,nan,nan,nan,nan,0.96505,1.294,nan,nan,nan,nan,nan,nan,nan,nan,nan,1.3787,nan,nan,nan,nan,-0.28488,nan,nan,nan,nan,nan,nan,-0.89835,nan,nan,nan,nan,nan,nan,-0.88181,-0.70448,nan,nan,nan,nan,-0.57124,nan,nan,nan,nan,-1.3443,nan,nan,nan,nan,nan,nan,nan
2.0,-0.6107600000000001,nan,nan,nan,nan,nan,nan,nan,nan,1.1082,1.2794,nan,nan,nan,nan,nan,nan,0.50034,0.20961,-0.006891899999999999,-0.27064,nan,nan,nan,-0.39954,-0.19030999999999998,nan,0.32721999999999996,0.56099,0.8620899999999999,nan,1.4749,nan,1.6057,nan,nan,nan,nan,nan,nan,nan,nan,nan,nan,0.76958,nan,nan,nan,nan,nan,nan,-0.73063,-0.74693,-0.8883,nan,nan,nan,nan,-1.3288,-1.2087,nan,-0.9023399999999999,nan,nan,nan,nan,-0.80208,nan,nan,nan,nan,nan,nan,nan,-1.2116,nan,nan,-0.9012899999999999,nan,nan
1.0,-0.68712,nan,nan,-0.17092000000000002,0.11943,0.33442,0.71037,nan,nan,nan,nan,nan,1.3382,nan,nan,nan,nan,nan,nan,-0.19593,nan,nan,-0.63984,nan,nan,nan,nan,nan,nan,nan,nan,1.5413,nan,nan,nan,nan,nan,nan,nan,1.3246,1.4276,nan,nan,nan,nan,nan,nan,nan,nan,nan,nan,nan,nan,nan,nan,nan,nan,nan,nan,nan,-1.1208,-0.9575100000000001,nan,-0.6795399999999999,-0.52963,nan,-0.72135,-0.82614,-1.005,nan,nan,nan,-1.3581,-1.2994,nan,nan,nan,nan,nan,nan
2.0,-0.55999,nan,nan,-0.17557,nan,nan,nan,nan,nan,nan,nan,1.347,1.3703,1.3706,nan,nan,nan,0.79452,0.47581,nan,nan,nan,-0.55875,-0.5404100000000001,nan,nan,nan,nan,nan,nan,nan,nan,1.4128,nan,nan,nan,1.3205,nan,nan,nan,1.4969999999999999,nan,nan,nan,nan,nan,nan,nan,nan,nan,nan,-0.54215,-0.6812199999999999,nan,nan,nan,nan,nan,nan,nan,-1.1813,nan,nan,nan,nan,nan,nan,-0.93215,nan,-1.1582,-1.2406,nan,nan,nan,nan,nan,-1.0399,nan,nan,nan
2.0,-0.6779999999999999,nan,nan,nan,nan,nan,nan,nan,1.0,nan,nan,nan,nan,nan,nan,nan,1.0411,0.77627,nan,nan,nan,nan,nan,nan,nan,-0.4477,nan,nan,nan,0.5997600000000001,nan,nan,nan,nan,nan,nan,nan,nan,nan,nan,nan,nan,nan,nan,nan,nan,nan,nan,nan,nan,nan,nan,nan,nan,nan,-1.1642,-1.2637,nan,-1.2954,nan,nan,nan,nan,nan,-0.70591,nan,nan,nan,nan,nan,nan,nan,nan,nan,nan,nan,-1.0631,nan,nan,-0.6703
2.0,-0.90038,-0.8559899999999999,nan,nan,-0.14572000000000002,nan,nan,nan,1.1656,nan,1.3872,1.3922,nan,nan,nan,nan,nan,nan,nan,0.15867,nan,nan,-0.7400399999999999,nan,-0.79073,nan,nan,nan,nan,nan,nan,nan,1.4671,nan,nan,nan,nan,nan,nan,nan,nan,nan,nan,nan,nan,nan,nan,nan,nan,nan,nan,nan,nan,nan,-1.0145,nan,nan,-1.4074,nan,nan,nan,nan,nan,nan,nan,nan,nan,nan,nan,nan,nan,nan,-1.2925,nan,nan,nan,-1.0235,nan,nan,-0.41389
2.0,-0.79864,nan,nan,nan,0.06858099999999999,0.39348,nan,nan,nan,nan,nan,nan,1.4176,1.3745,nan,nan,nan,nan,0.17765,nan,nan,nan,nan,nan,-0.51344,nan,nan,0.27165,nan,nan,nan,1.4254,1.4542,1.3565,nan,nan,nan,nan,nan,1.426,1.5935,nan,nan,nan,0.58165,nan,0.018421,nan,nan,-0.71399,nan,nan,nan,nan,nan,nan,nan,nan,nan,nan,nan,nan,nan,nan,nan,nan,nan,-0.91879,-1.0587,nan,nan,nan,nan,-1.2366,-1.1414,nan,nan,nan,nan,nan
3.0,-0.6276,nan,nan,nan,0.19307,0.40292,0.66414,nan,nan,nan,1.3059,nan,nan,1.4005,nan,1.0445,nan,nan,nan,-0.061214,nan,nan,nan,nan,nan,nan,nan,nan,nan,0.91806,1.2164,nan,nan,nan,nan,nan,1.2887,nan,nan,nan,nan,nan,nan,nan,nan,nan,nan,nan,nan,nan,nan,nan,nan,nan,-0.9398200000000001,nan,nan,-1.3024,nan,nan,nan,nan,nan,nan,-0.8082699999999999,nan,nan,nan,nan,-1.2203,nan,-1.3487,nan,nan,nan,nan,nan,nan,nan,nan
1.0,-0.51526,nan,-0.39244,nan,nan,nan,nan,nan,nan,nan,nan,nan,1.2758,nan,nan,0.8650100000000001,nan,0.35625999999999997,0.058232000000000006,-0.17584,-0.45036000000000004,nan,nan,nan,nan,nan,nan,nan,nan,0.9700700000000001,nan,nan,1.5543,nan,nan,nan,nan,nan,nan,nan,1.5146,nan,nan,nan,nan,nan,0.27479000000000003,nan,nan,nan,nan,nan,nan,nan,nan,nan,nan,nan,nan,nan,nan,-1.1434,-0.97382,nan,nan,nan,-0.6429199999999999,nan,nan,nan,nan,nan,nan,nan,-1.3433,nan,-1.0539,nan,nan,nan
2.0,-0.59487,nan,nan,-0.16279000000000002,nan,0.40709,0.6754399999999999,nan,nan,nan,nan,nan,nan,nan,nan,nan,0.69089,0.42239,nan,nan,nan,nan,-0.52251,-0.44478999999999996,nan,nan,0.25011,nan,0.78945,nan,nan,nan,nan,1.2582,nan,nan,nan,nan,nan,nan,nan,1.4305,nan,1.0811,nan,nan,nan,nan,nan,nan,nan,nan,nan,-0.96635,nan,nan,nan,nan,-1.3927,-1.2877,-1.1686,nan,nan,nan,nan,nan,nan,-0.8483,nan,nan,-1.1689,nan,nan,nan,nan,-1.1598,nan,nan,-0.82215,nan
1.0,-0.66172,nan,-0.54742,-0.30080999999999997,nan,nan,nan,nan,nan,1.3885,1.4089,nan,nan,nan,nan,nan,nan,nan,nan,nan,nan,nan,nan,nan,nan,-0.42683999999999994,nan,nan,nan,0.6152,0.7842899999999999,nan,nan,nan,nan,1.3566,nan,nan,nan,nan,nan,nan,nan,nan,nan,nan,0.11539,nan,nan,nan,-0.5160399999999999,nan,-0.45819,-0.59614,nan,-0.9816,nan,nan,-1.492,nan,nan,nan,-1.0205,nan,nan,nan,nan,nan,nan,nan,nan,nan,nan,-1.4193,nan,nan,nan,nan,-0.78579,nan
2.0,-0.84441,nan,nan,nan,nan,nan,nan,nan,nan,nan,nan,nan,nan,nan,nan,nan,nan,nan,0.62611,nan,nan,nan,-0.5844699999999999,nan,-0.8421799999999999,-0.70212,nan,nan,nan,nan,nan,nan,nan,nan,nan,nan,nan,1.3749,1.3419999999999999,nan,nan,nan,nan,nan,nan,nan,nan,nan,nan,nan,-0.22225,nan,nan,nan,-0.90296,nan,nan,nan,nan,nan,nan,nan,-0.8148,nan,nan,nan,nan,nan,-0.87385,nan,nan,-1.3618,nan,nan,-1.3022,nan,-0.96298,nan,nan,nan
3.0,-0.5947600000000001,nan,-0.39697,nan,nan,nan,nan,nan,nan,nan,nan,nan,nan,nan,nan,1.0434,nan,nan,0.32899,nan,nan,nan,nan,nan,nan,-0.19957,nan,nan,nan,nan,nan,nan,1.4798,nan,nan,nan,nan,nan,nan,nan,1.4534,nan,nan,nan,nan,nan,nan,nan,nan,nan,nan,nan,nan,nan,-1.0209,nan,nan,nan,nan,-1.3743,nan,nan,nan,nan,nan,nan,-0.70728,nan,-1.0027,-1.1393,nan,-1.3466,nan,nan,nan,nan,nan,nan,nan,-0.59543
1.0,-0.5654100000000001,nan,nan,nan,nan,nan,nan,nan,1.1751,nan,1.2954,nan,nan,nan,nan,nan,nan,0.25921,nan,nan,nan,nan,nan,nan,-0.23268000000000003,0.033174,nan,nan,0.8192,1.0874,1.3699,nan,1.5362,nan,nan,nan,nan,nan,nan,1.5187,nan,nan,1.3264,nan,nan,0.49441999999999997,nan,nan,nan,nan,nan,-0.7116399999999999,-0.81675,nan,nan,nan,nan,nan,-1.3372,nan,nan,-1.1097,nan,nan,nan,-0.7037899999999999,nan,nan,nan,nan,nan,nan,nan,nan,-1.226,nan,nan,nan,nan,nan
2.0,-0.64595,nan,nan,nan,nan,nan,nan,0.9990600000000001,nan,nan,nan,nan,nan,nan,1.3987,nan,nan,0.5988600000000001,0.33553,nan,-0.24971999999999997,nan,-0.62349,nan,nan,-0.32536,-0.23292,nan,nan,0.54676,nan,nan,1.4194,nan,nan,nan,nan,nan,nan,nan,nan,nan,nan,nan,0.60353,nan,nan,nan,nan,-0.54524,nan,nan,nan,nan,nan,nan,nan,nan,nan,-1.2586,nan,nan,nan,-0.72493,nan,-0.77866,nan,-0.9491700000000001,-1.0459,-1.1199,nan,nan,nan,-1.2063,nan,nan,nan,nan,nan,nan
2.0,-0.70244,nan,nan,-0.25963,nan,nan,nan,nan,nan,1.2611,nan,1.3530000000000002,nan,nan,1.0767,nan,0.52412,nan,nan,-0.28897,-0.52663,nan,nan,nan,nan,nan,nan,nan,nan,nan,nan,nan,1.579,nan,nan,nan,nan,nan,nan,nan,nan,nan,nan,0.83505,nan,nan,nan,nan,nan,-0.64687,nan,-0.64289,nan,nan,nan,nan,nan,-1.3354,-1.3358,nan,nan,nan,nan,nan,-0.7298399999999999,nan,nan,nan,nan,nan,nan,-1.1989,nan,nan,-1.2041,nan,-1.0229,-0.90054,nan,nan
1.0,-0.52936,nan,nan,nan,nan,0.25745,nan,nan,nan,nan,nan,nan,nan,nan,nan,nan,nan,0.6776399999999999,nan,0.052051,nan,nan,nan,nan,nan,nan,nan,0.092217,nan,nan,nan,nan,nan,nan,nan,nan,1.3532,nan,1.4514,nan,nan,nan,nan,nan,nan,0.51241,0.22996999999999998,nan,-0.2841,nan,-0.56702,nan,nan,nan,nan,nan,nan,nan,nan,nan,nan,-1.0263,nan,nan,nan,nan,nan,nan,nan,-1.0789,nan,-1.3507,nan,nan,nan,nan,nan,-0.9395600000000001,nan,nan
1.0,-0.44956999999999997,nan,nan,nan,nan,nan,0.57676,nan,nan,nan,nan,nan,nan,1.2384,1.1364,nan,0.71339,nan,0.19135,nan,nan,nan,nan,nan,nan,nan,nan,nan,nan,nan,nan,nan,nan,nan,1.3606,1.3864,nan,nan,nan,1.4446,nan,nan,nan,nan,0.79733,nan,0.26547,nan,nan,nan,nan,nan,-0.8385,nan,nan,nan,nan,-1.4349,nan,nan,-1.1715,nan,-0.9483799999999999,nan,nan,nan,nan,nan,nan,nan,-1.2542,nan,-1.3305,nan,nan,nan,nan,nan,nan,-0.69111
2.0,-0.54442,nan,nan,-0.24136999999999997,nan,nan,nan,0.73342,1.0161,nan,1.3061,1.3393,nan,1.3362,nan,nan,0.8759600000000001,nan,nan,nan,nan,nan,nan,-0.54624,nan,nan,nan,nan,nan,nan,nan,nan,nan,nan,1.4209,nan,nan,nan,nan,1.4448,nan,nan,nan,1.0865,0.797,nan,0.18103,nan,nan,nan,nan,-0.50905,-0.65573,nan,nan,nan,nan,-1.5090000000000001,nan,nan,nan,nan,nan,nan,-0.57188,nan,-0.69743,nan,nan,nan,-1.3255,nan,nan,nan,nan,nan,nan,-0.81888,nan,nan
2.0,-0.6772699999999999,-0.6138100000000001,-0.44231000000000004,nan,nan,nan,nan,nan,nan,nan,nan,nan,nan,nan,1.3925,nan,nan,nan,nan,0.096355,nan,nan,nan,nan,nan,-0.40410999999999997,nan,0.044489,nan,nan,nan,nan,nan,nan,nan,nan,nan,1.422,nan,nan,nan,nan,1.253,nan,nan,nan,nan,nan,-0.39945,-0.58336,-0.58238,nan,nan,nan,nan,nan,-1.3825,nan,nan,nan,nan,nan,nan,-0.6685399999999999,nan,nan,nan,nan,nan,-1.0513,nan,nan,nan,nan,nan,nan,nan,-0.9165700000000001,nan,-0.6431899999999999
2.0,-0.64485,nan,nan,nan,nan,nan,nan,nan,nan,nan,nan,nan,nan,nan,nan,nan,nan,0.49763,nan,nan,nan,nan,nan,nan,nan,nan,nan,nan,nan,nan,1.0295,nan,nan,nan,nan,nan,nan,nan,nan,1.3130000000000002,nan,nan,nan,nan,nan,0.41578000000000004,nan,nan,-0.38455,nan,-0.64778,-0.58402,nan,-0.7941,nan,nan,-1.2465,nan,nan,nan,nan,nan,nan,nan,nan,nan,-0.73383,nan,nan,nan,-1.1285,nan,nan,nan,nan,nan,-1.1189,nan,nan,-0.7724
2.0,-0.62975,nan,nan,-0.26134,nan,nan,nan,0.80938,nan,nan,nan,nan,1.4428,nan,1.3871,nan,nan,0.64072,0.32283,0.024714,nan,-0.51157,nan,nan,nan,nan,nan,nan,nan,0.82032,nan,nan,nan,nan,nan,1.3595,nan,1.401,nan,nan,nan,nan,nan,nan,nan,nan,nan,nan,nan,nan,nan,nan,nan,nan,nan,nan,nan,-1.4073,nan,nan,nan,nan,-0.82904,nan,nan,nan,nan,nan,nan,nan,-1.0943,nan,nan,nan,nan,nan,nan,nan,-0.86405,nan
2.0,-0.72028,nan,nan,nan,nan,nan,nan,nan,1.2476,nan,nan,nan,nan,nan,nan,nan,nan,nan,nan,nan,nan,-0.23298000000000002,nan,nan,nan,nan,-0.5572600000000001,nan,nan,nan,nan,nan,nan,nan,nan,nan,nan,nan,nan,1.3872,nan,1.4521,nan,nan,0.80681,0.44195,0.12664,nan,nan,-0.63159,nan,nan,-0.6924600000000001,-0.74627,nan,nan,nan,nan,nan,-1.3809,nan,nan,nan,nan,nan,-0.49375,-0.59121,nan,nan,nan,nan,nan,-1.3241,nan,nan,-1.1618,nan,-0.87372,nan,nan
2.0,-0.8216100000000001,nan,nan,nan,nan,nan,nan,nan,nan,1.4669999999999999,nan,nan,nan,nan,nan,nan,nan,nan,nan,0.37371,0.045556,nan,nan,-0.7662,nan,nan,-0.57418,nan,nan,nan,nan,nan,nan,nan,nan,nan,nan,nan,nan,nan,nan,nan,nan,1.0709,nan,nan,nan,nan,nan,nan,nan,-0.38094,nan,-0.74269,-0.9467399999999999,nan,nan,-1.5843,nan,nan,nan,nan,nan,nan,nan,nan,nan,nan,nan,-1.072,-1.2741,-1.3795,-1.4415,nan,nan,nan,nan,nan,nan,nan
3.0,-0.9104,-0.82009,nan,nan,nan,0.35124,nan,nan,nan,nan,nan,1.4492,nan,nan,nan,nan,nan,nan,nan,nan,nan,-0.29331,nan,-0.78368,nan,nan,nan,nan,nan,nan,nan,nan,nan,nan,nan,nan,nan,nan,1.4358,nan,nan,nan,nan,nan,nan,nan,nan,nan,nan,nan,nan,nan,nan,nan,-0.94888,nan,nan,nan,nan,nan,nan,nan,nan,nan,nan,nan,-0.51793,nan,-0.8314,nan,nan,nan,nan,-1.32,-1.2047,nan,nan,nan,nan,nan
2.0,-0.75983,nan,nan,nan,nan,nan,nan,nan,nan,nan,1.3551,1.4147,nan,nan,nan,nan,nan,nan,nan,nan,nan,nan,nan,nan,nan,nan,nan,nan,nan,nan,1.0498,nan,1.5514,nan,nan,nan,nan,nan,1.4914,nan,nan,nan,nan,0.86054,0.56406,nan,-0.010791,nan,nan,nan,nan,nan,nan,nan,nan,nan,nan,nan,-1.3478,nan,nan,-0.9343799999999999,nan,nan,-0.60197,nan,nan,-0.50508,nan,-0.86254,-1.077,-1.1986,-1.2768,nan,nan,nan,nan,nan,-0.76812,nan
2.0,-0.8251,nan,nan,nan,nan,nan,nan,nan,1.1514,nan,nan,nan,nan,nan,1.5599,nan,nan,nan,nan,0.28913,-0.033884,-0.363,nan,-0.88289,nan,nan,nan,-0.31144,nan,nan,nan,0.8950799999999999,1.2005,nan,nan,nan,nan,1.4093,nan,nan,nan,nan,nan,0.9990600000000001,nan,nan,nan,-0.25539,nan,nan,-0.40307,nan,nan,nan,nan,nan,nan,nan,nan,nan,nan,-0.8454299999999999,nan,nan,nan,nan,nan,nan,nan,nan,nan,-1.2091,nan,-1.4156,nan,nan,nan,-0.89141,nan,nan
3.0,-0.75192,nan,nan,nan,nan,nan,nan,0.75295,nan,nan,1.5103,nan,nan,nan,nan,1.4522,nan,0.9089299999999999,0.57509,0.27759,nan,nan,-0.51842,-0.72323,nan,nan,nan,nan,nan,nan,nan,0.8745700000000001,nan,nan,nan,1.4208,nan,nan,nan,1.5717,nan,1.5326,1.2719,nan,0.6382800000000001,nan,nan,nan,nan,-0.67819,nan,-0.78508,-0.9044399999999999,nan,-1.1561,-1.2996,nan,-1.3028,nan,nan,nan,nan,nan,-0.48258,nan,nan,nan,nan,nan,nan,-0.98636,nan,nan,-1.3088,nan,nan,-1.0969,nan,-0.8184,-0.65487
2.0,-0.66948,nan,nan,nan,-0.0639,nan,nan,nan,nan,nan,nan,nan,nan,1.4134,1.4297,nan,nan,nan,nan,nan,nan,nan,nan,nan,-0.65351,nan,-0.27276,nan,nan,0.51127,nan,nan,nan,1.4546,1.4493,1.4764,nan,nan,nan,nan,nan,nan,nan,nan,nan,nan,nan,-0.11477000000000001,nan,nan,nan,nan,-0.74179,nan,nan,nan,-1.2666,-1.4262,-1.4933,nan,-1.1640000000000001,nan,nan,nan,nan,nan,nan,nan,nan,-0.9758399999999999,nan,-1.1916,nan,nan,nan,nan,-1.1403,nan,nan,nan
2.0,-0.70749,nan,nan,nan,0.020653,nan,nan,0.8812200000000001,nan,1.3753,1.4374,nan,1.4746,nan,nan,nan,nan,nan,nan,0.25448000000000004,nan,-0.35857,nan,-0.65273,nan,nan,nan,0.015465999999999999,nan,nan,0.8572200000000001,nan,1.462,nan,nan,1.4153,nan,nan,nan,nan,nan,nan,nan,nan,nan,nan,nan,nan,nan,nan,-0.64118,nan,nan,nan,nan,nan,nan,nan,nan,nan,nan,nan,nan,nan,nan,nan,nan,nan,nan,nan,nan,-1.1908,-1.2692,nan,-1.2393,nan,nan,nan,-0.7580399999999999,-0.63422
2.0,-0.83468,nan,-0.5645899999999999,-0.30423,nan,nan,0.61825,nan,nan,nan,nan,nan,nan,nan,1.5518,nan,nan,0.8903,nan,nan,0.017759999999999998,nan,nan,-0.77446,nan,nan,nan,nan,nan,nan,nan,nan,nan,1.3921,1.4796,1.4028,nan,nan,nan,nan,nan,nan,1.2418,nan,nan,nan,nan,-0.30282,nan,nan,nan,nan,nan,nan,-0.8003399999999999,nan,nan,nan,nan,nan,nan,-0.98531,nan,-0.5775899999999999,-0.40583,nan,nan,-0.6897399999999999,-0.9342299999999999,nan,nan,nan,nan,nan,nan,nan,nan,nan,nan,nan
2.0,-0.53154,nan,nan,nan,nan,nan,nan,nan,nan,nan,nan,1.3354,nan,nan,nan,1.0885,nan,nan,0.20357,nan,nan,nan,nan,nan,nan,nan,nan,nan,nan,nan,nan,1.5089,nan,nan,1.3302,nan,nan,nan,nan,nan,nan,nan,1.1427,nan,0.75993,nan,nan,nan,nan,-0.53417,nan,nan,nan,nan,nan,nan,-1.3756,-1.4559,-1.5056,nan,nan,nan,nan,nan,nan,nan,-0.73597,nan,nan,nan,nan,nan,nan,nan,nan,nan,nan,nan,nan,nan
1.0,-0.77475,-0.77295,nan,nan,nan,nan,nan,nan,nan,nan,nan,nan,nan,1.4726,nan,nan,nan,nan,nan,nan,nan,nan,nan,-0.69417,nan,-0.60527,nan,nan,nan,nan,nan,nan,1.3508,nan,nan,nan,nan,nan,nan,nan,1.4779,nan,nan,nan,nan,0.34197,nan,nan,nan,nan,nan,nan,-0.62849,-0.76645,nan,nan,nan,nan,-1.4635,nan,nan,nan,-0.76137,nan,-0.40473000000000003,-0.40767,nan,nan,nan,-1.0823,nan,nan,-1.3757,nan,-1.3054,nan,nan,nan,nan,nan
2.0,-0.85034,nan,-0.6101800000000001,-0.32013,nan,nan,nan,nan,nan,1.4711,nan,1.4327,1.5014,nan,nan,1.5091,1.3206,nan,nan,nan,nan,-0.097586,nan,nan,nan,nan,nan,nan,nan,nan,nan,nan,nan,1.2469,nan,nan,nan,nan,nan,nan,nan,1.375,nan,nan,nan,nan,nan,nan,nan,nan,nan,nan,nan,nan,nan,nan,nan,-1.3288,nan,nan,nan,nan,nan,nan,nan,-0.49381,nan,nan,nan,nan,nan,nan,nan,-1.3624,-1.2384,-1.1753,nan,-0.8799600000000001,nan,nan
3.0,-0.70626,nan,nan,-0.20249,nan,nan,nan,nan,nan,nan,nan,nan,1.4062,nan,nan,1.2249,nan,nan,nan,nan,nan,nan,nan,-0.66669,nan,nan,nan,nan,nan,nan,nan,nan,nan,nan,1.2868,nan,nan,nan,nan,nan,nan,nan,nan,nan,0.70623,nan,0.10507999999999999,nan,-0.42238000000000003,nan,nan,nan,nan,nan,nan,nan,-1.2193,nan,nan,-1.4121,-1.2797,-1.135,nan,nan,nan,nan,nan,-0.7054600000000001,nan,nan,nan,nan,nan,nan,nan,nan,nan,nan,nan,nan
2.0,-0.7558199999999999,nan,nan,nan,nan,0.33141,nan,nan,nan,nan,nan,nan,nan,nan,nan,1.0987,nan,nan,nan,nan,-0.21101999999999999,nan,nan,nan,nan,nan,nan,nan,nan,nan,nan,nan,nan,nan,nan,nan,nan,nan,nan,nan,nan,1.4646,1.1638,nan,0.588,nan,0.027877,nan,nan,nan,nan,nan,-0.7426,nan,nan,nan,nan,nan,nan,-1.2812,nan,nan,nan,nan,nan,nan,nan,nan,-0.8812399999999999,nan,nan,nan,nan,-1.2819,nan,nan,nan,nan,-0.77723,-0.61542
2.0,-0.81796,nan,nan,-0.2817,nan,nan,0.55853,nan,nan,nan,nan,nan,nan,nan,1.4293,1.2194,nan,nan,0.26232,nan,-0.23953000000000002,-0.45135,nan,nan,nan,nan,-0.20809,nan,nan,nan,nan,nan,nan,1.4983,1.422,nan,nan,1.1946,nan,1.5329,1.6453,nan,nan,nan,nan,nan,nan,nan,-0.55356,nan,nan,nan,-0.5674899999999999,nan,nan,nan,nan,nan,-1.4569,nan,nan,nan,nan,nan,nan,-0.5372,-0.47848,nan,nan,nan,nan,-1.2668,-1.2790000000000001,nan,nan,nan,-1.1159999999999999,nan,-0.79713,-0.6185
2.0,-0.89694,nan,-0.62837,nan,nan,nan,nan,nan,1.1382,nan,nan,nan,nan,nan,1.5681,nan,nan,nan,nan,nan,nan,nan,-0.76848,nan,nan,nan,nan,nan,0.15453,nan,nan,nan,nan,1.5324,1.3613,nan,nan,nan,nan,nan,1.558,1.4404,nan,nan,nan,nan,nan,nan,nan,nan,nan,nan,-0.41683000000000003,-0.67294,nan,nan,nan,nan,nan,nan,nan,nan,nan,nan,nan,nan,nan,nan,nan,nan,nan,nan,nan,-1.3424,nan,nan,nan,nan,nan,-0.33241
3.0,-0.54433,-0.47431,nan,nan,0.24205,0.51564,nan,nan,nan,nan,1.328,nan,1.3046,nan,1.0498,nan,nan,nan,-0.016913,nan,nan,nan,nan,nan,nan,nan,nan,nan,nan,nan,1.2729,1.4363,nan,nan,nan,nan,nan,1.2628,nan,nan,nan,nan,nan,1.0552,nan,nan,0.20282,nan,nan,nan,nan,nan,nan,nan,nan,nan,-1.2436,nan,nan,nan,nan,nan,nan,nan,nan,nan,nan,nan,-0.8571799999999999,nan,nan,nan,nan,nan,nan,nan,nan,-1.0490000000000002,-0.91356,nan
1.0,-0.71924,-0.7187899999999999,nan,nan,0.043931,nan,nan,nan,nan,nan,nan,nan,1.4895,1.4523,nan,1.0936,nan,nan,nan,nan,nan,nan,nan,nan,nan,nan,-0.020628,0.24023000000000003,nan,nan,nan,1.3272,nan,nan,nan,nan,nan,nan,nan,1.5826,1.4986,1.4364,nan,0.87985,nan,0.30296,nan,-0.21195999999999998,nan,nan,nan,nan,nan,nan,nan,nan,nan,nan,nan,-1.2154,nan,nan,nan,nan,nan,nan,nan,nan,nan,nan,nan,nan,nan,nan,nan,nan,-0.9885299999999999,nan,nan,nan
2.0,-0.65061,nan,nan,-0.20621,0.10288,nan,nan,nan,nan,1.3494,nan,nan,nan,1.5515,nan,nan,nan,nan,nan,nan,nan,-0.4013,-0.6020399999999999,nan,nan,-0.35026,nan,nan,nan,nan,nan,1.2059,nan,nan,nan,1.2823,nan,nan,nan,nan,nan,nan,nan,nan,nan,nan,nan,nan,nan,nan,nan,nan,nan,nan,-1.1343,nan,nan,nan,nan,nan,nan,nan,nan,nan,nan,nan,nan,-0.79096,-0.93148,nan,nan,-1.3797,nan,nan,nan,nan,-1.0748,nan,nan,nan
1.0,-0.79388,nan,nan,nan,nan,nan,nan,nan,nan,nan,nan,nan,nan,nan,nan,nan,nan,nan,nan,nan,-0.026476999999999997,nan,nan,-0.78467,nan,nan,nan,nan,nan,0.32241,nan,nan,nan,1.47,nan,1.4,1.3606,nan,nan,nan,nan,nan,1.3077,nan,0.6757,nan,nan,nan,nan,nan,nan,-0.57107,nan,nan,nan,nan,nan,nan,-1.4578,nan,nan,-0.9529200000000001,-0.77158,nan,nan,-0.36316,nan,nan,nan,nan,nan,-1.1777,nan,-1.3769999999999998,-1.3596,nan,nan,nan,-0.71607,nan
2.0,-0.66694,nan,nan,nan,nan,0.34946,nan,0.97365,nan,1.3922,1.4171,1.3674,nan,1.4629,nan,nan,nan,nan,nan,0.16139,nan,nan,nan,nan,nan,nan,nan,nan,nan,nan,nan,nan,nan,nan,nan,nan,nan,nan,nan,nan,nan,1.4702,nan,nan,0.72565,0.41421,nan,nan,nan,-0.55787,-0.34575,-0.50565,nan,nan,nan,nan,nan,-1.4998,nan,nan,nan,nan,nan,nan,nan,nan,nan,nan,nan,nan,nan,nan,-1.4157,nan,nan,-1.0924,nan,nan,nan,nan
2.0,-0.8076300000000001,nan,nan,nan,0.089879,nan,nan,0.93671,nan,nan,nan,nan,nan,nan,nan,nan,0.92617,nan,nan,0.080506,nan,nan,nan,nan,nan,nan,-0.20095,0.058375,0.3615,0.65477,0.9677899999999999,nan,nan,nan,1.4899,nan,nan,nan,nan,nan,nan,nan,1.256,nan,nan,nan,nan,nan,-0.5491199999999999,nan,nan,-0.5129,-0.67123,nan,nan,nan,nan,nan,nan,nan,nan,nan,-0.91981,nan,nan,nan,nan,nan,nan,-0.98009,nan,-1.2052,nan,nan,-1.2469,-1.1341,nan,-0.9093700000000001,nan,nan
2.0,-0.72526,nan,nan,nan,nan,nan,nan,nan,nan,nan,nan,nan,nan,nan,nan,1.3986,nan,nan,0.54113,0.2143,nan,nan,nan,nan,nan,-0.54348,nan,nan,nan,nan,nan,nan,1.2895,1.3939,nan,nan,nan,nan,1.3971,nan,nan,1.5036,nan,nan,nan,nan,nan,-0.16591,-0.43423999999999996,nan,nan,nan,-0.60587,nan,nan,nan,nan,nan,nan,nan,nan,nan,-0.80655,nan,nan,-0.49401999999999996,nan,nan,nan,nan,nan,-1.3506,nan,nan,-1.262,-1.1464,nan,-0.8793200000000001,nan,nan
2.0,-0.58648,nan,-0.42700000000000005,nan,nan,0.35481999999999997,nan,0.75943,1.0913,nan,nan,1.2915,nan,nan,nan,nan,nan,nan,nan,nan,nan,nan,nan,nan,nan,nan,nan,nan,nan,nan,nan,nan,nan,1.3831,nan,nan,nan,nan,nan,nan,1.5691,1.5269,nan,nan,nan,nan,nan,nan,nan,nan,-0.47289,nan,nan,-0.83411,nan,-1.2191,nan,nan,nan,-1.3999,nan,nan,nan,nan,nan,-0.5083,nan,nan,nan,nan,nan,-1.3232,nan,nan,nan,nan,nan,nan,nan,nan
2.0,-0.66432,nan,nan,nan,nan,nan,0.48173,nan,nan,nan,nan,nan,nan,1.4413,nan,nan,0.87036,nan,nan,nan,nan,nan,-0.72142,nan,nan,nan,nan,nan,nan,nan,1.1495,nan,1.5092,nan,nan,1.4789,nan,1.3519999999999999,nan,nan,nan,nan,nan,nan,nan,nan,nan,-0.29367,nan,nan,-0.45458999999999994,nan,-0.62166,nan,nan,nan,nan,nan,nan,-1.399,nan,nan,nan,-0.77003,nan,nan,nan,nan,nan,nan,nan,nan,nan,nan,nan,nan,nan,nan,nan,nan
2.0,-0.5542,nan,nan,nan,nan,nan,0.6353,nan,1.1485,1.251,1.33,nan,1.35,nan,nan,nan,nan,nan,nan,-0.12197000000000001,-0.38814,nan,-0.6817,nan,nan,-0.17047,nan,nan,nan,nan,1.1844,nan,nan,nan,nan,nan,nan,nan,1.3773,nan,nan,nan,nan,nan,nan,nan,nan,-0.092419,nan,nan,nan,nan,nan,nan,nan,nan,nan,nan,nan,-1.3069,-1.1925,nan,nan,nan,nan,nan,-0.65049,nan,nan,nan,-1.137,nan,nan,-1.3301,nan,nan,nan,nan,nan,-0.6775100000000001
2.0,-0.67699,nan,nan,-0.16024000000000002,nan,nan,nan,nan,1.2133,nan,nan,1.4386,nan,nan,nan,nan,0.9345,nan,nan,nan,nan,nan,-0.67504,nan,nan,nan,nan,nan,0.45447,nan,nan,nan,nan,1.4881,nan,nan,nan,nan,nan,1.4311,nan,nan,nan,nan,nan,nan,nan,nan,nan,nan,nan,-0.64144,nan,nan,nan,nan,nan,nan,nan,nan,nan,-0.9626399999999999,nan,-0.6903699999999999,nan,nan,nan,nan,-0.95319,-1.0455,-1.1605,nan,nan,nan,nan,nan,nan,nan,-0.8232799999999999,nan
2.0,-0.71118,nan,nan,nan,nan,0.33537,nan,nan,nan,nan,nan,nan,nan,nan,nan,nan,0.9274,0.67583,nan,0.068131,nan,nan,nan,nan,nan,nan,nan,nan,0.24344000000000002,0.5069600000000001,nan,1.0499,nan,nan,nan,1.4441,nan,nan,nan,nan,nan,nan,nan,nan,nan,nan,nan,nan,nan,nan,nan,-0.65386,nan,nan,nan,nan,nan,nan,nan,nan,nan,nan,nan,nan,nan,nan,-0.76859,nan,nan,-1.0876,nan,nan,nan,nan,nan,nan,nan,nan,nan,-0.61255
2.0,-0.91364,nan,nan,nan,nan,nan,0.6174,0.9257799999999999,nan,nan,1.5874,1.5096,nan,nan,nan,1.5212,nan,nan,0.6745399999999999,nan,nan,nan,nan,nan,nan,-0.84921,nan,-0.44386000000000003,nan,nan,nan,nan,nan,nan,nan,nan,1.5334,nan,nan,nan,1.5159,nan,nan,nan,nan,0.26721,nan,nan,nan,nan,nan,nan,nan,-0.70373,nan,nan,nan,nan,nan,-1.2224,nan,nan,nan,nan,nan,nan,nan,-0.6393800000000001,nan,nan,nan,nan,nan,nan,nan,-1.1667,nan,nan,nan,nan
3.0,-0.8044,nan,nan,nan,nan,nan,nan,nan,nan,nan,nan,nan,nan,nan,nan,1.3539,nan,nan,nan,nan,nan,nan,nan,nan,-0.80578,-0.68855,nan,nan,nan,nan,nan,nan,nan,1.3292,nan,nan,1.2496,nan,nan,nan,nan,nan,nan,nan,nan,0.36998000000000003,nan,nan,nan,nan,nan,nan,nan,nan,nan,nan,-1.4701,nan,nan,nan,nan,nan,nan,nan,nan,nan,nan,nan,nan,nan,nan,nan,nan,-1.4172,nan,nan,nan,nan,nan,nan
2.0,-0.9375100000000001,nan,nan,-0.39434,nan,nan,nan,nan,nan,nan,1.3759,nan,1.3852,nan,nan,nan,nan,0.8930299999999999,nan,nan,nan,nan,nan,nan,nan,nan,nan,nan,nan,nan,0.6752100000000001,nan,nan,nan,nan,nan,nan,nan,nan,nan,nan,nan,nan,nan,nan,nan,nan,-0.31416,nan,nan,nan,nan,nan,nan,nan,-0.78115,nan,-1.1506,nan,nan,nan,nan,-1.0486,nan,nan,nan,nan,-0.76903,nan,nan,nan,nan,nan,nan,nan,-1.0555,nan,nan,nan,nan
3.0,-0.80192,nan,nan,nan,nan,0.33027,nan,nan,nan,1.3942,nan,nan,nan,1.5654,nan,nan,nan,nan,nan,nan,nan,nan,nan,nan,nan,-0.51798,nan,0.008174200000000001,nan,nan,0.85275,nan,nan,nan,nan,nan,nan,nan,nan,nan,nan,nan,nan,nan,nan,nan,nan,nan,nan,-0.74938,nan,nan,nan,-0.7020000000000001,nan,-1.1426,nan,nan,nan,nan,nan,nan,nan,nan,nan,nan,nan,nan,nan,nan,nan,nan,nan,nan,-1.2943,-1.1355,nan,nan,nan,nan
2.0,-0.5290600000000001,-0.47083,nan,-0.10375999999999999,nan,nan,0.63807,nan,nan,1.3362,1.3282,nan,1.3237,nan,nan,nan,0.3946,nan,nan,nan,nan,nan,nan,nan,nan,nan,nan,nan,nan,nan,nan,1.5844,1.6735,nan,nan,nan,nan,1.2561,nan,1.4063,nan,1.6,nan,nan,nan,0.41973,nan,nan,nan,nan,nan,nan,nan,nan,nan,nan,nan,-1.3877,nan,nan,nan,nan,nan,-0.7353,nan,nan,nan,nan,nan,-1.0693,nan,nan,-1.3719,nan,nan,nan,nan,nan,nan,nan
2.0,-0.5956899999999999,nan,nan,nan,nan,nan,nan,nan,nan,nan,nan,nan,1.3868,nan,nan,nan,nan,nan,nan,nan,nan,nan,nan,-0.6559699999999999,nan,nan,nan,0.071737,nan,nan,0.89402,nan,nan,1.3207,nan,nan,nan,nan,nan,nan,nan,nan,nan,nan,nan,0.44187,nan,-0.15813,nan,nan,-0.6655,nan,nan,nan,nan,-1.2212,-1.391,nan,nan,nan,nan,nan,-0.77303,nan,-0.49659,nan,nan,nan,nan,nan,nan,nan,nan,nan,nan,nan,nan,-1.0569,nan,nan
2.0,-0.81245,nan,nan,-0.26529,nan,nan,0.71745,nan,nan,nan,nan,nan,nan,nan,nan,nan,nan,nan,nan,nan,nan,nan,nan,nan,-0.7056100000000001,nan,-0.23733,nan,nan,0.66988,nan,nan,nan,nan,nan,nan,nan,nan,nan,nan,nan,nan,nan,nan,nan,nan,nan,nan,nan,nan,nan,nan,nan,nan,nan,nan,nan,nan,-1.4023,nan,-1.0152,nan,nan,-0.54152,-0.37048000000000003,-0.36041999999999996,nan,nan,nan,nan,nan,nan,nan,nan,-1.229,nan,nan,nan,nan,nan
2.0,-0.7174,nan,nan,nan,nan,0.45605,nan,1.0623,1.3106,nan,nan,nan,nan,nan,nan,1.1301,nan,nan,0.34929,nan,nan,-0.49811000000000005,nan,nan,nan,nan,nan,nan,nan,nan,0.67943,nan,nan,nan,nan,1.5635,nan,1.3966,nan,nan,nan,nan,nan,nan,nan,nan,nan,nan,nan,nan,nan,nan,-0.50938,nan,nan,nan,-1.2107,nan,-1.5121,-1.4061,nan,nan,nan,nan,nan,-0.47293,nan,nan,nan,nan,-1.1644,nan,nan,-1.3705,nan,nan,nan,nan,nan,nan
2.0,-0.78154,nan,-0.5695899999999999,nan,nan,nan,nan,nan,nan,nan,nan,nan,nan,1.5819,nan,nan,nan,0.87846,0.56609,nan,-0.084464,nan,nan,-0.73228,-0.72614,nan,nan,nan,nan,0.35864,nan,nan,1.2666,nan,nan,nan,nan,nan,1.3969,nan,nan,nan,nan,0.961,0.61244,0.30835999999999997,nan,nan,nan,nan,nan,nan,-0.56793,nan,nan,-1.1632,nan,nan,-1.4984,nan,nan,nan,nan,nan,-0.30738000000000004,nan,nan,-0.67484,nan,nan,nan,-1.3501,nan,nan,nan,nan,nan,nan,nan,nan
3.0,-0.63861,nan,nan,nan,nan,nan,nan,nan,nan,1.2954,nan,nan,nan,1.3565,nan,nan,nan,nan,nan,nan,nan,nan,nan,nan,nan,nan,nan,nan,nan,0.8823200000000001,1.1818,nan,nan,1.4480000000000002,nan,nan,1.3036,1.3763,nan,nan,nan,nan,nan,nan,nan,0.46166,nan,nan,nan,nan,nan,nan,nan,nan,nan,nan,nan,nan,nan,-1.3639,nan,nan,nan,-0.74559,nan,-0.5545899999999999,nan,-0.73946,-0.9030100000000001,-1.0984,nan,nan,nan,nan,nan,nan,nan,nan,nan,-0.47423000000000004
1.0,-0.70152,nan,-0.42039,-0.17989000000000002,nan,nan,nan,nan,1.2218,nan,nan,nan,nan,nan,nan,nan,nan,nan,nan,nan,nan,nan,-0.69504,nan,nan,nan,nan,0.29855,nan,0.8221200000000001,nan,nan,nan,nan,1.3733,nan,nan,1.3257,nan,nan,nan,nan,nan,nan,0.65601,nan,nan,nan,nan,nan,nan,nan,nan,nan,-1.0688,nan,nan,-1.3232,nan,-1.2072,nan,nan,nan,-0.75861,nan,nan,-0.75855,nan,nan,nan,-1.2256,-1.2919999999999998,nan,-1.2506,nan,-1.0882,nan,nan,nan,nan
2.0,-0.60551,-0.52761,-0.34604,nan,0.21011999999999997,nan,nan,nan,nan,nan,nan,nan,nan,1.2059,nan,0.89418,nan,nan,nan,nan,nan,nan,nan,nan,nan,-0.15771,nan,nan,nan,nan,nan,nan,nan,1.4782,1.375,nan,nan,1.3247,nan,nan,nan,nan,nan,1.0628,nan,nan,nan,nan,nan,nan,nan,nan,nan,nan,-1.0925,nan,nan,nan,-1.3889,-1.2587,nan,nan,nan,-0.84536,nan,nan,-0.75855,nan,-1.0214,nan,nan,-1.2777,nan,nan,nan,nan,-0.97895,nan,nan,nan
1.0,-0.59914,nan,-0.34853,nan,nan,nan,nan,0.8758100000000001,nan,nan,nan,nan,1.3872,nan,nan,nan,0.8164600000000001,nan,nan,nan,nan,nan,-0.61849,nan,nan,nan,nan,0.26191,nan,nan,nan,nan,nan,nan,nan,nan,nan,1.2909,nan,nan,nan,nan,nan,nan,nan,nan,0.10882,-0.11456,nan,nan,nan,nan,-0.9171600000000001,nan,-1.1549,nan,nan,nan,nan,nan,nan,-0.9823,-0.82978,nan,nan,nan,nan,nan,nan,nan,-1.2385,nan,nan,nan,nan,nan,nan,nan,nan,nan
2.0,-0.61903,nan,nan,-0.13397,nan,nan,nan,0.8064399999999999,1.1046,nan,1.2904,nan,nan,nan,nan,nan,nan,nan,nan,-0.21846999999999997,nan,-0.58863,nan,nan,nan,nan,nan,nan,0.72023,nan,1.2082,nan,nan,nan,nan,nan,nan,nan,nan,nan,nan,nan,nan,nan,nan,nan,nan,nan,nan,nan,-0.58152,nan,nan,nan,-1.0594,-1.1692,nan,nan,nan,-1.3664,nan,-1.0626,nan,nan,nan,nan,nan,nan,nan,nan,nan,nan,nan,nan,nan,nan,-0.9947,nan,nan,nan
1.0,-0.61887,nan,nan,nan,nan,nan,0.52444,0.85931,nan,1.3214,1.4809999999999999,nan,nan,nan,nan,nan,nan,nan,0.76522,0.42826000000000003,nan,nan,nan,nan,-0.63948,nan,nan,nan,nan,nan,nan,0.7398899999999999,nan,nan,nan,1.4143,nan,nan,nan,nan,1.3621,nan,nan,nan,nan,nan,nan,nan,nan,nan,nan,nan,nan,-0.7651399999999999,nan,nan,-1.3474,nan,-1.5318,-1.3768,-1.165,nan,nan,nan,nan,nan,nan,nan,nan,nan,nan,nan,-1.357,nan,nan,-1.2581,nan,nan,-0.73052,nan
3.0,-0.63164,nan,nan,nan,nan,0.3028,nan,nan,nan,1.1549,nan,nan,nan,1.2366,nan,nan,nan,0.38645,nan,nan,-0.4286,nan,-0.58905,nan,-0.23999,nan,nan,nan,nan,1.1344,nan,nan,nan,nan,nan,nan,nan,1.2797,nan,nan,1.7223,1.6084,1.2439,nan,nan,nan,nan,nan,nan,nan,-0.55653,nan,nan,nan,-0.96209,nan,-1.1656,nan,nan,nan,nan,nan,nan,nan,-0.81547,nan,-0.83636,nan,-1.0188,nan,nan,nan,nan,nan,nan,nan,nan,nan,nan,nan
1.0,-0.6318600000000001,nan,nan,-0.25432,nan,nan,nan,nan,nan,nan,nan,nan,nan,nan,nan,nan,nan,nan,nan,nan,nan,-0.31838,-0.52408,nan,nan,nan,nan,nan,nan,nan,nan,nan,nan,nan,nan,nan,nan,nan,1.3504,nan,nan,nan,nan,nan,nan,0.40565999999999997,nan,nan,nan,nan,-0.56021,nan,-0.75124,-0.91501,nan,nan,nan,nan,-1.4028,nan,-1.1222,nan,nan,-0.70348,nan,nan,nan,nan,nan,nan,nan,-1.2751,-1.3654,nan,nan,nan,nan,nan,nan,nan
1.0,-0.78078,nan,nan,-0.23638,nan,nan,nan,nan,nan,1.4838,nan,nan,nan,nan,nan,nan,nan,nan,nan,nan,nan,nan,nan,nan,nan,-0.73925,nan,nan,nan,nan,nan,0.87055,nan,1.355,1.3159,nan,nan,nan,1.337,nan,nan,1.4031,nan,nan,nan,nan,nan,nan,nan,nan,nan,-0.33849,nan,nan,nan,-1.1289,nan,nan,nan,nan,-1.2406,nan,nan,nan,nan,nan,nan,nan,nan,nan,-1.2263,nan,nan,nan,nan,-1.1286,nan,nan,nan,nan
3.0,-0.73225,nan,nan,-0.23939000000000002,nan,nan,0.55902,0.87092,nan,nan,1.4341,nan,nan,nan,nan,nan,nan,nan,0.61611,nan,nan,-0.28345,nan,nan,nan,nan,nan,nan,nan,0.3294,0.62243,nan,nan,1.4359,nan,nan,nan,nan,nan,1.4603,nan,nan,nan,nan,nan,nan,nan,nan,nan,-0.6500100000000001,nan,nan,nan,nan,nan,nan,nan,nan,nan,nan,nan,nan,nan,-0.78309,nan,-0.57597,-0.62744,nan,nan,-1.0578,nan,nan,nan,nan,-1.1927,nan,nan,nan,nan,-0.44203000000000003
2.0,-0.53373,nan,nan,nan,nan,nan,nan,0.89745,nan,1.2584,nan,nan,nan,nan,nan,1.0382,0.8466299999999999,nan,nan,nan,nan,-0.3765,nan,-0.5296,nan,nan,nan,nan,nan,0.8287899999999999,1.1227,nan,nan,nan,nan,1.4069,nan,1.2429999999999999,nan,1.4018,nan,nan,nan,1.04,nan,nan,0.14627,nan,nan,nan,nan,-0.61522,-0.7198,-0.82434,-0.9522200000000001,nan,nan,nan,nan,nan,nan,nan,nan,nan,nan,nan,nan,nan,nan,-1.1705,nan,-1.2799,nan,nan,nan,nan,nan,nan,nan,nan
2.0,-0.65754,nan,nan,nan,0.06827799999999999,nan,nan,nan,1.3068,nan,nan,nan,nan,nan,nan,nan,1.1279,nan,nan,0.28286,nan,nan,nan,nan,nan,nan,nan,nan,nan,nan,nan,nan,nan,nan,nan,nan,nan,nan,nan,1.3940000000000001,nan,nan,1.3604,nan,nan,nan,nan,nan,nan,-0.6020399999999999,-0.5960300000000001,nan,nan,nan,nan,nan,nan,-1.4662,nan,nan,nan,nan,nan,-0.62892,nan,nan,nan,nan,nan,nan,nan,nan,nan,nan,nan,nan,nan,-0.58502,nan,-0.4724
2.0,-0.66735,-0.55681,nan,nan,nan,0.44923,nan,0.90456,nan,nan,nan,nan,nan,nan,nan,1.0352,0.81628,nan,nan,0.0089506,nan,-0.51505,nan,nan,nan,nan,nan,0.12767,0.39209,nan,0.9781700000000001,1.2868,nan,nan,1.3385,nan,nan,nan,1.4716,nan,nan,nan,nan,nan,nan,nan,nan,nan,nan,nan,nan,nan,nan,nan,nan,nan,nan,nan,-1.3615,-1.3044,-1.2059,nan,nan,nan,nan,nan,nan,nan,nan,nan,nan,nan,nan,nan,-1.307,nan,nan,-0.91686,nan,nan
2.0,-0.62152,nan,nan,nan,nan,nan,0.6190399999999999,0.8482700000000001,nan,nan,nan,nan,nan,1.3145,nan,nan,nan,nan,nan,nan,nan,nan,nan,nan,nan,nan,nan,nan,nan,nan,nan,1.4485,nan,nan,nan,nan,nan,nan,nan,1.4543,nan,1.5312,nan,nan,nan,nan,nan,-0.13726,nan,nan,-0.62664,-0.7351300000000001,nan,nan,nan,nan,nan,-1.3638,-1.4034,-1.3044,nan,nan,nan,nan,-0.6594899999999999,nan,nan,nan,-0.92217,nan,nan,-1.3605,nan,nan,-1.3134,nan,nan,nan,nan,nan
1.0,-0.92396,nan,nan,nan,nan,nan,nan,1.0937,1.3684,nan,1.3980000000000001,nan,1.4861,nan,nan,nan,0.86949,nan,nan,nan,nan,nan,nan,nan,nan,-0.8309700000000001,-0.58814,nan,nan,nan,nan,nan,nan,nan,nan,nan,1.4513,nan,nan,nan,1.6704,nan,nan,nan,nan,nan,nan,nan,nan,nan,-0.19375,nan,nan,nan,-0.88833,nan,nan,-1.392,-1.4463,-1.2883,nan,nan,nan,-0.5099600000000001,nan,nan,nan,-0.64494,nan,-1.077,nan,nan,-1.3037,nan,nan,nan,nan,nan,nan,nan
2.0,-0.6540600000000001,-0.72087,nan,nan,nan,0.33094,nan,nan,nan,nan,nan,nan,nan,nan,nan,nan,nan,nan,nan,nan,nan,-0.62343,nan,nan,nan,-0.41198,nan,0.10797000000000001,nan,nan,nan,nan,nan,1.5517,1.3662,nan,nan,1.3081,nan,nan,nan,nan,nan,nan,nan,nan,nan,nan,nan,nan,nan,nan,nan,nan,-0.98174,nan,nan,nan,-1.446,nan,nan,-0.9426200000000001,-0.74053,nan,nan,nan,-0.5868399999999999,nan,nan,nan,nan,nan,-1.389,nan,-1.2906,-1.1393,nan,nan,nan,-0.50525
2.0,-0.71082,nan,nan,nan,nan,0.34171,nan,nan,nan,nan,nan,nan,nan,nan,nan,nan,nan,nan,nan,-0.39191,-0.63385,nan,-0.74055,nan,nan,nan,nan,0.50802,0.8237899999999999,nan,nan,nan,nan,1.4011,nan,nan,1.0722,nan,nan,nan,nan,1.6392,nan,nan,0.73937,nan,nan,-0.18746,-0.42632,nan,-0.34912,nan,nan,nan,nan,-1.1871,nan,nan,nan,-1.3504,-1.1815,nan,nan,nan,nan,nan,nan,-0.6776,nan,nan,nan,-1.3063,nan,nan,nan,-1.2055,nan,nan,-0.7147399999999999,nan
2.0,-0.77553,nan,nan,nan,nan,nan,0.61668,nan,nan,1.4886,nan,nan,nan,nan,nan,1.4554,1.1837,nan,nan,nan,-0.0012614,nan,nan,nan,nan,nan,nan,-0.31308,nan,nan,nan,0.8293,nan,nan,nan,nan,nan,nan,nan,1.393,nan,nan,1.3606,nan,nan,nan,nan,-0.22266,nan,nan,nan,nan,-0.51636,-0.64647,nan,nan,nan,nan,nan,nan,nan,nan,nan,-0.71322,nan,nan,nan,nan,nan,nan,nan,nan,nan,nan,nan,nan,nan,nan,nan,nan
2.0,-0.75653,-0.70873,nan,nan,-0.025976999999999997,nan,nan,nan,nan,nan,nan,nan,nan,1.4778,nan,nan,nan,nan,0.50284,nan,-0.10839000000000001,nan,-0.67211,nan,nan,nan,nan,-0.20528000000000002,0.071378,0.34823000000000004,nan,nan,nan,nan,nan,nan,nan,nan,nan,1.4665,nan,nan,nan,nan,nan,nan,nan,nan,-0.45178,nan,nan,nan,-0.61329,nan,nan,nan,nan,nan,nan,-1.2402,nan,nan,-0.76512,-0.61762,nan,nan,-0.49436,nan,nan,nan,nan,nan,nan,nan,nan,nan,nan,nan,-0.65654,nan
2.0,-0.87739,nan,nan,nan,nan,nan,nan,0.9426700000000001,nan,1.5166,nan,1.4381,nan,nan,nan,nan,nan,nan,nan,nan,nan,nan,nan,nan,-0.8968299999999999,nan,nan,nan,nan,nan,nan,nan,1.1081,nan,nan,nan,1.4280000000000002,nan,nan,nan,nan,nan,nan,nan,nan,nan,nan,nan,-0.54693,nan,nan,nan,nan,nan,nan,nan,nan,nan,nan,nan,nan,-0.9132600000000001,nan,nan,nan,-0.45113000000000003,-0.58581,nan,nan,nan,-1.1896,nan,nan,nan,nan,-1.0127,nan,nan,nan,nan
2.0,-0.69434,nan,nan,-0.32750999999999997,nan,nan,nan,nan,nan,nan,1.4173,nan,nan,1.4632,nan,nan,nan,nan,nan,nan,nan,nan,nan,nan,nan,nan,nan,nan,nan,0.74424,nan,nan,nan,nan,nan,1.4321,nan,nan,nan,nan,nan,nan,nan,nan,nan,nan,nan,nan,nan,nan,nan,nan,nan,nan,nan,-1.0658,nan,nan,nan,nan,nan,-1.0277,nan,-0.67679,nan,nan,nan,-0.8444299999999999,nan,nan,nan,nan,nan,-1.2533,nan,nan,nan,nan,nan,nan
2.0,-0.64946,nan,nan,nan,nan,nan,nan,nan,nan,nan,nan,nan,nan,1.4551,nan,nan,nan,nan,nan,nan,nan,nan,nan,nan,nan,-0.40478000000000003,nan,nan,nan,0.65561,nan,1.2741,nan,nan,nan,nan,nan,1.2553,nan,1.2911,nan,1.4109,nan,1.0876,nan,nan,0.12696,nan,-0.36474,nan,-0.5834,nan,-0.80156,-0.8915,nan,-1.1596,-1.3061,nan,-1.4734,-1.3559,nan,nan,nan,nan,-0.57852,nan,-0.58597,nan,nan,nan,nan,nan,-1.3269,nan,nan,-1.2476,-1.1112,-0.9616,nan,nan
2.0,-0.71043,nan,-0.48673,nan,nan,nan,nan,nan,nan,nan,1.3723,nan,nan,1.4580000000000002,nan,nan,nan,nan,nan,nan,nan,nan,nan,nan,nan,-0.42302,-0.16307,nan,0.38461,nan,0.9158700000000001,nan,nan,nan,nan,nan,nan,nan,nan,nan,nan,nan,nan,nan,nan,nan,nan,nan,-0.42263999999999996,nan,nan,-0.57614,-0.76468,nan,nan,nan,nan,nan,nan,nan,nan,nan,nan,nan,-0.55128,nan,nan,nan,nan,nan,nan,nan,nan,nan,-1.1125,nan,nan,-0.67508,nan,-0.41538
2.0,-0.84557,nan,-0.6363800000000001,nan,nan,nan,0.52842,nan,1.1494,nan,1.5322,nan,nan,nan,1.5402,nan,nan,nan,nan,0.26349,nan,nan,nan,nan,nan,nan,-0.43499,nan,nan,nan,0.70106,nan,nan,nan,nan,nan,nan,nan,1.4347,nan,nan,1.351,nan,nan,0.56035,0.2294,nan,nan,-0.59421,nan,nan,nan,-0.49835,-0.70948,nan,nan,nan,nan,nan,nan,-1.1956,nan,nan,nan,nan,-0.34598,nan,nan,nan,nan,nan,nan,nan,nan,nan,nan,nan,nan,nan,nan
2.0,-0.54461,nan,nan,nan,0.11602,0.376,nan,nan,nan,nan,nan,nan,nan,nan,nan,1.1296,nan,0.58404,nan,0.096386,-0.1738,nan,nan,nan,nan,nan,nan,nan,0.43278999999999995,nan,nan,nan,nan,nan,1.3389,nan,nan,nan,1.4011,nan,nan,1.53,nan,nan,0.80211,nan,nan,nan,nan,nan,nan,nan,-0.8457399999999999,nan,nan,-1.286,nan,nan,nan,nan,nan,-0.99485,-0.81705,nan,nan,nan,-0.8055100000000001,nan,nan,nan,nan,nan,nan,nan,nan,nan,nan,-0.8551700000000001,nan,nan
1.0,-0.7398399999999999,nan,nan,nan,0.029798,nan,nan,1.0152,nan,nan,nan,nan,nan,nan,nan,nan,nan,nan,nan,nan,-0.28820999999999997,nan,nan,nan,nan,nan,nan,nan,nan,0.82571,nan,nan,nan,nan,1.2637,nan,nan,nan,nan,nan,nan,nan,nan,nan,0.64686,nan,0.049009,nan,nan,nan,nan,nan,nan,-0.78787,nan,nan,-1.3424,nan,nan,nan,nan,nan,nan,nan,nan,nan,nan,-0.73707,nan,-1.1248,nan,nan,nan,nan,nan,nan,nan,nan,nan,nan
2.0,-0.69838,-0.71935,nan,-0.26371999999999995,nan,nan,nan,0.79664,nan,nan,1.4619,nan,nan,nan,nan,1.2161,nan,0.66696,nan,0.21106999999999998,nan,nan,nan,nan,-0.6915,-0.48672,nan,nan,nan,nan,nan,nan,nan,nan,1.4634,nan,nan,nan,nan,1.5017,1.4646,nan,nan,0.99075,nan,nan,0.13397,-0.14606,nan,nan,nan,nan,nan,-0.8709399999999999,nan,nan,nan,-1.3082,nan,nan,-1.0797,nan,nan,nan,nan,nan,nan,nan,nan,nan,nan,-1.1979,nan,nan,nan,-1.1141,-1.004,nan,nan,nan
2.0,-0.7801,nan,nan,nan,-0.16174000000000002,nan,0.50212,nan,nan,nan,1.415,1.3602,nan,nan,nan,1.3708,1.0893,nan,nan,0.17752,-0.14290999999999998,-0.4712,nan,-0.77658,nan,nan,nan,nan,nan,nan,nan,nan,nan,nan,nan,nan,1.4116,1.2736,nan,nan,nan,nan,nan,nan,0.65165,nan,nan,nan,-0.5125,-0.6893,nan,nan,nan,nan,nan,nan,nan,nan,nan,nan,nan,nan,nan,-0.44693,nan,-0.20768000000000003,nan,nan,nan,-1.015,-1.2285,nan,nan,nan,nan,nan,nan,nan,nan,nan
2.0,-0.62163,-0.59359,-0.38653000000000004,nan,nan,0.39528,nan,0.8502299999999999,1.1112,nan,nan,nan,nan,1.2844,1.1814,nan,0.70945,nan,nan,-0.08040900000000001,-0.36159,nan,nan,nan,nan,nan,0.015338,nan,nan,nan,nan,nan,nan,nan,1.4783,1.5254,1.4277,nan,nan,nan,nan,nan,nan,nan,nan,nan,nan,nan,nan,nan,nan,nan,nan,nan,-0.9483600000000001,-1.0467,nan,-1.325,nan,-1.3098,-1.2753,nan,-1.031,nan,nan,nan,nan,nan,nan,-1.0737,nan,nan,nan,nan,nan,-1.1117,nan,nan,nan,nan
1.0,-0.60452,nan,nan,nan,0.044045999999999995,nan,0.66032,nan,nan,1.4243,nan,nan,nan,nan,nan,1.2237,nan,nan,nan,nan,nan,nan,nan,nan,-0.63584,nan,nan,nan,nan,0.408,nan,nan,nan,nan,nan,1.4602,nan,nan,nan,nan,nan,nan,nan,nan,nan,nan,nan,nan,nan,nan,nan,nan,nan,nan,nan,-1.1041,-1.206,nan,nan,nan,-1.2042,nan,-0.9254100000000001,nan,-0.65228,-0.62975,nan,nan,nan,nan,-1.1169,-1.2116,nan,nan,nan,nan,-1.0624,nan,nan,nan
2.0,-0.78235,-0.74508,nan,nan,nan,nan,0.68789,nan,nan,1.3045,nan,nan,nan,nan,nan,1.0714,nan,nan,0.13658,nan,nan,nan,-0.7378100000000001,nan,nan,nan,nan,nan,0.52579,nan,nan,nan,nan,nan,1.4002,nan,1.1966,nan,1.311,1.4836,nan,nan,1.2368,nan,nan,nan,0.0097063,nan,-0.49841,-0.65603,nan,nan,nan,nan,nan,nan,-1.3744,-1.5190000000000001,nan,-1.3581,nan,nan,nan,-0.62737,nan,nan,nan,nan,nan,nan,nan,nan,nan,nan,-1.3249,nan,nan,-0.82839,nan,nan
2.0,-0.74154,-0.69253,nan,-0.24636999999999998,nan,nan,0.6759999999999999,nan,nan,nan,nan,1.4066,nan,nan,nan,1.2482,nan,0.6047100000000001,0.34686999999999996,nan,nan,nan,-0.75505,nan,nan,nan,nan,0.059434,nan,nan,0.90028,nan,nan,nan,1.4722,nan,1.3962,nan,nan,nan,nan,1.4708,nan,nan,nan,nan,0.12358,nan,nan,nan,nan,nan,nan,nan,nan,-1.2495,nan,-1.3539,nan,nan,nan,nan,nan,nan,nan,nan,nan,nan,nan,nan,nan,-1.214,nan,-1.3459999999999999,nan,nan,nan,-0.8895700000000001,nan,nan
2.0,-0.74331,-0.62816,nan,nan,nan,0.35009,nan,nan,nan,nan,nan,nan,nan,nan,1.5176,nan,1.0728,nan,nan,nan,-0.16208,-0.40931999999999996,nan,nan,nan,-0.48113,nan,nan,nan,nan,nan,nan,nan,nan,nan,nan,nan,nan,nan,1.4395,nan,nan,nan,nan,nan,nan,nan,-0.23301,nan,nan,nan,nan,nan,nan,nan,nan,nan,nan,nan,nan,nan,-0.95047,nan,nan,nan,-0.58016,nan,-0.76917,nan,nan,-1.1126,nan,nan,nan,nan,nan,-1.0358,nan,nan,nan
2.0,-0.58386,nan,nan,-0.032357,nan,0.36622,nan,0.8476799999999999,nan,nan,nan,nan,nan,nan,nan,nan,nan,nan,nan,nan,nan,nan,nan,nan,nan,nan,nan,nan,0.71972,nan,1.2835,nan,1.4351,nan,nan,nan,nan,nan,1.3652,1.5306,nan,1.5519,nan,nan,nan,0.4283,nan,nan,nan,nan,nan,nan,-0.81014,nan,nan,nan,-1.2967,nan,nan,nan,nan,nan,nan,nan,nan,nan,nan,-0.9791,nan,nan,-1.2081,nan,nan,nan,nan,nan,nan,nan,nan,nan
3.0,-0.39354,nan,nan,nan,nan,nan,nan,nan,1.1802,1.3964,1.4603,1.3854,nan,1.46,nan,nan,nan,nan,nan,nan,nan,nan,nan,nan,nan,nan,-0.133,nan,nan,nan,nan,0.95015,nan,nan,nan,nan,nan,nan,nan,nan,nan,1.3817,nan,nan,nan,nan,nan,nan,nan,nan,nan,nan,nan,nan,nan,nan,nan,nan,nan,nan,-1.1024,nan,nan,nan,nan,nan,-1.1024,-1.1024,-1.1024,nan,nan,nan,nan,nan,nan,nan,-1.1024,nan,nan,-1.1024
3.0,-0.45083,nan,nan,nan,nan,nan,nan,nan,nan,nan,nan,nan,nan,nan,1.5031,nan,nan,nan,nan,nan,nan,nan,nan,-0.43385,-0.45216000000000006,nan,nan,-0.020779,nan,nan,nan,nan,nan,nan,nan,nan,nan,nan,1.381,nan,1.3702,nan,nan,nan,nan,nan,nan,nan,-0.20714000000000002,-0.39064,nan,nan,nan,nan,nan,nan,nan,nan,nan,-1.0816,nan,-1.0816,nan,nan,nan,nan,nan,nan,-1.0816,nan,nan,nan,nan,nan,nan,nan,nan,nan,-1.0816,-1.0816
3.0,-0.36303,nan,nan,nan,nan,0.4395,nan,nan,nan,nan,nan,nan,nan,nan,nan,nan,nan,nan,nan,nan,nan,nan,nan,nan,nan,nan,nan,nan,nan,nan,nan,1.0484,nan,nan,nan,nan,nan,nan,nan,nan,nan,nan,nan,1.0057,0.75321,nan,nan,nan,nan,nan,nan,nan,nan,nan,nan,nan,nan,nan,nan,nan,nan,nan,nan,-1.092,-1.092,nan,nan,-1.092,nan,nan,nan,nan,nan,nan,nan,nan,nan,nan,nan,nan
3.0,-0.46088999999999997,nan,nan,-0.005853499999999999,nan,nan,nan,nan,1.1376,nan,nan,nan,nan,1.4837,nan,nan,1.1291,nan,0.72149,0.44732,nan,nan,-0.30594,nan,-0.48578000000000005,-0.43032,nan,nan,nan,nan,0.58945,nan,nan,1.3057,nan,1.3754,nan,1.4333,nan,1.402,nan,nan,nan,nan,nan,nan,nan,-0.018936,-0.21361999999999998,nan,nan,nan,nan,nan,nan,nan,nan,-1.0716,nan,nan,-1.0716,nan,nan,-1.0716,nan,nan,nan,nan,nan,nan,nan,nan,-1.0716,nan,nan,nan,nan,-1.0716,nan,nan
3.0,-0.52437,nan,nan,nan,nan,nan,nan,nan,nan,nan,nan,nan,nan,nan,nan,1.2948,1.1122,nan,nan,nan,nan,nan,nan,nan,-0.56111,nan,-0.26697,nan,nan,nan,nan,nan,nan,nan,nan,nan,nan,nan,nan,nan,nan,1.3157,nan,nan,0.74302,nan,nan,nan,nan,nan,nan,nan,nan,nan,nan,-1.0607,nan,-1.0607,-1.0607,nan,nan,nan,nan,nan,nan,nan,nan,-1.0607,nan,nan,-1.0607,nan,nan,nan,-1.0607,nan,nan,nan,-1.0607,nan
3.0,-0.42598,nan,nan,nan,nan,nan,nan,0.9323100000000001,nan,1.344,nan,nan,nan,nan,nan,nan,nan,nan,nan,nan,nan,-0.10205,nan,-0.42921000000000004,-0.40878000000000003,nan,nan,0.094485,0.33557,nan,nan,nan,nan,nan,nan,nan,nan,nan,nan,nan,nan,nan,nan,nan,nan,0.49585,nan,nan,nan,nan,nan,nan,-1.0954,nan,nan,-1.0954,nan,nan,nan,nan,nan,nan,nan,nan,-1.0954,-1.0954,nan,nan,-1.0954,nan,nan,nan,nan,nan,nan,nan,nan,nan,nan,-1.0954
